event_date,source,medium,campaign_id,campaign,device_category,sessions,page_views,item_views,add_to_carts,checkouts,leads,purchases,purchase_revenue
2025-01-27,google,cpc,CMP-000049,Enterprise ABM US 2024,desktop,0,1,0,0,0,0,0,0.0
2025-01-09,tiktok,paid_social,CMP-000033,COMPETITOR SEARCH NA 2025,mobile,0,1,0,0,0,0,0,0.0
2025-01-13,newsletter,email,CMP-000082,RETARGETING NA 2024,mobile,0,1,0,0,0,0,0,0.0
2025-01-08,tiktok,paid_social,CMP-000040, Holiday Promo Global 2025  ,desktop,0,0,0,0,1,0,0,0.0
2025-01-16,google,cpc,CMP-000080,Retargeting Global Q4,mobile,0,0,0,0,0,1,0,0.0
2025-01-29,facebook,paid_social,,Enterprise ABM APAC 2024,mobile,0,1,0,0,0,0,0,0.0
2025-01-30,google,cpc,,Regional Expansion APAC Q4,mobile,0,1,0,0,0,0,0,0.0
2025-01-04,facebook,paid_social,CMP-000057,Cart Recovery US 2024,mobile,0,1,0,0,0,0,0,0.0
2025-01-20,facebook,paid_social,,brand_search_emea_q4,desktop,0,1,0,0,0,0,0,0.0
2025-01-19,google,cpc,,Creator Spark APAC FY25,tablet,1,0,0,0,0,0,0,0.0
2025-01-04,partner,referral,CMP-000079, Competitor Search EMEA FY25  ,mobile,0,0,1,0,0,0,0,0.0
2025-01-30,newsletter,email,CMP-000004, Creator Spark US 2025  ,tablet,0,0,0,0,0,1,0,0.0
2025-01-05,tiktok,paid_social,CMP-000014,Retargeting US Q4,desktop,1,0,0,0,0,0,0,0.0
2025-01-23,tiktok,paid_social,CMP-000052,LIFECYCLE WINBACK US 2025,tablet,1,0,0,0,0,0,0,0.0
2025-01-10,google,cpc,CMP-000028,lifecycle_winback_emea_fy25,desktop,0,1,0,0,0,0,0,0.0
2025-01-10,google,cpc,CMP-000081,Enterprise ABM Global 2024,mobile,0,0,0,0,1,0,0,0.0
2025-01-29,(direct),(none),CMP-000040,holiday_promo_emea_2024,desktop,0,0,1,0,0,0,0,0.0
2025-01-02,google,cpc,CMP-000046,HOLIDAY PROMO NA FY25,desktop,0,1,0,0,0,0,0,0.0
2025-01-06,partner,referral,CMP-000016,Creator Spark US 2025,mobile,1,0,0,0,0,0,0,0.0
2025-01-31,google,cpc,CMP-000040, Competitor Search US 2024  ,mobile,0,1,0,0,0,0,0,0.0
2025-01-13,google,cpc,CMP-000074,HOLIDAY PROMO GLOBAL 2024,tablet,0,1,0,0,0,0,0,0.0
2025-01-19,google,cpc,CMP-000033,COMPETITOR SEARCH GLOBAL FY25,mobile,0,1,0,0,0,0,0,0.0
2025-01-02,google,cpc,CMP-000045,brand_search_na_fy25,desktop,0,0,1,0,0,0,0,0.0
2025-01-06,facebook,paid_social,CMP-000010,Holiday Promotion NA FY25,desktop,0,1,0,0,0,0,0,0.0
2025-01-04,google,cpc,CMP-000002,Competitor SEM US 2025,mobile,0,0,1,0,0,0,0,0.0
2025-01-20,google,cpc,CMP-000037,Holiday Promo APAC FY25,desktop,0,1,0,0,0,0,0,0.0
2025-01-11,facebook,paid_social,CMP-000046,Enterprise ABM APAC Q4,desktop,0,0,1,0,0,0,0,0.0
2025-01-02,(direct),(none),CMP-000043,lifecycle_winback_na_2025,desktop,1,0,0,0,0,0,0,0.0
2025-01-29,(direct),(none),CMP-000022, Creator Spark EMEA 2024  ,desktop,0,0,0,1,0,0,0,0.0
2025-01-19,tiktok,paid_social,CMP-000010,Holiday Promo APAC 2025,desktop,0,1,0,0,0,0,0,0.0
2025-01-28,tiktok,paid_social,CMP-000050,PRODUCT LAUNCH EMEA 2025,mobile,0,1,0,0,0,0,0,0.0
2025-01-29,tiktok,paid_social,CMP-000054,Lifecycle Winback NA 2024,desktop,0,0,0,1,0,0,0,0.0
2025-01-19,(direct),(none),CMP-000040,holiday_promo_na_fy25,desktop,1,0,0,0,0,0,0,0.0
2025-01-31,newsletter,email,,Creator Spark APAC 2025,mobile,0,0,0,1,0,0,0,0.0
2025-01-22,newsletter,email,CMP-000050,Retargeting EMEA 2024,mobile,1,0,0,0,0,0,0,0.0
2025-01-02,(direct),(none),CMP-000061,cart_recovery_apac_fy25,desktop,0,0,0,0,0,1,0,0.0
2025-01-21,facebook,paid_social,CMP-000063, Product Launch APAC 2024  ,desktop,1,0,0,0,0,0,0,0.0
2025-01-23,tiktok,paid_social,CMP-000023,Product Launch Global Q4,mobile,1,0,0,0,0,0,0,0.0
2025-01-27,facebook,paid_social,CMP-000074,Competitor SEM Global 2024,mobile,0,0,0,1,0,0,0,0.0
2025-01-27,google,cpc,CMP-000063, Creator Spark APAC Q4  ,desktop,0,0,0,0,1,0,0,0.0
2025-01-13,facebook,paid_social,, Lifecycle Winback US FY25  ,mobile,0,0,1,0,0,0,0,0.0
2025-01-17,google,cpc,, Competitor Search Global 2024  ,mobile,0,1,0,0,0,0,0,0.0
2025-01-16,google,cpc,CMP-000055,Creator Spark US FY25,mobile,0,0,1,0,0,0,0,0.0
2025-01-19,google,cpc,CMP-000067,Product Launch Global Q4,mobile,0,0,1,0,0,0,0,0.0
2025-01-12,tiktok,paid_social,CMP-000027,CREATOR SPARK NA 2025,desktop,0,1,0,0,0,0,0,0.0
2025-01-30,google,cpc,CMP-000062, Retargeting APAC 2024  ,tablet,0,1,0,0,0,0,0,0.0
2025-01-24,google,cpc,CMP-000017,COMPETITOR SEARCH EMEA 2025,mobile,0,1,0,0,0,0,0,0.0
2025-01-14,tiktok,paid_social,CMP-000039,product_launch_us_2024,desktop,0,0,1,0,0,0,0,0.0
2025-01-04,newsletter,email,CMP-000045,REGIONAL EXPANSION GLOBAL FY25,mobile,0,1,0,0,0,0,0,0.0
2025-01-06,google,cpc,,ENTERPRISE ABM GLOBAL 2025,mobile,0,1,0,0,0,0,0,0.0
2025-01-12,partner,referral,CMP-000069, Retargeting US 2024  ,mobile,0,1,0,0,0,0,0,0.0
2025-01-22,newsletter,email,CMP-000028,Retargeting APAC 2025,desktop,0,0,1,0,0,0,0,0.0
2025-01-16,google,cpc,CMP-000056,PRODUCT LAUNCH EMEA 2024,mobile,0,1,0,0,0,0,0,0.0
2025-01-22,facebook,paid_social,CMP-000019,Holiday Promotion APAC FY25,mobile,1,0,0,0,0,0,0,0.0
2025-01-04,google,cpc,CMP-000028,CREATOR SPARK US 2025,mobile,1,0,0,0,0,0,0,0.0
2025-01-05,google,cpc,CMP-000065,Cart Recovery Global Q4,mobile,0,1,0,0,0,0,0,0.0
2025-01-05,tiktok,paid_social,CMP-000019, Competitor Search Global FY25  ,tablet,0,0,0,0,0,0,1,695.63
2025-01-14,(direct),(none),CMP-000063,Holiday Promo NA 2025,mobile,0,1,0,0,0,0,0,0.0
2025-01-16,google,cpc,CMP-000011,RETARGETING EMEA 2025,mobile,1,0,0,0,0,0,0,0.0
2025-01-25,tiktok,paid_social,CMP-000082,COMPETITOR SEARCH EMEA 2024,mobile,0,0,1,0,0,0,0,0.0
2025-01-16,facebook,paid_social,CMP-000040,CREATOR SPARK US 2024,mobile,0,0,0,0,0,1,0,0.0
2025-01-13,facebook,paid_social,CMP-000017,CREATOR SPARK US 2024,mobile,0,1,0,0,0,0,0,0.0
2025-01-02,facebook,paid_social,CMP-000011,Creator Spark Global 2024,mobile,0,0,1,0,0,0,0,0.0
2025-01-09,tiktok,paid_social,CMP-000073,Competitor Search Global FY25,tablet,1,0,0,0,0,0,0,0.0
2025-01-10,google,cpc,,Regional Expansion US 2024,mobile,0,1,0,0,0,0,0,0.0
2025-01-16,google,cpc,CMP-000004,PRODUCT LAUNCH APAC FY25,desktop,0,1,0,0,0,0,0,0.0
2025-01-16,facebook,paid_social,CMP-000079,Creator Spark Global 2024,desktop,0,1,0,0,0,0,0,0.0
2025-01-25,(direct),(none),CMP-000015,Enterprise ABM EMEA 2025,mobile,0,0,0,0,0,0,1,1218.31
2025-01-14,(direct),(none),CMP-000027,CREATOR SPARK EMEA FY25,desktop,0,1,0,0,0,0,0,0.0
2025-01-21,(direct),(none),CMP-000041,Holiday Promo EMEA FY25,mobile,0,0,1,0,0,0,0,0.0
2025-01-11,tiktok,paid_social,CMP-000024, Enterprise ABM US Q4  ,mobile,0,0,0,0,0,0,1,621.77
2025-01-07,facebook,paid_social,CMP-000016,brand_search_na_2024,desktop,1,0,0,0,0,0,0,0.0
2025-01-29,facebook,paid_social,CMP-000029,REGIONAL EXPANSION US FY25,desktop,0,0,0,0,1,0,0,0.0
2025-01-10,tiktok,paid_social,CMP-000005,Retargeting Global Q4,mobile,0,0,0,0,0,0,1,956.97
2025-01-20,newsletter,email,CMP-000035,Holiday Promotion US 2024,mobile,0,1,0,0,0,0,0,0.0
2025-01-25,google,cpc,CMP-000027,Enterprise ABM NA Q4,mobile,0,0,0,0,0,0,1,672.27
2025-01-11,google,cpc,CMP-000006,PRODUCT LAUNCH APAC FY25,mobile,0,0,1,0,0,0,0,0.0
2025-01-22,google,cpc,CMP-000068,cart_recovery_na_2025,mobile,0,1,0,0,0,0,0,0.0
2025-01-04,partner,referral,CMP-000032,Retargeting APAC Q4,desktop,0,1,0,0,0,0,0,0.0
2025-01-09,newsletter,email,CMP-000043, Competitor Search US 2024  ,tablet,0,1,0,0,0,0,0,0.0
2025-01-08,google,cpc,CMP-000067,Enterprise ABM EMEA FY25,tablet,0,0,1,0,0,0,0,0.0
2025-01-08,google,cpc,CMP-000077,regional_expansion_us_fy25,desktop,1,0,0,0,0,0,0,0.0
2025-01-19,tiktok,paid_social,CMP-000063,cart_recovery_na_2024,mobile,0,0,1,0,0,0,0,0.0
2025-01-25,google,cpc,CMP-000012,ENTERPRISE ABM GLOBAL 2024,desktop,1,0,0,0,0,0,0,0.0
2025-01-13,google,cpc,CMP-000001,ENTERPRISE ABM EMEA Q4,tablet,0,0,0,0,0,1,0,0.0
2025-01-22,tiktok,paid_social,CMP-000011,CREATOR SPARK NA FY25,mobile,0,0,0,0,0,1,0,0.0
2025-01-17,facebook,paid_social,CMP-000020,Cart Recovery EMEA 2024,desktop,0,0,1,0,0,0,0,0.0
2025-01-30,google,cpc,CMP-000059,Lifecycle Winback APAC FY25,mobile,0,0,0,0,0,1,0,0.0
2025-01-11,facebook,paid_social,,Holiday Promo NA FY25,mobile,0,0,0,0,1,0,0,0.0
2025-01-15,tiktok,paid_social,CMP-000021,product_launch_emea_fy25,mobile,0,0,0,1,0,0,0,0.0
2025-01-04,tiktok,paid_social,CMP-000045,Retargeting Global Q4,desktop,0,0,0,0,0,1,0,0.0
2025-01-23,newsletter,email,CMP-000012,Retargeting US FY25,tablet,0,0,0,0,0,0,1,398.79
2025-01-31,tiktok,paid_social,CMP-000029,Brand SEM Global 2024,mobile,0,1,0,0,0,0,0,0.0
2025-01-24,partner,referral,CMP-000043,enterprise_abm_apac_q4,mobile,0,0,0,0,0,1,0,0.0
2025-01-03,facebook,paid_social,CMP-000024,Brand SEM US FY25,desktop,0,0,0,0,0,0,1,1290.31
2025-01-27,facebook,paid_social,CMP-000066, Holiday Promo US FY25  ,mobile,0,0,0,0,1,0,0,0.0
2025-01-01,facebook,paid_social,CMP-000045, Brand Search Global Q4  ,desktop,1,0,0,0,0,0,0,0.0
2025-01-23,tiktok,paid_social,CMP-000066,enterprise_abm_emea_2025,desktop,0,0,0,0,1,0,0,0.0
2025-01-08,newsletter,email,CMP-000049,Retargeting APAC 2024,tablet,0,1,0,0,0,0,0,0.0
2025-01-10,tiktok,paid_social,CMP-000078, Retargeting Global 2024  ,mobile,0,0,0,0,1,0,0,0.0
2025-01-31,(direct),(none),,Product Launch EMEA FY25,desktop,0,1,0,0,0,0,0,0.0
2025-01-06,google,cpc,CMP-000015,Holiday Promotion US Q4,desktop,0,1,0,0,0,0,0,0.0
2025-01-25,newsletter,email,,Brand Search Global 2025,desktop,0,0,0,0,0,0,1,374.3
2025-01-10,google,cpc,CMP-000080,ENTERPRISE ABM US 2025,mobile,0,1,0,0,0,0,0,0.0
2025-01-12,newsletter,email,CMP-000055, Competitor Search EMEA FY25  ,tablet,0,1,0,0,0,0,0,0.0
2025-01-08,facebook,paid_social,CMP-000052,Competitor Search NA Q4,mobile,0,0,1,0,0,0,0,0.0
2025-01-08,google,cpc,CMP-000037, Brand Search NA 2025  ,mobile,0,1,0,0,0,0,0,0.0
2025-01-10,facebook,paid_social,CMP-000049,Competitor SEM APAC 2025,desktop,0,0,1,0,0,0,0,0.0
2025-01-21,newsletter,email,CMP-000029,cart_recovery_na_2025,desktop,0,0,0,0,1,0,0,0.0
2025-01-31,tiktok,paid_social,CMP-000020,Holiday Promotion NA 2025,mobile,0,0,0,0,0,1,0,0.0
2025-01-11,facebook,paid_social,CMP-000058,Creator Spark APAC 2024,mobile,0,0,1,0,0,0,0,0.0
2025-01-20,newsletter,email,CMP-000006,CART RECOVERY US 2024,desktop,0,1,0,0,0,0,0,0.0
2025-01-29,google,cpc,CMP-000081,Holiday Promotion NA 2024,desktop,1,0,0,0,0,0,0,0.0
2025-01-29,google,cpc,CMP-000061, Brand Search NA FY25  ,desktop,1,0,0,0,0,0,0,0.0
2025-01-29,google,cpc,CMP-000023, Enterprise ABM EMEA 2024  ,mobile,0,1,0,0,0,0,0,0.0
2025-01-10,facebook,paid_social,CMP-000054, Enterprise ABM APAC FY25  ,desktop,0,0,0,0,0,0,1,944.65
2025-01-16,google,cpc,,product_launch_na_fy25,desktop,0,0,0,0,1,0,0,0.0
2025-01-05,newsletter,email,, Enterprise ABM APAC Q4  ,tablet,1,0,0,0,0,0,0,0.0
2025-01-04,facebook,paid_social,, Retargeting APAC Q4  ,mobile,0,1,0,0,0,0,0,0.0
2025-01-07,partner,referral,CMP-000082,lifecycle_winback_global_2024,mobile,0,0,1,0,0,0,0,0.0
2025-01-13,newsletter,email,CMP-000068,BRAND SEARCH EMEA FY25,desktop,1,0,0,0,0,0,0,0.0
2025-01-06,facebook,paid_social,CMP-000010,creator_spark_us_2024,desktop,0,1,0,0,0,0,0,0.0
2025-01-02,google,cpc,CMP-000022, Competitor Search EMEA FY25  ,tablet,0,0,0,0,0,1,0,0.0
2025-01-19,google,cpc,CMP-000053, Creator Spark Global Q4  ,desktop,1,0,0,0,0,0,0,0.0
2025-01-17,facebook,paid_social,CMP-000056,regional_expansion_emea_fy25,mobile,0,0,0,0,0,0,1,613.33
2025-01-24,facebook,paid_social,CMP-000077,RETARGETING EMEA 2024,mobile,0,1,0,0,0,0,0,0.0
2025-01-18,google,cpc,CMP-000050,BRAND SEARCH US FY25,mobile,1,0,0,0,0,0,0,0.0
2025-01-31,newsletter,email,CMP-000039,Enterprise ABM NA 2024,desktop,0,1,0,0,0,0,0,0.0
2025-01-22,facebook,paid_social,CMP-000019,Cart Recovery Global 2024,mobile,0,0,0,0,0,1,0,0.0
2025-01-13,google,cpc,CMP-000010,Holiday Promotion Global 2025,mobile,0,0,1,0,0,0,0,0.0
2025-01-22,newsletter,email,,Brand Search US Q4,desktop,0,1,0,0,0,0,0,0.0
2025-01-07,newsletter,email,CMP-000065,Retargeting NA 2025,desktop,1,0,0,0,0,0,0,0.0
2025-01-27,google,cpc,CMP-000048,lifecycle_winback_emea_2024,mobile,0,1,0,0,0,0,0,0.0
2025-01-16,facebook,paid_social,CMP-000016, Brand Search NA FY25  ,desktop,0,1,0,0,0,0,0,0.0
2025-01-05,newsletter,email,,Retargeting US FY25,desktop,1,0,0,0,0,0,0,0.0
2025-01-21,newsletter,email,CMP-000014, Lifecycle Winback Global Q4  ,mobile,1,0,0,0,0,0,0,0.0
2025-01-02,google,cpc,CMP-000064,Enterprise ABM APAC Q4,desktop,0,0,1,0,0,0,0,0.0
2025-01-08,newsletter,email,CMP-000024,Regional Expansion Global Q4,desktop,0,1,0,0,0,0,0,0.0
2025-01-19,facebook,paid_social,CMP-000046, Competitor Search NA 2024  ,mobile,0,1,0,0,0,0,0,0.0
2025-01-03,google,cpc,, Holiday Promo NA Q4  ,mobile,0,1,0,0,0,0,0,0.0
2025-01-11,newsletter,email,CMP-000005,Brand Search NA Q4,mobile,1,0,0,0,0,0,0,0.0
2025-01-24,facebook,paid_social,CMP-000037,Brand Search US 2024,desktop,0,1,0,0,0,0,0,0.0
2025-01-26,facebook,paid_social,CMP-000033, Cart Recovery Global 2024  ,mobile,0,1,0,0,0,0,0,0.0
2025-01-24,google,cpc,CMP-000017,Brand SEM EMEA Q4,mobile,1,0,0,0,0,0,0,0.0
2025-01-17,facebook,paid_social,CMP-000048,retargeting_global_2025,desktop,0,1,0,0,0,0,0,0.0
2025-01-19,google,cpc,CMP-000078,product_launch_emea_fy25,mobile,0,0,1,0,0,0,0,0.0
2025-01-26,google,cpc,CMP-000054, Brand Search EMEA FY25  ,mobile,0,1,0,0,0,0,0,0.0
2025-01-29,facebook,paid_social,CMP-000071,Holiday Promotion US Q4,desktop,0,1,0,0,0,0,0,0.0
2025-01-22,google,cpc,CMP-000024, Creator Spark APAC 2024  ,desktop,0,0,0,0,1,0,0,0.0
2025-01-26,google,cpc,CMP-000061,Lifecycle Winback Global 2025,mobile,1,0,0,0,0,0,0,0.0
2025-01-06,facebook,paid_social,,Competitor SEM US 2024,tablet,0,1,0,0,0,0,0,0.0
2025-01-14,(direct),(none),CMP-000052, Product Launch APAC Q4  ,mobile,0,1,0,0,0,0,0,0.0
2025-01-18,newsletter,email,CMP-000073, Competitor Search Global Q4  ,mobile,0,0,0,0,0,1,0,0.0
2025-01-09,tiktok,paid_social,CMP-000009,REGIONAL EXPANSION NA 2024,mobile,0,1,0,0,0,0,0,0.0
2025-01-10,tiktok,paid_social,,Regional Expansion EMEA FY25,mobile,0,0,0,1,0,0,0,0.0
2025-01-20,tiktok,paid_social,,COMPETITOR SEARCH US 2025,mobile,0,0,0,1,0,0,0,0.0
2025-01-06,google,cpc,CMP-000037,Retargeting US FY25,desktop,1,0,0,0,0,0,0,0.0
2025-01-19,google,cpc,CMP-000019,Creator Spark Global 2025,mobile,0,1,0,0,0,0,0,0.0
2025-01-22,tiktok,paid_social,CMP-000030,Cart Recovery US 2024,desktop,0,0,1,0,0,0,0,0.0
2025-01-19,tiktok,paid_social,CMP-000021, Holiday Promo APAC 2025  ,mobile,1,0,0,0,0,0,0,0.0
2025-01-17,partner,referral,CMP-000003, Product Launch Global FY25  ,desktop,0,0,0,0,1,0,0,0.0
2025-01-29,partner,referral,CMP-000017,product_launch_na_q4,mobile,0,0,1,0,0,0,0,0.0
2025-01-22,google,cpc,CMP-000064, Brand Search Global 2025  ,desktop,0,0,1,0,0,0,0,0.0
2025-01-19,google,cpc,CMP-000078,Cart Recovery APAC Q4,mobile,0,1,0,0,0,0,0,0.0
2025-01-11,tiktok,paid_social,,Product Launch EMEA 2025,mobile,0,0,0,0,0,1,0,0.0
2025-01-18,partner,referral,CMP-000065,retargeting_us_2025,mobile,0,0,1,0,0,0,0,0.0
2025-01-23,google,cpc,CMP-000032,Creator Spark NA Q4,tablet,0,0,0,0,1,0,0,0.0
2025-01-20,newsletter,email,,retargeting_apac_2025,desktop,0,0,1,0,0,0,0,0.0
2025-01-10,google,cpc,CMP-000057, Cart Recovery Global Q4  ,desktop,0,0,0,0,0,1,0,0.0
2025-01-14,tiktok,paid_social,CMP-000073,CREATOR SPARK APAC Q4,tablet,0,0,0,0,0,1,0,0.0
2025-01-01,newsletter,email,CMP-000041,CART RECOVERY EMEA Q4,mobile,1,0,0,0,0,0,0,0.0
2025-01-14,facebook,paid_social,CMP-000074,REGIONAL EXPANSION NA FY25,desktop,0,1,0,0,0,0,0,0.0
2025-01-15,google,cpc,CMP-000053,Retargeting APAC 2025,mobile,1,0,0,0,0,0,0,0.0
2025-01-01,tiktok,paid_social,CMP-000016,Product Launch NA FY25,mobile,0,1,0,0,0,0,0,0.0
2025-01-15,newsletter,email,CMP-000023, Lifecycle Winback Global FY25  ,mobile,0,0,0,1,0,0,0,0.0
2025-01-07,(direct),(none),CMP-000024,HOLIDAY PROMO NA Q4,desktop,0,0,0,0,0,0,1,1884.64
2025-01-22,google,cpc,CMP-000055,Lifecycle Winback Global FY25,mobile,0,0,1,0,0,0,0,0.0
2025-01-10,(direct),(none),,Enterprise ABM NA FY25,desktop,0,1,0,0,0,0,0,0.0
2025-01-11,facebook,paid_social,CMP-000006,LIFECYCLE WINBACK US 2024,desktop,0,0,0,1,0,0,0,0.0
2025-01-22,google,cpc,CMP-000050, Creator Spark APAC 2025  ,mobile,1,0,0,0,0,0,0,0.0
2025-01-25,tiktok,paid_social,CMP-000004,REGIONAL EXPANSION GLOBAL 2025,desktop,0,1,0,0,0,0,0,0.0
2025-01-26,google,cpc,CMP-000033,LIFECYCLE WINBACK US 2024,desktop,0,1,0,0,0,0,0,0.0
2025-01-25,google,cpc,CMP-000006,CREATOR SPARK APAC FY25,mobile,0,1,0,0,0,0,0,0.0
2025-01-22,facebook,paid_social,CMP-000072,Regional Expansion APAC 2025,mobile,0,0,0,0,1,0,0,0.0
2025-01-12,google,cpc,CMP-000075,BRAND SEARCH EMEA 2024,mobile,0,1,0,0,0,0,0,0.0
2025-01-09,tiktok,paid_social,CMP-000015,Lifecycle Winback Global 2025,desktop,0,0,1,0,0,0,0,0.0
2025-01-20,google,cpc,CMP-000018,Enterprise ABM EMEA Q4,mobile,0,1,0,0,0,0,0,0.0
2025-01-04,(direct),(none),CMP-000081,PRODUCT LAUNCH APAC 2025,tablet,0,0,1,0,0,0,0,0.0
2025-01-16,tiktok,paid_social,CMP-000003,LIFECYCLE WINBACK NA 2025,desktop,0,0,1,0,0,0,0,0.0
2025-01-06,facebook,paid_social,,retargeting_us_q4,tablet,0,0,0,0,0,0,1,851.84
2025-01-15,google,cpc,CMP-000044, Brand Search US FY25  ,mobile,0,1,0,0,0,0,0,0.0
2025-01-20,google,cpc,,LIFECYCLE WINBACK US Q4,desktop,1,0,0,0,0,0,0,0.0
2025-01-23,google,cpc,CMP-000052, Enterprise ABM Global 2024  ,mobile,0,0,0,0,1,0,0,0.0
2025-01-16,google,cpc,CMP-000076,enterprise_abm_na_fy25,desktop,0,0,0,1,0,0,0,0.0
2025-01-17,facebook,paid_social,CMP-000024, Creator Spark Global FY25  ,mobile,0,1,0,0,0,0,0,0.0
2025-01-04,google,cpc,, Lifecycle Winback EMEA FY25  ,mobile,0,0,1,0,0,0,0,0.0
2025-01-10,facebook,paid_social,CMP-000030, Enterprise ABM APAC 2025  ,desktop,0,1,0,0,0,0,0,0.0
2025-01-02,newsletter,email,,Brand Search NA FY25,desktop,1,0,0,0,0,0,0,0.0
2025-01-16,facebook,paid_social,CMP-000059,Holiday Promotion NA FY25,mobile,1,0,0,0,0,0,0,0.0
2025-01-29,tiktok,paid_social,CMP-000067,Brand Search Global 2025,desktop,0,1,0,0,0,0,0,0.0
2025-01-27,tiktok,paid_social,CMP-000024,Holiday Promotion NA 2024,desktop,0,0,0,0,0,1,0,0.0
2025-01-05,google,cpc,CMP-000032, Holiday Promo APAC 2024  ,desktop,0,0,0,0,0,1,0,0.0
2025-01-08,tiktok,paid_social,CMP-000044,Lifecycle Winback US Q4,desktop,0,0,0,1,0,0,0,0.0
2025-01-25,tiktok,paid_social,CMP-000045, Holiday Promo NA Q4  ,desktop,0,1,0,0,0,0,0,0.0
2025-01-26,google,cpc,CMP-000017,regional_expansion_emea_2025,mobile,1,0,0,0,0,0,0,0.0
2025-01-06,tiktok,paid_social,CMP-000063,Enterprise ABM US Q4,mobile,0,1,0,0,0,0,0,0.0
2025-01-13,tiktok,paid_social,,creator_spark_emea_fy25,mobile,0,0,1,0,0,0,0,0.0
2025-01-01,newsletter,email,CMP-000078,HOLIDAY PROMO EMEA Q4,mobile,0,0,0,1,0,0,0,0.0
2025-01-16,(direct),(none),CMP-000034,Retargeting APAC 2025,tablet,0,1,0,0,0,0,0,0.0
2025-01-25,(direct),(none),,Product Launch Global Q4,mobile,0,1,0,0,0,0,0,0.0
2025-01-04,newsletter,email,CMP-000077, Competitor Search Global 2025  ,mobile,1,0,0,0,0,0,0,0.0
2025-01-29,(direct),(none),CMP-000082,product_launch_global_fy25,mobile,0,0,0,0,1,0,0,0.0
2025-01-23,google,cpc,CMP-000076,Creator Spark APAC 2025,desktop,0,1,0,0,0,0,0,0.0
2025-01-13,facebook,paid_social,CMP-000047,Brand SEM NA FY25,mobile,0,1,0,0,0,0,0,0.0
2025-01-30,newsletter,email,CMP-000008, Product Launch Global FY25  ,desktop,0,1,0,0,0,0,0,0.0
2025-01-02,facebook,paid_social,CMP-000004,holiday_promo_apac_fy25,tablet,1,0,0,0,0,0,0,0.0
2025-01-11,tiktok,paid_social,CMP-000083, Retargeting APAC FY25  ,mobile,0,0,0,1,0,0,0,0.0
2025-01-04,tiktok,paid_social,CMP-000044,Competitor SEM APAC 2025,mobile,0,1,0,0,0,0,0,0.0
2025-01-26,(direct),(none),,Lifecycle Winback Global 2024,desktop,0,0,0,0,0,0,1,955.57
2025-01-16,(direct),(none),CMP-000015, Holiday Promo EMEA 2024  ,mobile,0,1,0,0,0,0,0,0.0
2025-01-20,google,cpc,CMP-000005,REGIONAL EXPANSION GLOBAL Q4,mobile,0,1,0,0,0,0,0,0.0
2025-01-14,google,cpc,CMP-000065,Lifecycle Winback Global Q4,mobile,1,0,0,0,0,0,0,0.0
2025-01-08,tiktok,paid_social,CMP-000058, Product Launch Global 2025  ,mobile,0,1,0,0,0,0,0,0.0
2025-01-28,google,cpc,,Retargeting EMEA FY25,mobile,1,0,0,0,0,0,0,0.0
2025-01-17,facebook,paid_social,CMP-000002,regional_expansion_apac_q4,mobile,0,1,0,0,0,0,0,0.0
2025-01-26,(direct),(none),, Lifecycle Winback Global Q4  ,mobile,0,1,0,0,0,0,0,0.0
2025-01-27,(direct),(none),,Cart Recovery APAC 2025,mobile,0,0,0,0,0,0,1,601.56
2025-01-22,google,cpc,CMP-000075,LIFECYCLE WINBACK EMEA 2024,desktop,0,1,0,0,0,0,0,0.0
2025-01-26,(direct),(none),CMP-000078,Competitor SEM NA 2025,mobile,0,0,0,0,1,0,0,0.0
2025-01-05,google,cpc,CMP-000021, Retargeting EMEA FY25  ,mobile,0,0,0,0,0,1,0,0.0
2025-01-28,newsletter,email,CMP-000010,REGIONAL EXPANSION EMEA 2025,desktop,1,0,0,0,0,0,0,0.0
2025-01-18,tiktok,paid_social,,creator_spark_global_q4,mobile,0,1,0,0,0,0,0,0.0
2025-01-07,facebook,paid_social,CMP-000074,Lifecycle Winback US FY25,desktop,1,0,0,0,0,0,0,0.0
2025-01-01,google,cpc,CMP-000047,BRAND SEARCH NA FY25,desktop,0,0,0,0,0,0,1,594.16
2025-01-29,facebook,paid_social,CMP-000056,RETARGETING NA 2024,mobile,0,0,0,0,0,1,0,0.0
2025-01-09,tiktok,paid_social,CMP-000069,Lifecycle Winback NA FY25,mobile,0,1,0,0,0,0,0,0.0
2025-01-18,google,cpc,CMP-000007,LIFECYCLE WINBACK US 2024,desktop,1,0,0,0,0,0,0,0.0
2025-01-05,google,cpc,CMP-000047,LIFECYCLE WINBACK GLOBAL FY25,desktop,0,0,0,0,0,0,1,763.01
2025-01-30,(direct),(none),CMP-000030, Retargeting EMEA FY25  ,tablet,0,1,0,0,0,0,0,0.0
2025-01-22,google,cpc,CMP-000029,Regional Expansion APAC Q4,desktop,0,0,1,0,0,0,0,0.0
2025-01-11,partner,referral,CMP-000007,REGIONAL EXPANSION GLOBAL 2025,mobile,0,0,1,0,0,0,0,0.0
2025-01-06,google,cpc,CMP-000021,Holiday Promotion NA 2024,mobile,0,1,0,0,0,0,0,0.0
2025-01-13,tiktok,paid_social,CMP-000056,Retargeting EMEA Q4,desktop,1,0,0,0,0,0,0,0.0
2025-01-23,facebook,paid_social,CMP-000036,Retargeting NA 2024,tablet,1,0,0,0,0,0,0,0.0
2025-01-11,google,cpc,CMP-000016, Enterprise ABM APAC 2024  ,desktop,1,0,0,0,0,0,0,0.0
2025-01-01,facebook,paid_social,CMP-000063,competitor_search_global_2024,mobile,0,1,0,0,0,0,0,0.0
2025-01-08,facebook,paid_social,CMP-000072,Creator Spark APAC FY25,tablet,0,1,0,0,0,0,0,0.0
2025-01-07,google,cpc,,BRAND SEARCH US 2025,desktop,0,1,0,0,0,0,0,0.0
2025-01-29,google,cpc,CMP-000037,Cart Recovery EMEA 2024,tablet,0,0,0,0,0,0,1,1420.66
2025-01-11,google,cpc,CMP-000043,Cart Recovery EMEA Q4,mobile,0,1,0,0,0,0,0,0.0
2025-01-12,tiktok,paid_social,CMP-000067,creator_spark_apac_2024,desktop,0,0,1,0,0,0,0,0.0
2025-01-21,facebook,paid_social,CMP-000004,Regional Expansion US 2024,desktop,0,1,0,0,0,0,0,0.0
2025-01-18,google,cpc,,regional_expansion_global_fy25,mobile,0,1,0,0,0,0,0,0.0
2025-01-22,newsletter,email,CMP-000043,product_launch_us_q4,desktop,0,1,0,0,0,0,0,0.0
2025-01-02,(direct),(none),CMP-000061,Cart Recovery US FY25,desktop,0,0,0,1,0,0,0,0.0
2025-01-15,tiktok,paid_social,CMP-000034,Regional Expansion APAC 2024,mobile,0,0,0,0,1,0,0,0.0
2025-01-18,facebook,paid_social,CMP-000064,regional_expansion_us_2024,mobile,1,0,0,0,0,0,0,0.0
2025-01-30,facebook,paid_social,CMP-000080,HOLIDAY PROMO NA 2025,mobile,0,0,1,0,0,0,0,0.0
2025-01-06,tiktok,paid_social,CMP-000010, Creator Spark EMEA Q4  ,desktop,0,0,1,0,0,0,0,0.0
2025-01-18,google,cpc,CMP-000065, Cart Recovery APAC 2025  ,mobile,1,0,0,0,0,0,0,0.0
2025-01-15,facebook,paid_social,CMP-000009, Cart Recovery NA Q4  ,desktop,1,0,0,0,0,0,0,0.0
2025-01-16,facebook,paid_social,CMP-000074,BRAND SEARCH APAC FY25,mobile,0,1,0,0,0,0,0,0.0
2025-01-05,facebook,paid_social,CMP-000073,creator_spark_na_q4,mobile,0,1,0,0,0,0,0,0.0
2025-01-28,google,cpc,CMP-000071,product_launch_us_2025,mobile,0,1,0,0,0,0,0,0.0
2025-01-02,(direct),(none),CMP-000066,Holiday Promo NA FY25,mobile,0,0,0,0,0,0,1,585.5
2025-01-03,tiktok,paid_social,CMP-000010, Lifecycle Winback NA 2024  ,mobile,0,1,0,0,0,0,0,0.0
2025-01-03,google,cpc,CMP-000077,RETARGETING US 2024,desktop,0,0,0,0,1,0,0,0.0
2025-01-16,google,cpc,CMP-000048,REGIONAL EXPANSION US 2024,mobile,1,0,0,0,0,0,0,0.0
2025-01-18,google,cpc,CMP-000049,Creator Spark NA 2025,mobile,1,0,0,0,0,0,0,0.0
2025-01-18,google,cpc,,Creator Spark US FY25,desktop,0,1,0,0,0,0,0,0.0
2025-01-25,google,cpc,CMP-000017,Brand Search NA FY25,mobile,0,1,0,0,0,0,0,0.0
2025-01-24,tiktok,paid_social,CMP-000070,Retargeting EMEA 2025,mobile,0,0,0,1,0,0,0,0.0
2025-01-17,tiktok,paid_social,CMP-000035, Product Launch NA 2025  ,mobile,0,0,0,0,1,0,0,0.0
2025-01-07,tiktok,paid_social,, Competitor Search NA FY25  ,tablet,0,1,0,0,0,0,0,0.0
2025-01-21,google,cpc,CMP-000028,Brand SEM EMEA FY25,mobile,0,0,0,1,0,0,0,0.0
2025-01-11,newsletter,email,,Brand Search Global 2024,desktop,1,0,0,0,0,0,0,0.0
2025-01-31,facebook,paid_social,CMP-000056,enterprise_abm_us_q4,desktop,0,0,1,0,0,0,0,0.0
2025-01-01,facebook,paid_social,CMP-000081,retargeting_apac_fy25,mobile,1,0,0,0,0,0,0,0.0
2025-01-29,(direct),(none),CMP-000076,Cart Recovery EMEA Q4,desktop,0,0,0,1,0,0,0,0.0
2025-01-15,(direct),(none),CMP-000006, Competitor Search Global 2025  ,desktop,1,0,0,0,0,0,0,0.0
2025-01-30,newsletter,email,,Lifecycle Winback US FY25,tablet,0,1,0,0,0,0,0,0.0
2025-01-14,newsletter,email,CMP-000050,retargeting_apac_q4,mobile,0,0,0,0,0,1,0,0.0
2025-01-26,google,cpc,CMP-000032,HOLIDAY PROMO NA Q4,mobile,1,0,0,0,0,0,0,0.0
2025-01-06,google,cpc,CMP-000053, Holiday Promo EMEA 2024  ,mobile,0,1,0,0,0,0,0,0.0
2025-01-20,tiktok,paid_social,CMP-000063,Creator Spark US 2025,mobile,0,0,0,0,0,0,1,1488.65
2025-01-06,newsletter,email,CMP-000081,holiday_promo_apac_2025,mobile,0,0,0,0,0,1,0,0.0
2025-01-21,(direct),(none),CMP-000076, Enterprise ABM APAC FY25  ,desktop,0,0,0,0,0,1,0,0.0
2025-01-09,tiktok,paid_social,CMP-000045, Product Launch NA FY25  ,mobile,0,1,0,0,0,0,0,0.0
2025-01-28,google,cpc,CMP-000008, Lifecycle Winback NA FY25  ,mobile,0,0,0,0,0,1,0,0.0
2025-01-26,google,cpc,,Cart Recovery US FY25,mobile,0,1,1,0,0,0,0,0.0
2025-01-01,google,cpc,,cart_recovery_global_2024,mobile,0,1,0,0,0,0,0,0.0
2025-01-14,google,cpc,CMP-000038,enterprise_abm_us_2024,mobile,0,0,1,0,0,0,0,0.0
2025-01-21,newsletter,email,CMP-000005,Competitor Search EMEA FY25,desktop,0,0,0,0,0,1,0,0.0
2025-01-24,google,cpc,CMP-000014,Competitor Search US Q4,desktop,1,0,0,0,0,0,0,0.0
2025-01-20,tiktok,paid_social,CMP-000047,Product Launch APAC FY25,mobile,0,1,0,0,0,0,0,0.0
2025-01-06,google,cpc,CMP-000013,BRAND SEARCH EMEA 2025,tablet,0,0,1,0,0,0,0,0.0
2025-01-05,facebook,paid_social,CMP-000048,holiday_promo_global_2025,desktop,0,1,0,0,0,0,0,0.0
2025-01-08,google,cpc,,Brand SEM APAC 2024,mobile,0,0,0,1,0,0,0,0.0
2025-01-21,tiktok,paid_social,CMP-000020,Product Launch NA Q4,mobile,0,0,0,0,0,0,1,492.6
2025-01-13,facebook,paid_social,CMP-000029,CREATOR SPARK APAC Q4,desktop,0,1,0,0,0,0,0,0.0
2025-01-05,google,cpc,CMP-000059, Holiday Promo EMEA 2024  ,mobile,0,1,0,0,0,0,0,0.0
2025-01-11,google,cpc,CMP-000019,Retargeting Global Q4,desktop,0,0,1,0,0,0,0,0.0
2025-01-03,google,cpc,, Creator Spark NA 2025  ,desktop,0,0,0,0,0,0,1,802.2
2025-01-23,google,cpc,CMP-000022,BRAND SEARCH APAC 2025,mobile,0,1,0,0,0,0,0,0.0
2025-01-21,google,cpc,CMP-000023,Enterprise ABM EMEA FY25,mobile,0,0,0,0,0,0,1,416.09
2025-01-17,google,cpc,CMP-000052,Retargeting NA 2024,mobile,0,1,0,0,0,0,0,0.0
2025-01-18,google,cpc,CMP-000014,Competitor SEM NA 2025,desktop,1,0,0,0,0,0,0,0.0
2025-01-25,tiktok,paid_social,CMP-000033,Creator Spark NA 2024,mobile,0,0,1,0,0,0,0,0.0
2025-01-06,google,cpc,CMP-000039,product_launch_na_2024,desktop,1,0,0,0,0,0,0,0.0
2025-01-01,google,cpc,CMP-000069, Enterprise ABM Global 2025  ,tablet,0,1,0,0,0,0,0,0.0
2025-01-11,(direct),(none),,Enterprise ABM APAC FY25,desktop,0,0,1,0,0,0,0,0.0
2025-01-28,google,cpc,CMP-000055,product_launch_apac_2025,desktop,0,1,0,0,0,0,0,0.0
2025-01-05,google,cpc,CMP-000046,Brand Search Global FY25,desktop,0,1,0,0,0,0,0,0.0
2025-01-19,(direct),(none),CMP-000049,Regional Expansion APAC 2024,desktop,0,0,1,0,0,0,0,0.0
2025-01-21,facebook,paid_social,CMP-000022, Retargeting APAC 2025  ,desktop,0,1,0,0,0,0,0,0.0
2025-01-02,facebook,paid_social,CMP-000035, Creator Spark US FY25  ,desktop,0,1,0,0,0,0,0,0.0
2025-01-08,google,cpc,CMP-000025,brand_search_emea_2025,tablet,0,0,0,0,0,0,1,1530.97
2025-01-13,google,cpc,,Holiday Promo APAC 2025,desktop,1,0,0,0,0,0,0,0.0
2025-01-30,google,cpc,CMP-000019, Competitor Search EMEA Q4  ,tablet,1,0,0,0,0,0,0,0.0
2025-01-12,(direct),(none),CMP-000064, Holiday Promo NA FY25  ,desktop,0,0,0,0,0,1,0,0.0
2025-01-25,google,cpc,CMP-000021,Enterprise ABM Global FY25,desktop,0,0,0,0,0,1,0,0.0
2025-01-15,google,cpc,CMP-000007, Brand Search EMEA Q4  ,desktop,0,0,1,0,0,0,0,0.0
2025-01-17,newsletter,email,CMP-000060,LIFECYCLE WINBACK GLOBAL 2025,mobile,0,1,0,0,0,0,0,0.0
2025-01-27,facebook,paid_social,CMP-000024,enterprise_abm_global_2024,desktop,1,0,0,0,0,0,0,0.0
2025-01-27,facebook,paid_social,,Enterprise ABM US FY25,mobile,0,1,0,0,0,0,0,0.0
2025-01-07,facebook,paid_social,CMP-000050,Enterprise ABM Global 2024,tablet,1,0,0,0,0,0,0,0.0
2025-01-03,newsletter,email,CMP-000003,Regional Expansion NA 2024,desktop,0,0,1,0,0,0,0,0.0
2025-01-25,facebook,paid_social,CMP-000049,CREATOR SPARK US Q4,desktop,0,0,0,0,0,0,1,962.27
2025-01-02,partner,referral,CMP-000037,Brand Search NA 2024,mobile,0,1,0,0,0,0,0,0.0
2025-01-09,google,cpc,CMP-000045,LIFECYCLE WINBACK APAC Q4,mobile,0,1,0,0,0,0,0,0.0
2025-01-22,facebook,paid_social,CMP-000071,CREATOR SPARK NA FY25,mobile,0,0,0,0,0,0,1,1268.61
2025-01-24,google,cpc,CMP-000079, Holiday Promo APAC FY25  ,tablet,1,0,0,0,0,0,0,0.0
2025-01-04,facebook,paid_social,CMP-000065,cart_recovery_na_2024,mobile,1,0,0,0,0,0,0,0.0
2025-01-14,(direct),(none),CMP-000080,creator_spark_emea_2024,desktop,0,1,0,0,0,0,0,0.0
2025-01-20,google,cpc,CMP-000045,brand_search_na_2025,mobile,0,1,0,0,0,0,0,0.0
2025-01-12,google,cpc,CMP-000035,holiday_promo_global_q4,desktop,0,1,0,0,0,0,0,0.0
2025-01-20,(direct),(none),CMP-000041,regional_expansion_na_2024,mobile,0,0,0,0,1,0,0,0.0
2025-01-25,google,cpc,CMP-000061, Product Launch APAC FY25  ,mobile,0,0,0,0,0,0,1,558.53
2025-01-27,google,cpc,,brand_search_na_2025,mobile,0,1,0,0,0,0,0,0.0
2025-01-04,facebook,paid_social,CMP-000057,Cart Recovery US FY25,tablet,0,1,0,0,0,0,0,0.0
2025-01-11,facebook,paid_social,CMP-000014,Product Launch US 2024,mobile,1,0,0,0,0,0,0,0.0
2025-01-11,facebook,paid_social,CMP-000074,product_launch_us_2025,tablet,1,0,0,0,0,0,0,0.0
2025-01-07,google,cpc,CMP-000061,CART RECOVERY NA Q4,desktop,0,1,0,0,0,0,0,0.0
2025-01-20,tiktok,paid_social,CMP-000071,Retargeting APAC Q4,desktop,0,1,0,0,0,0,0,0.0
2025-01-08,google,cpc,CMP-000038,PRODUCT LAUNCH APAC 2025,mobile,0,0,0,0,0,1,0,0.0
2025-01-06,google,cpc,CMP-000009,Competitor SEM US FY25,mobile,0,1,0,0,0,0,0,0.0
2025-01-23,google,cpc,CMP-000037,cart_recovery_emea_2025,mobile,0,0,0,0,1,0,0,0.0
2025-01-25,partner,referral,CMP-000073,REGIONAL EXPANSION NA Q4,desktop,0,0,0,0,1,0,0,0.0
2025-01-09,(direct),(none),CMP-000032,Competitor SEM APAC 2024,mobile,0,1,0,0,0,0,0,0.0
2025-01-15,tiktok,paid_social,CMP-000048,CREATOR SPARK NA Q4,desktop,1,0,0,0,0,0,0,0.0
2025-01-20,google,cpc,CMP-000028,Product Launch Global 2024,mobile,0,0,1,0,0,0,0,0.0
2025-01-03,newsletter,email,CMP-000014,Creator Spark EMEA Q4,mobile,0,0,1,0,0,0,0,0.0
2025-01-17,tiktok,paid_social,CMP-000032,retargeting_na_2024,mobile,0,0,0,0,0,0,1,756.03
2025-01-14,tiktok,paid_social,CMP-000054,CREATOR SPARK APAC 2024,desktop,0,0,1,0,0,0,0,0.0
2025-01-20,tiktok,paid_social,CMP-000005,creator_spark_apac_2025,mobile,0,0,1,0,0,0,0,0.0
2025-01-15,(direct),(none),CMP-000027, Cart Recovery EMEA FY25  ,desktop,0,0,0,0,0,0,1,546.65
2025-01-08,tiktok,paid_social,, Regional Expansion NA Q4  ,desktop,0,0,1,0,0,0,0,0.0
2025-01-07,google,cpc,CMP-000052,Competitor Search US 2025,mobile,1,0,0,0,0,0,0,0.0
2025-01-07,newsletter,email,CMP-000012,Regional Expansion APAC 2024,mobile,0,0,0,1,0,0,0,0.0
2025-01-13,newsletter,email,CMP-000068, Retargeting APAC 2024  ,tablet,0,0,1,0,0,0,0,0.0
2025-01-26,facebook,paid_social,CMP-000027,Cart Recovery US FY25,tablet,0,0,0,0,0,0,1,1054.86
2025-01-11,tiktok,paid_social,, Retargeting EMEA 2025  ,desktop,0,1,0,0,0,0,0,0.0
2025-01-31,google,cpc,CMP-000037,Brand Search APAC Q4,desktop,0,0,0,1,0,0,0,0.0
2025-01-01,facebook,paid_social,CMP-000004,regional_expansion_global_q4,desktop,1,0,0,0,0,0,0,0.0
2025-01-04,facebook,paid_social,CMP-000062,Competitor SEM APAC 2025,mobile,0,0,0,0,1,0,0,0.0
2025-01-03,newsletter,email,CMP-000024,creator_spark_us_fy25,mobile,0,0,0,0,1,0,0,0.0
2025-01-25,google,cpc,CMP-000082,REGIONAL EXPANSION GLOBAL 2025,desktop,1,0,0,0,0,0,0,0.0
2025-01-30,tiktok,paid_social,CMP-000070, Brand Search Global 2024  ,mobile,0,1,0,0,0,0,0,0.0
2025-01-21,google,cpc,CMP-000056,CREATOR SPARK APAC FY25,mobile,0,1,0,0,0,0,0,0.0
2025-01-20,tiktok,paid_social,CMP-000016,RETARGETING EMEA 2025,mobile,0,0,0,0,1,0,0,0.0
2025-01-16,newsletter,email,CMP-000060,ENTERPRISE ABM NA 2025,mobile,0,0,0,0,0,1,0,0.0
2025-01-04,google,cpc,CMP-000033,RETARGETING NA Q4,mobile,0,1,0,0,0,0,0,0.0
2025-01-16,tiktok,paid_social,CMP-000002,enterprise_abm_global_fy25,desktop,0,0,0,0,0,0,1,1082.62
2025-01-06,google,cpc,CMP-000011,Enterprise ABM US 2024,mobile,0,0,1,0,0,0,0,0.0
2025-01-27,google,cpc,,Competitor Search APAC 2024,desktop,0,0,1,0,0,0,0,0.0
2025-01-01,partner,referral,CMP-000016,brand_search_emea_fy25,mobile,0,0,0,0,0,0,1,1486.82
2025-01-14,partner,referral,CMP-000056,Regional Expansion NA 2025,tablet,0,0,1,0,0,0,0,0.0
2025-01-19,(direct),(none),CMP-000025,REGIONAL EXPANSION EMEA FY25,desktop,0,1,0,0,0,0,0,0.0
2025-01-03,google,cpc,CMP-000023,Cart Recovery NA Q4,desktop,0,0,0,1,0,0,0,0.0
2025-01-14,newsletter,email,CMP-000078, Cart Recovery Global 2025  ,mobile,0,1,0,0,0,0,0,0.0
2025-01-01,google,cpc,CMP-000033,Enterprise ABM US Q4,desktop,0,1,0,0,0,0,0,0.0
2025-01-23,partner,referral,CMP-000006,Regional Expansion NA 2025,desktop,0,1,0,0,0,0,0,0.0
2025-01-08,facebook,paid_social,CMP-000024,CREATOR SPARK APAC 2025,desktop,0,1,0,0,0,0,0,0.0
2025-01-25,google,cpc,CMP-000026,cart_recovery_emea_fy25,mobile,0,1,0,0,0,0,0,0.0
2025-01-26,partner,referral,CMP-000060,Cart Recovery NA FY25,desktop,0,0,1,0,0,0,0,0.0
2025-01-17,newsletter,email,CMP-000021,Competitor SEM NA 2025,desktop,0,1,0,0,0,0,0,0.0
2025-01-27,google,cpc,CMP-000074,Regional Expansion APAC Q4,desktop,0,1,0,0,0,0,0,0.0
2025-01-09,google,cpc,CMP-000080,Creator Spark Global 2024,desktop,0,1,0,0,0,0,0,0.0
2025-01-08,google,cpc,CMP-000010, Product Launch EMEA Q4  ,mobile,0,0,1,0,0,0,0,0.0
2025-01-20,newsletter,email,CMP-000081,Competitor SEM EMEA 2025,mobile,1,0,0,0,0,0,0,0.0
2025-01-18,(direct),(none),CMP-000043, Regional Expansion US 2025  ,desktop,0,0,1,0,0,0,0,0.0
2025-01-11,newsletter,email,CMP-000014,lifecycle_winback_apac_q4,mobile,1,0,0,0,0,0,0,0.0
2025-01-31,facebook,paid_social,,Lifecycle Winback APAC Q4,desktop,0,1,0,0,0,0,0,0.0
2025-01-11,newsletter,email,CMP-000065,Product Launch Global Q4,desktop,0,1,0,0,0,0,0,0.0
2025-01-05,tiktok,paid_social,CMP-000073,BRAND SEARCH GLOBAL 2025,desktop,1,0,0,0,0,0,0,0.0
2025-01-05,google,cpc,CMP-000032,creator_spark_apac_fy25,desktop,1,0,0,0,0,0,0,0.0
2025-01-09,facebook,paid_social,CMP-000048,CREATOR SPARK NA FY25,mobile,0,1,0,0,0,0,0,0.0
2025-01-11,google,cpc,CMP-000007, Enterprise ABM APAC 2024  ,desktop,1,0,0,0,0,0,0,0.0
2025-01-21,google,cpc,CMP-000014,Brand SEM Global Q4,mobile,1,0,0,0,0,0,0,0.0
2025-01-07,google,cpc,CMP-000078,CREATOR SPARK GLOBAL 2024,desktop,0,1,0,0,0,0,0,0.0
2025-01-24,google,cpc,CMP-000011,Brand SEM US 2025,mobile,0,1,0,0,0,0,0,0.0
2025-01-27,(direct),(none),,Enterprise ABM Global 2025,mobile,0,0,1,0,0,0,0,0.0
2025-01-28,tiktok,paid_social,CMP-000034,product_launch_emea_fy25,mobile,0,1,0,0,0,0,0,0.0
2025-01-08,tiktok,paid_social,CMP-000057,LIFECYCLE WINBACK APAC 2024,desktop,0,1,0,0,0,0,0,0.0
2025-01-26,google,cpc,,retargeting_global_2024,mobile,0,1,0,0,0,0,0,0.0
2025-01-14,google,cpc,CMP-000037,Creator Spark NA Q4,mobile,0,0,0,0,1,0,0,0.0
2025-01-29,google,cpc,CMP-000003, Product Launch APAC FY25  ,desktop,1,0,0,0,0,0,0,0.0
2025-01-27,google,cpc,CMP-000011,holiday_promo_us_q4,desktop,0,0,1,0,0,0,0,0.0
2025-01-22,tiktok,paid_social,CMP-000053,HOLIDAY PROMO NA 2024,desktop,0,1,0,0,0,0,0,0.0
2025-01-06,facebook,paid_social,CMP-000074,Creator Spark NA Q4,desktop,1,0,0,0,0,0,0,0.0
2025-01-23,google,cpc,,ENTERPRISE ABM GLOBAL FY25,mobile,0,0,1,0,0,0,0,0.0
2025-01-22,google,cpc,CMP-000046,Retargeting EMEA 2024,desktop,0,1,0,0,0,0,0,0.0
2025-01-31,google,cpc,CMP-000070,Regional Expansion EMEA FY25,desktop,0,0,0,0,1,0,0,0.0
2025-01-20,facebook,paid_social,CMP-000036,Competitor SEM NA Q4,mobile,0,0,0,1,0,0,0,0.0
2025-01-26,facebook,paid_social,CMP-000076, Retargeting EMEA 2025  ,desktop,0,0,0,0,0,0,1,3027.88
2025-01-11,newsletter,email,CMP-000042,BRAND SEARCH EMEA 2024,mobile,0,1,0,0,0,0,0,0.0
2025-01-28,facebook,paid_social,CMP-000057,holiday_promo_na_2024,desktop,0,0,0,1,0,0,0,0.0
2025-01-09,tiktok,paid_social,CMP-000081,LIFECYCLE WINBACK GLOBAL Q4,mobile,0,1,0,0,0,0,0,0.0
2025-01-06,google,cpc,CMP-000059,Brand Search APAC FY25,desktop,0,1,0,0,0,0,0,0.0
2025-01-16,google,cpc,CMP-000022,CART RECOVERY US 2024,desktop,0,0,1,0,0,0,0,0.0
2025-01-22,tiktok,paid_social,CMP-000077,Competitor SEM APAC FY25,desktop,0,0,0,0,0,0,1,809.24
2025-01-12,google,cpc,CMP-000044,retargeting_na_q4,tablet,1,0,0,0,0,0,0,0.0
2025-01-20,google,cpc,CMP-000008,Lifecycle Winback US FY25,mobile,1,0,0,0,0,0,0,0.0
2025-01-15,newsletter,email,CMP-000072,CREATOR SPARK US Q4,desktop,1,0,0,0,0,0,0,0.0
2025-01-09,google,cpc,CMP-000057, Holiday Promo NA Q4  ,desktop,0,0,0,0,0,1,0,0.0
2025-01-07,facebook,paid_social,CMP-000046,Cart Recovery NA 2024,mobile,0,1,0,0,0,0,0,0.0
2025-01-15,tiktok,paid_social,CMP-000077, Retargeting Global Q4  ,mobile,0,0,0,0,1,0,0,0.0
2025-01-29,google,cpc,CMP-000034,Cart Recovery Global FY25,mobile,0,1,0,0,0,0,0,0.0
2025-01-17,google,cpc,CMP-000039,Product Launch NA FY25,mobile,0,0,1,0,0,0,0,0.0
2025-01-25,(direct),(none),CMP-000063,Product Launch EMEA 2025,mobile,0,1,0,0,0,0,0,0.0
2025-01-25,google,cpc,,Brand SEM NA 2024,mobile,0,1,0,0,0,0,0,0.0
2025-01-09,tiktok,paid_social,CMP-000064, Cart Recovery NA 2025  ,tablet,0,0,0,0,1,0,0,0.0
2025-01-18,partner,referral,CMP-000056, Lifecycle Winback NA Q4  ,desktop,1,0,0,0,0,0,0,0.0
2025-01-19,newsletter,email,CMP-000022,Product Launch Global 2024,tablet,1,0,0,0,0,0,0,0.0
2025-01-11,partner,referral,,PRODUCT LAUNCH US FY25,mobile,0,0,0,0,0,0,1,680.81
2025-01-14,facebook,paid_social,,Lifecycle Winback EMEA Q4,desktop,0,0,0,1,0,0,0,0.0
2025-01-05,google,cpc,, Lifecycle Winback EMEA 2024  ,mobile,0,0,0,1,0,0,0,0.0
2025-01-03,google,cpc,CMP-000063,COMPETITOR SEARCH NA 2024,tablet,1,0,0,0,0,0,0,0.0
2025-01-24,(direct),(none),CMP-000053, Cart Recovery Global Q4  ,mobile,0,0,0,0,0,0,1,1467.5
2025-01-03,facebook,paid_social,CMP-000017, Retargeting EMEA 2024  ,mobile,0,1,0,0,0,0,0,0.0
2025-01-06,facebook,paid_social,CMP-000018,Brand Search NA 2024,tablet,0,1,0,0,0,0,0,0.0
2025-01-29,google,cpc,CMP-000003,Competitor Search NA 2025,desktop,0,1,0,0,0,0,0,0.0
2025-01-21,facebook,paid_social,CMP-000021,product_launch_na_fy25,desktop,0,0,0,1,0,0,0,0.0
2025-01-25,facebook,paid_social,CMP-000078,Product Launch EMEA 2025,tablet,0,1,0,0,0,0,0,0.0
2025-01-30,(direct),(none),CMP-000023,Cart Recovery APAC 2025,mobile,0,1,0,0,0,0,0,0.0
2025-01-31,(direct),(none),CMP-000070,BRAND SEARCH NA 2024,mobile,0,0,1,0,0,0,0,0.0
2025-01-31,facebook,paid_social,CMP-000022,Competitor SEM Global 2024,mobile,0,0,0,1,0,0,0,0.0
2025-01-03,facebook,paid_social,CMP-000074,Product Launch Global 2025,mobile,0,0,1,0,0,0,0,0.0
2025-01-08,facebook,paid_social,CMP-000025,brand_search_na_fy25,desktop,1,0,0,0,0,0,0,0.0
2025-01-17,newsletter,email,CMP-000011,Holiday Promotion APAC Q4,mobile,0,0,0,1,0,0,0,0.0
2025-01-21,google,cpc,CMP-000066,COMPETITOR SEARCH EMEA 2024,desktop,0,1,0,0,0,0,0,0.0
2025-01-11,google,cpc,CMP-000070, Competitor Search APAC Q4  ,desktop,0,0,0,0,1,0,0,0.0
2025-01-14,tiktok,paid_social,,Cart Recovery Global 2024,desktop,0,0,0,0,0,1,0,0.0
2025-01-07,(direct),(none),CMP-000007,Product Launch NA 2025,desktop,0,0,0,0,0,0,1,791.32
2025-01-17,(direct),(none),CMP-000041, Product Launch US FY25  ,mobile,0,0,1,0,0,0,0,0.0
2025-01-24,google,cpc,,Creator Spark APAC 2024,mobile,1,0,0,0,0,0,0,0.0
2025-01-31,newsletter,email,CMP-000008, Competitor Search US 2025  ,desktop,1,0,0,0,0,0,0,0.0
2025-01-17,partner,referral,CMP-000036,holiday_promo_emea_2025,mobile,0,1,0,0,0,0,0,0.0
2025-01-29,newsletter,email,CMP-000053,BRAND SEARCH NA Q4,mobile,0,1,0,0,0,0,0,0.0
2025-01-28,newsletter,email,CMP-000018,Lifecycle Winback EMEA Q4,desktop,0,0,1,0,0,0,0,0.0
2025-01-11,google,cpc,CMP-000030, Regional Expansion EMEA FY25  ,mobile,1,0,0,0,0,0,0,0.0
2025-01-31,tiktok,paid_social,CMP-000033,Lifecycle Winback NA 2025,mobile,1,0,0,0,0,0,0,0.0
2025-01-31,facebook,paid_social,CMP-000032, Regional Expansion EMEA FY25  ,mobile,1,0,0,0,0,0,0,0.0
2025-01-12,facebook,paid_social,CMP-000059,Brand SEM Global 2025,desktop,0,1,0,0,0,0,0,0.0
2025-01-27,google,cpc,CMP-000075,Creator Spark Global 2025,mobile,0,1,0,0,0,0,0,0.0
2025-01-27,facebook,paid_social,CMP-000060,Cart Recovery NA Q4,desktop,0,1,0,0,0,0,0,0.0
2025-01-15,newsletter,email,CMP-000057,competitor_search_us_2024,desktop,1,0,0,0,0,0,0,0.0
2025-01-29,tiktok,paid_social,CMP-000073,Competitor Search US FY25,mobile,0,1,0,0,0,0,0,0.0
2025-01-15,facebook,paid_social,,RETARGETING NA Q4,mobile,1,0,0,0,0,0,0,0.0
2025-01-19,facebook,paid_social,, Lifecycle Winback APAC Q4  ,mobile,0,0,1,0,0,0,0,0.0
2025-01-26,(direct),(none),, Brand Search US Q4  ,mobile,0,1,0,0,0,0,0,0.0
2025-01-24,google,cpc,CMP-000032,HOLIDAY PROMO NA 2025,mobile,0,0,0,1,0,0,0,0.0
2025-01-01,google,cpc,CMP-000006,Brand SEM US FY25,desktop,0,0,0,0,0,0,1,456.9
2025-01-08,google,cpc,CMP-000013,PRODUCT LAUNCH GLOBAL Q4,desktop,1,0,0,0,0,0,0,0.0
2025-01-20,google,cpc,CMP-000065, Enterprise ABM Global FY25  ,desktop,0,1,0,0,0,0,0,0.0
2025-01-03,google,cpc,CMP-000030, Creator Spark EMEA Q4  ,desktop,0,0,0,1,0,0,0,0.0
2025-01-07,facebook,paid_social,CMP-000058,creator_spark_apac_2025,desktop,0,0,0,0,1,0,0,0.0
2025-01-03,google,cpc,CMP-000049,CART RECOVERY NA 2024,desktop,0,0,1,0,0,0,0,0.0
2025-01-23,(direct),(none),CMP-000057,LIFECYCLE WINBACK US 2025,tablet,0,0,1,0,0,0,0,0.0
2025-01-18,newsletter,email,CMP-000023,Competitor Search EMEA 2024,mobile,0,0,0,0,0,1,0,0.0
2025-01-15,facebook,paid_social,CMP-000074,Retargeting Global 2024,mobile,0,0,0,1,0,0,0,0.0
2025-01-09,newsletter,email,,brand_search_emea_fy25,mobile,0,0,1,0,0,0,0,0.0
2025-01-05,newsletter,email,CMP-000021,lifecycle_winback_global_2025,mobile,0,0,0,0,0,1,0,0.0
2025-01-15,facebook,paid_social,CMP-000067, Creator Spark US Q4  ,mobile,0,0,0,0,0,0,1,442.13
2025-01-24,(direct),(none),CMP-000058,regional_expansion_emea_2025,mobile,0,0,0,0,0,1,0,0.0
2025-01-25,google,cpc,CMP-000030,Retargeting Global 2024,tablet,0,1,0,0,0,0,0,0.0
2025-01-19,newsletter,email,CMP-000034,Creator Spark US Q4,tablet,0,1,0,0,0,0,0,0.0
2025-01-01,tiktok,paid_social,CMP-000046,lifecycle_winback_us_q4,desktop,0,1,0,0,0,0,0,0.0
2025-01-19,facebook,paid_social,CMP-000024,LIFECYCLE WINBACK US 2024,mobile,0,0,0,0,0,0,1,531.83
2025-01-19,google,cpc,CMP-000074,Lifecycle Winback EMEA 2024,mobile,0,0,0,0,0,1,0,0.0
2025-01-16,newsletter,email,, Competitor Search EMEA 2025  ,tablet,0,0,0,0,0,0,1,602.33
2025-01-21,google,cpc,CMP-000041, Enterprise ABM APAC 2025  ,desktop,0,0,0,0,1,0,0,0.0
2025-01-14,google,cpc,CMP-000028,Lifecycle Winback Global 2025,desktop,0,1,0,0,0,0,0,0.0
2025-01-07,google,cpc,CMP-000031,Lifecycle Winback NA FY25,desktop,0,0,0,0,1,0,0,0.0
2025-01-27,facebook,paid_social,CMP-000006,Competitor Search NA FY25,desktop,0,0,0,1,0,0,0,0.0
2025-01-15,facebook,paid_social,CMP-000036, Brand Search APAC 2025  ,desktop,0,1,0,0,0,0,0,0.0
2025-01-09,google,cpc,CMP-000010,Product Launch US FY25,desktop,0,1,0,0,0,0,0,0.0
2025-01-03,facebook,paid_social,,enterprise_abm_na_q4,desktop,0,0,0,0,1,0,0,0.0
2025-01-02,facebook,paid_social,,Brand SEM APAC FY25,mobile,0,1,0,0,0,0,0,0.0
2025-01-19,google,cpc,CMP-000004,brand_search_global_2025,desktop,0,0,1,0,0,0,0,0.0
2025-01-21,(direct),(none),CMP-000064,Competitor SEM US 2025,mobile,0,1,0,0,0,0,0,0.0
2025-01-14,google,cpc,CMP-000015,Product Launch APAC Q4,mobile,1,0,0,0,0,0,0,0.0
2025-01-19,facebook,paid_social,CMP-000015, Regional Expansion EMEA 2025  ,mobile,1,0,0,0,0,0,0,0.0
2025-01-19,google,cpc,CMP-000019,Cart Recovery US Q4,tablet,0,0,0,0,1,0,0,0.0
2025-01-21,google,cpc,CMP-000074,Brand Search Global FY25,mobile,0,1,0,0,0,0,0,0.0
2025-01-26,google,cpc,CMP-000034,competitor_search_apac_2024,desktop,0,0,0,1,0,0,0,0.0
2025-01-01,tiktok,paid_social,CMP-000044,Creator Spark NA FY25,desktop,0,1,0,0,0,0,0,0.0
2025-01-11,google,cpc,CMP-000075, Product Launch US FY25  ,desktop,0,1,0,0,0,0,0,0.0
2025-01-23,google,cpc,CMP-000074,PRODUCT LAUNCH EMEA 2025,desktop,0,0,1,0,0,0,0,0.0
2025-01-03,tiktok,paid_social,CMP-000057, Enterprise ABM EMEA Q4  ,mobile,0,0,0,0,0,0,1,928.92
2025-01-02,google,cpc,CMP-000064, Cart Recovery APAC FY25  ,desktop,0,1,0,0,0,0,0,0.0
2025-01-20,google,cpc,,Lifecycle Winback Global FY25,desktop,0,0,0,0,0,0,1,937.57
2025-01-31,newsletter,email,CMP-000044,Creator Spark NA FY25,mobile,1,0,0,0,0,0,0,0.0
2025-01-06,facebook,paid_social,CMP-000073,Regional Expansion US 2025,desktop,0,1,0,0,0,0,0,0.0
2025-01-26,google,cpc,CMP-000048,Brand Search Global 2025,desktop,1,0,0,0,0,0,0,0.0
2025-01-27,newsletter,email,CMP-000041,Regional Expansion Global FY25,mobile,0,1,0,0,0,0,0,0.0
2025-01-12,facebook,paid_social,CMP-000008,Holiday Promo EMEA Q4,desktop,0,0,0,0,0,0,1,346.45
2025-01-13,(direct),(none),CMP-000036,lifecycle_winback_us_q4,mobile,0,1,0,0,0,0,0,0.0
2025-01-24,partner,referral,CMP-000017,Product Launch NA 2024,desktop,1,0,0,0,0,0,0,0.0
2025-01-14,partner,referral,CMP-000033,Product Launch EMEA FY25,desktop,1,0,0,0,0,0,0,0.0
2025-01-23,(direct),(none),CMP-000068,Creator Spark EMEA FY25,desktop,0,0,1,0,0,0,0,0.0
2025-01-05,partner,referral,,Cart Recovery EMEA 2025,mobile,0,0,0,0,0,0,1,1101.21
2025-01-23,google,cpc,CMP-000077,Enterprise ABM Global Q4,mobile,0,0,0,1,0,0,0,0.0
2025-01-11,(direct),(none),CMP-000081, Enterprise ABM NA FY25  ,mobile,0,0,0,1,0,0,0,0.0
2025-01-20,newsletter,email,CMP-000020,Holiday Promo US 2025,desktop,0,0,1,0,0,0,0,0.0
2025-01-26,facebook,paid_social,CMP-000024,Enterprise ABM APAC Q4,tablet,0,0,1,0,0,0,0,0.0
2025-01-02,google,cpc,CMP-000057,Product Launch US 2024,mobile,0,0,1,0,0,0,0,0.0
2025-01-31,facebook,paid_social,CMP-000027,lifecycle_winback_emea_fy25,mobile,0,0,1,0,0,0,0,0.0
2025-01-28,google,cpc,CMP-000024,Retargeting Global 2025,mobile,0,0,0,0,0,1,0,0.0
2025-01-08,(direct),(none),CMP-000037,Retargeting Global Q4,mobile,0,1,0,0,0,0,0,0.0
2025-01-28,facebook,paid_social,,Product Launch US FY25,desktop,1,0,0,0,0,0,0,0.0
2025-01-05,partner,referral,CMP-000061, Retargeting Global Q4  ,desktop,1,0,0,0,0,0,0,0.0
2025-01-07,google,cpc,,Product Launch EMEA Q4,mobile,0,1,0,0,0,0,0,0.0
2025-01-12,facebook,paid_social,CMP-000083,CART RECOVERY NA 2025,desktop,0,0,0,1,0,0,0,0.0
2025-01-19,google,cpc,CMP-000070,Enterprise ABM EMEA 2025,mobile,0,1,0,0,0,0,0,0.0
2025-01-15,partner,referral,CMP-000046,competitor_search_na_2025,mobile,0,1,0,0,0,0,0,0.0
2025-01-10,google,cpc,CMP-000035, Product Launch EMEA 2024  ,mobile,0,1,0,0,0,0,0,0.0
2025-01-26,tiktok,paid_social,CMP-000051,Retargeting Global FY25,desktop,0,1,0,0,0,0,0,0.0
2025-01-11,tiktok,paid_social,CMP-000028,Enterprise ABM US FY25,mobile,0,1,0,0,0,0,0,0.0
2025-01-03,(direct),(none),CMP-000082,Cart Recovery NA FY25,tablet,0,0,1,0,0,0,0,0.0
2025-01-22,google,cpc,CMP-000045,Enterprise ABM EMEA FY25,mobile,0,1,0,0,0,0,0,0.0
2025-01-19,google,cpc,,Regional Expansion APAC 2025,mobile,0,0,0,1,0,0,0,0.0
2025-01-01,partner,referral,CMP-000026, Holiday Promo APAC 2025  ,mobile,0,1,0,0,0,0,0,0.0
2025-01-27,newsletter,email,,CART RECOVERY US FY25,mobile,0,1,0,0,0,0,0,0.0
2025-01-27,google,cpc,CMP-000048,BRAND SEARCH NA FY25,mobile,0,1,0,0,0,0,0,0.0
2025-01-29,newsletter,email,CMP-000040,retargeting_emea_fy25,mobile,1,0,0,0,0,0,0,0.0
2025-01-05,(direct),(none),CMP-000030,Lifecycle Winback APAC 2025,desktop,0,1,0,0,0,0,0,0.0
2025-01-09,tiktok,paid_social,CMP-000051,CREATOR SPARK APAC FY25,desktop,0,0,0,0,0,1,0,0.0
2025-01-02,tiktok,paid_social,CMP-000072,cart_recovery_na_fy25,mobile,1,0,0,0,0,0,0,0.0
2025-01-01,(direct),(none),CMP-000008,creator_spark_us_2024,desktop,1,0,0,0,0,0,0,0.0
2025-01-11,facebook,paid_social,CMP-000073,Regional Expansion EMEA 2025,mobile,0,1,0,0,0,0,0,0.0
2025-01-21,google,cpc,CMP-000074,Cart Recovery Global Q4,desktop,0,0,1,0,0,0,0,0.0
2025-01-05,facebook,paid_social,CMP-000003,product_launch_us_2025,desktop,0,1,0,0,0,0,0,0.0
2025-01-03,newsletter,email,,product_launch_emea_q4,desktop,0,1,0,0,0,0,0,0.0
2025-01-25,google,cpc,,Retargeting US Q4,mobile,0,1,0,0,0,0,0,0.0
2025-01-30,google,cpc,CMP-000022,Competitor Search Global FY25,desktop,0,1,0,0,0,0,0,0.0
2025-01-19,google,cpc,CMP-000049,Brand Search APAC 2025,desktop,0,1,0,0,0,0,0,0.0
2025-01-11,facebook,paid_social,CMP-000076,lifecycle_winback_apac_2024,mobile,0,1,0,0,0,0,0,0.0
2025-01-14,google,cpc,CMP-000030,Enterprise ABM US Q4,desktop,0,1,0,0,0,0,0,0.0
2025-01-28,google,cpc,CMP-000025,Cart Recovery US Q4,tablet,0,1,0,0,0,0,0,0.0
2025-01-12,google,cpc,CMP-000014,ENTERPRISE ABM GLOBAL 2024,desktop,1,0,0,0,0,0,0,0.0
2025-01-23,google,cpc,CMP-000071, Enterprise ABM NA 2025  ,mobile,0,1,0,0,0,0,0,0.0
2025-01-22,(direct),(none),CMP-000055,Brand SEM APAC 2024,mobile,0,1,0,0,0,0,0,0.0
2025-01-07,facebook,paid_social,CMP-000065,Retargeting US FY25,mobile,1,0,0,0,0,0,0,0.0
2025-01-02,tiktok,paid_social,CMP-000003,Creator Spark EMEA 2024,tablet,0,0,1,0,0,0,0,0.0
2025-01-27,facebook,paid_social,CMP-000059, Brand Search NA 2025  ,desktop,1,0,0,0,0,0,0,0.0
2025-01-22,facebook,paid_social,CMP-000029,retargeting_emea_2024,desktop,0,0,1,0,0,0,0,0.0
2025-01-01,google,cpc,CMP-000040,Brand Search APAC 2024,desktop,1,0,0,0,0,0,0,0.0
2025-01-07,google,cpc,CMP-000011,Cart Recovery US 2024,mobile,0,1,0,0,0,0,0,0.0
2025-01-24,google,cpc,CMP-000022, Product Launch NA FY25  ,desktop,0,1,0,0,0,0,0,0.0
2025-01-17,google,cpc,CMP-000067,creator_spark_global_2025,mobile,0,0,1,0,0,0,0,0.0
2025-01-03,google,cpc,CMP-000004,competitor_search_us_2025,desktop,0,0,0,0,0,0,1,1135.91
2025-01-02,facebook,paid_social,CMP-000068, Retargeting NA Q4  ,mobile,0,0,0,0,0,1,0,0.0
2025-01-20,facebook,paid_social,CMP-000060,Enterprise ABM EMEA 2024,desktop,1,0,0,0,0,0,0,0.0
2025-01-26,tiktok,paid_social,CMP-000017, Lifecycle Winback US Q4  ,desktop,1,0,0,0,0,0,0,0.0
2025-01-11,google,cpc,CMP-000003,RETARGETING NA 2024,mobile,0,1,0,0,0,0,0,0.0
2025-01-06,newsletter,email,,holiday_promo_us_q4,mobile,0,1,0,0,0,0,0,0.0
2025-01-21,newsletter,email,CMP-000022,Brand SEM Global Q4,tablet,0,0,0,1,0,0,0,0.0
2025-01-09,tiktok,paid_social,CMP-000034,Brand Search NA 2025,desktop,1,0,0,0,0,0,0,0.0
2025-01-04,(direct),(none),CMP-000080,CREATOR SPARK EMEA 2025,mobile,1,0,0,0,0,0,0,0.0
2025-01-27,(direct),(none),CMP-000036, Brand Search APAC 2025  ,mobile,0,0,1,0,0,0,0,0.0
2025-01-13,newsletter,email,CMP-000026,Competitor Search APAC 2025,tablet,0,0,0,1,0,0,0,0.0
2025-01-11,facebook,paid_social,CMP-000014,Enterprise ABM Global 2024,desktop,0,0,0,0,0,1,0,0.0
2025-01-11,tiktok,paid_social,CMP-000080,Competitor SEM APAC FY25,desktop,0,0,0,0,1,0,0,0.0
2025-01-07,facebook,paid_social,CMP-000055, Cart Recovery NA Q4  ,mobile,0,0,0,0,0,1,0,0.0
2025-01-12,facebook,paid_social,CMP-000038,product_launch_na_2024,mobile,1,0,0,0,0,0,0,0.0
2025-01-17,google,cpc,CMP-000081, Regional Expansion APAC FY25  ,desktop,0,0,0,0,0,1,0,0.0
2025-01-03,partner,referral,CMP-000056,Enterprise ABM US 2025,desktop,0,0,1,0,0,0,0,0.0
2025-01-13,google,cpc,CMP-000024,Creator Spark US Q4,desktop,0,0,0,1,0,0,0,0.0
2025-01-02,facebook,paid_social,CMP-000039, Competitor Search US 2024  ,mobile,0,1,0,0,0,0,0,0.0
2025-01-15,google,cpc,CMP-000036, Enterprise ABM EMEA FY25  ,mobile,0,0,0,0,0,1,0,0.0
2025-01-26,google,cpc,CMP-000032,Holiday Promotion EMEA 2025,mobile,0,0,0,0,1,0,0,0.0
2025-01-31,tiktok,paid_social,CMP-000024,product_launch_emea_fy25,desktop,0,0,0,0,0,0,1,1179.29
2025-01-16,(direct),(none),CMP-000006,Product Launch Global 2025,desktop,0,1,0,0,0,0,0,0.0
2025-01-10,google,cpc,CMP-000021,Creator Spark NA Q4,mobile,0,1,0,0,0,0,0,0.0
2025-01-29,tiktok,paid_social,CMP-000075,Retargeting NA FY25,mobile,0,0,1,0,0,0,0,0.0
2025-01-23,facebook,paid_social,CMP-000068,Product Launch US FY25,mobile,0,0,1,0,0,0,0,0.0
2025-01-14,tiktok,paid_social,CMP-000007,Product Launch NA Q4,desktop,0,1,0,0,0,0,0,0.0
2025-01-02,google,cpc,CMP-000081,Retargeting NA 2024,desktop,1,0,0,0,0,0,0,0.0
2025-01-08,facebook,paid_social,CMP-000054,ENTERPRISE ABM EMEA 2025,tablet,0,0,1,0,0,0,0,0.0
2025-01-15,google,cpc,CMP-000080,Enterprise ABM APAC FY25,mobile,1,0,0,0,0,0,0,0.0
2025-01-15,google,cpc,CMP-000040, Holiday Promo US 2024  ,mobile,0,0,0,0,1,0,0,0.0
2025-01-29,google,cpc,CMP-000066,Product Launch EMEA Q4,desktop,0,1,0,0,0,0,0,0.0
2025-01-08,google,cpc,CMP-000021,Brand SEM US 2024,mobile,0,1,0,0,0,0,0,0.0
2025-01-14,google,cpc,CMP-000020,Cart Recovery EMEA 2024,desktop,0,0,0,1,0,0,0,0.0
2025-01-15,google,cpc,CMP-000072, Retargeting Global Q4  ,desktop,0,1,0,0,0,0,0,0.0
2025-01-28,facebook,paid_social,,RETARGETING EMEA 2024,mobile,0,1,0,0,0,0,0,0.0
2025-01-30,facebook,paid_social,CMP-000081,CREATOR SPARK APAC Q4,desktop,0,0,0,1,0,0,0,0.0
2025-01-10,newsletter,email,CMP-000036,Product Launch EMEA FY25,desktop,0,0,0,0,1,0,0,0.0
2025-01-28,google,cpc,CMP-000082,Lifecycle Winback APAC 2025,mobile,0,1,1,0,0,0,0,0.0
2025-01-17,tiktok,paid_social,CMP-000035,Creator Spark Global 2024,tablet,1,0,0,0,0,0,0,0.0
2025-01-08,facebook,paid_social,CMP-000009,Brand Search Global 2024,tablet,0,1,0,0,0,0,0,0.0
2025-01-10,tiktok,paid_social,CMP-000060,Brand SEM APAC 2025,desktop,0,0,0,0,1,0,0,0.0
2025-01-02,tiktok,paid_social,CMP-000056,Holiday Promo US FY25,mobile,0,1,0,0,0,0,0,0.0
2025-01-04,tiktok,paid_social,CMP-000075,Brand SEM EMEA 2025,desktop,0,1,0,0,0,0,0,0.0
2025-01-07,tiktok,paid_social,CMP-000080,Enterprise ABM APAC FY25,mobile,0,0,1,0,0,0,0,0.0
2025-01-22,newsletter,email,CMP-000050,Product Launch US 2024,desktop,0,1,0,0,0,0,0,0.0
2025-01-29,partner,referral,CMP-000008,Cart Recovery Global 2024,mobile,0,1,0,0,0,0,0,0.0
2025-01-29,google,cpc,CMP-000059,CREATOR SPARK APAC Q4,desktop,0,0,0,0,0,1,0,0.0
2025-01-03,google,cpc,CMP-000019, Product Launch APAC 2025  ,mobile,0,1,0,0,0,0,0,0.0
2025-01-16,google,cpc,CMP-000041,Competitor Search EMEA 2025,desktop,0,1,0,0,0,0,0,0.0
2025-01-25,newsletter,email,CMP-000045,holiday_promo_emea_2024,desktop,1,0,0,0,0,0,0,0.0
2025-01-17,newsletter,email,CMP-000037,brand_search_global_2025,desktop,0,0,0,1,0,0,0,0.0
2025-01-27,tiktok,paid_social,CMP-000009,retargeting_us_q4,mobile,0,0,0,0,0,1,0,0.0
2025-01-20,google,cpc,CMP-000012,holiday_promo_apac_q4,mobile,1,0,0,0,0,0,0,0.0
2025-01-31,newsletter,email,,Holiday Promo EMEA 2024,desktop,1,0,0,0,0,0,0,0.0
2025-01-03,facebook,paid_social,CMP-000048, Product Launch NA Q4  ,mobile,1,0,0,0,0,0,0,0.0
2025-01-31,google,cpc,CMP-000002,LIFECYCLE WINBACK APAC FY25,tablet,0,1,0,0,0,0,0,0.0
2025-01-20,(direct),(none),CMP-000075,Competitor Search NA FY25,tablet,0,1,0,0,0,0,0,0.0
2025-01-11,google,cpc,CMP-000077, Regional Expansion NA 2025  ,desktop,0,0,0,0,0,0,1,581.78
2025-01-06,google,cpc,CMP-000010,enterprise_abm_emea_fy25,mobile,0,0,0,0,0,0,1,1062.55
2025-01-10,google,cpc,CMP-000043,Creator Spark EMEA FY25,mobile,0,0,1,0,0,0,0,0.0
2025-01-05,tiktok,paid_social,CMP-000038, Retargeting US FY25  ,mobile,0,0,0,0,0,0,1,737.44
2025-01-19,google,cpc,,ENTERPRISE ABM APAC Q4,mobile,0,1,0,0,0,0,0,0.0
2025-01-21,(direct),(none),CMP-000057,Brand Search Global 2025,desktop,0,1,0,0,0,0,0,0.0
2025-01-15,facebook,paid_social,CMP-000083,lifecycle_winback_global_2025,desktop,1,0,0,0,0,0,0,0.0
2025-01-06,tiktok,paid_social,CMP-000037, Enterprise ABM US 2025  ,desktop,0,1,0,0,0,0,0,0.0
2025-01-30,partner,referral,CMP-000015, Brand Search NA FY25  ,mobile,1,0,0,0,0,0,0,0.0
2025-01-12,google,cpc,,COMPETITOR SEARCH NA 2025,mobile,0,0,0,0,1,0,0,0.0
2025-01-07,newsletter,email,CMP-000040,Cart Recovery APAC FY25,desktop,1,0,0,0,0,0,0,0.0
2025-01-11,facebook,paid_social,CMP-000032, Cart Recovery US Q4  ,desktop,1,0,0,0,0,0,0,0.0
2025-01-25,facebook,paid_social,CMP-000074,Competitor SEM APAC 2024,mobile,0,1,0,0,0,0,0,0.0
2025-01-01,newsletter,email,CMP-000075,Competitor SEM APAC 2024,tablet,0,1,0,0,0,0,0,0.0
2025-01-04,facebook,paid_social,CMP-000072,Product Launch US 2024,desktop,0,0,0,1,0,0,0,0.0
2025-01-06,newsletter,email,CMP-000032,cart_recovery_global_q4,mobile,0,1,0,0,0,0,0,0.0
2025-01-09,tiktok,paid_social,CMP-000037,lifecycle_winback_emea_q4,tablet,0,0,0,0,1,0,0,0.0
2025-01-12,google,cpc,CMP-000044,Regional Expansion NA FY25,mobile,0,0,0,0,1,0,0,0.0
2025-01-09,google,cpc,CMP-000021,Creator Spark NA 2025,mobile,0,1,0,0,0,0,0,0.0
2025-01-14,partner,referral,,competitor_search_apac_2024,mobile,1,0,0,0,0,0,0,0.0
2025-01-07,google,cpc,CMP-000001,lifecycle_winback_na_2025,desktop,0,0,0,1,0,0,0,0.0
2025-01-03,tiktok,paid_social,CMP-000074,Cart Recovery Global Q4,desktop,0,1,0,0,0,0,0,0.0
2025-01-20,google,cpc,CMP-000017,regional_expansion_global_2024,mobile,0,1,0,0,0,0,0,0.0
2025-01-15,facebook,paid_social,CMP-000054,Holiday Promotion Global Q4,desktop,0,0,1,0,0,0,0,0.0
2025-01-05,newsletter,email,CMP-000064,Holiday Promo APAC FY25,mobile,0,0,0,0,0,0,1,527.84
2025-01-27,google,cpc,CMP-000008, Brand Search Global FY25  ,tablet,0,1,0,0,0,0,0,0.0
2025-01-19,facebook,paid_social,CMP-000019,product_launch_apac_q4,desktop,0,0,0,0,0,0,1,495.01
2025-01-25,partner,referral,CMP-000006,Lifecycle Winback NA 2024,desktop,0,1,0,0,0,0,0,0.0
2025-01-10,google,cpc,,Holiday Promo EMEA FY25,mobile,0,1,0,0,0,0,0,0.0
2025-01-09,(direct),(none),CMP-000046,Product Launch Global 2024,mobile,0,1,0,0,0,0,0,0.0
2025-01-31,facebook,paid_social,CMP-000014,Brand SEM US 2025,tablet,1,0,0,0,0,0,0,0.0
2025-01-26,facebook,paid_social,CMP-000014,regional_expansion_na_2024,mobile,0,0,0,0,0,0,1,838.5
2025-01-21,facebook,paid_social,CMP-000042, Regional Expansion Global Q4  ,mobile,1,0,0,0,0,0,0,0.0
2025-01-07,newsletter,email,CMP-000011,Product Launch APAC 2024,desktop,0,1,0,0,0,0,0,0.0
2025-01-29,facebook,paid_social,CMP-000083,Enterprise ABM US 2025,mobile,1,0,0,0,0,0,0,0.0
2025-01-12,newsletter,email,CMP-000055,CART RECOVERY US 2025,mobile,0,1,0,0,0,0,0,0.0
2025-01-11,facebook,paid_social,CMP-000032,PRODUCT LAUNCH US Q4,mobile,0,1,0,0,0,0,0,0.0
2025-01-08,google,cpc,CMP-000044, Lifecycle Winback Global FY25  ,mobile,0,0,0,0,0,1,0,0.0
2025-01-19,google,cpc,CMP-000008,Creator Spark US 2025,desktop,0,0,0,0,0,1,0,0.0
2025-01-23,google,cpc,CMP-000074,Regional Expansion NA 2025,mobile,0,0,0,0,0,1,0,0.0
2025-01-21,google,cpc,CMP-000011, Competitor Search NA Q4  ,mobile,0,1,0,0,0,0,0,0.0
2025-01-12,partner,referral,CMP-000018,PRODUCT LAUNCH GLOBAL 2024,desktop,1,0,0,0,0,0,0,0.0
2025-01-07,(direct),(none),CMP-000052,holiday_promo_apac_2024,mobile,1,0,0,0,0,0,0,0.0
2025-01-13,newsletter,email,CMP-000029,competitor_search_emea_2024,desktop,0,0,1,0,0,0,0,0.0
2025-01-29,google,cpc,CMP-000067,Competitor Search APAC FY25,desktop,1,0,0,0,0,0,0,0.0
2025-01-04,google,cpc,CMP-000030,retargeting_global_2025,desktop,0,0,0,0,1,0,0,0.0
2025-01-10,tiktok,paid_social,, Retargeting APAC FY25  ,mobile,0,1,0,0,0,0,0,0.0
2025-01-15,google,cpc,CMP-000038,Competitor Search Global 2025,mobile,1,0,0,0,0,0,0,0.0
2025-01-27,tiktok,paid_social,CMP-000013,creator_spark_na_fy25,desktop,0,0,1,0,0,0,0,0.0
2025-01-07,newsletter,email,CMP-000025,Competitor Search EMEA FY25,mobile,1,0,0,0,0,0,0,0.0
2025-01-31,newsletter,email,CMP-000083,Creator Spark EMEA Q4,desktop,0,0,0,1,0,0,0,0.0
2025-01-22,google,cpc,CMP-000066,Competitor SEM US Q4,mobile,0,0,1,0,0,0,0,0.0
2025-01-23,google,cpc,CMP-000023,Enterprise ABM Global 2024,desktop,1,0,0,0,0,0,0,0.0
2025-01-14,partner,referral,CMP-000053,Product Launch APAC 2025,mobile,0,1,0,0,0,0,0,0.0
2025-01-18,partner,referral,CMP-000004,Product Launch EMEA FY25,mobile,0,1,0,0,0,0,0,0.0
2025-01-11,google,cpc,CMP-000005,COMPETITOR SEARCH US 2025,desktop,1,0,0,0,0,0,0,0.0
2025-01-28,facebook,paid_social,CMP-000005,Brand Search EMEA 2025,desktop,0,0,1,0,0,0,0,0.0
2025-01-29,newsletter,email,CMP-000054, Product Launch Global 2024  ,mobile,1,0,0,0,0,0,0,0.0
2025-01-10,google,cpc,CMP-000012,Lifecycle Winback Global FY25,mobile,0,0,0,1,0,0,0,0.0
2025-01-24,partner,referral,CMP-000053,retargeting_us_2024,mobile,0,0,0,0,0,1,0,0.0
2025-01-21,google,cpc,CMP-000054,Retargeting US FY25,desktop,1,0,0,0,0,0,0,0.0
2025-01-27,partner,referral,CMP-000006, Brand Search Global Q4  ,mobile,0,0,0,1,0,0,0,0.0
2025-01-05,facebook,paid_social,CMP-000079,creator_spark_na_2025,mobile,0,1,0,0,0,0,0,0.0
2025-01-06,google,cpc,,Retargeting EMEA Q4,mobile,1,0,0,0,0,0,0,0.0
2025-01-28,google,cpc,CMP-000076,Creator Spark Global 2024,desktop,0,1,0,0,0,0,0,0.0
2025-01-25,google,cpc,CMP-000014, Retargeting Global 2024  ,mobile,0,0,0,1,0,0,0,0.0
2025-01-29,google,cpc,CMP-000015,holiday_promo_apac_2025,desktop,0,0,0,0,0,0,1,869.68
2025-01-04,facebook,paid_social,CMP-000038, Product Launch EMEA 2025  ,mobile,0,0,0,0,0,1,0,0.0
2025-01-12,facebook,paid_social,,cart_recovery_us_q4,desktop,1,0,0,0,0,0,0,0.0
2025-01-21,tiktok,paid_social,CMP-000079, Competitor Search US 2025  ,mobile,0,0,1,0,0,0,0,0.0
2025-01-31,google,cpc,, Enterprise ABM Global FY25  ,mobile,0,1,0,0,0,0,0,0.0
2025-01-24,google,cpc,CMP-000037,Brand SEM APAC 2025,desktop,0,1,0,0,0,0,0,0.0
2025-01-23,tiktok,paid_social,CMP-000062,CREATOR SPARK GLOBAL 2025,mobile,1,0,0,0,0,0,0,0.0
2025-01-02,newsletter,email,CMP-000054,Holiday Promotion US FY25,desktop,0,1,0,0,0,0,0,0.0
2025-01-03,(direct),(none),CMP-000011, Lifecycle Winback EMEA Q4  ,mobile,0,0,1,0,0,0,0,0.0
2025-01-18,google,cpc,CMP-000082,LIFECYCLE WINBACK APAC 2025,desktop,0,1,0,0,0,0,0,0.0
2025-01-04,facebook,paid_social,,creator_spark_global_fy25,desktop,1,0,0,0,0,0,0,0.0
2025-01-18,tiktok,paid_social,CMP-000012,Creator Spark US FY25,mobile,0,1,0,0,0,0,0,0.0
2025-01-19,facebook,paid_social,CMP-000018,COMPETITOR SEARCH APAC 2025,desktop,0,0,1,0,0,0,0,0.0
2025-01-26,newsletter,email,CMP-000004,Product Launch US Q4,desktop,0,1,0,0,0,0,0,0.0
2025-01-02,tiktok,paid_social,CMP-000051,Brand Search APAC Q4,desktop,0,0,0,0,1,0,0,0.0
2025-01-22,google,cpc,CMP-000018,lifecycle_winback_na_2025,mobile,0,1,0,0,0,0,0,0.0
2025-01-06,google,cpc,CMP-000003,LIFECYCLE WINBACK EMEA 2025,mobile,0,1,0,0,0,0,0,0.0
2025-01-19,newsletter,email,CMP-000030,COMPETITOR SEARCH EMEA FY25,desktop,0,1,0,0,0,0,0,0.0
2025-01-20,google,cpc,CMP-000019,regional_expansion_us_2025,desktop,0,0,0,0,1,0,0,0.0
2025-01-25,newsletter,email,CMP-000080,Creator Spark NA Q4,mobile,0,0,1,0,0,0,0,0.0
2025-01-29,partner,referral,CMP-000028, Retargeting NA Q4  ,mobile,0,1,0,0,0,0,0,0.0
2025-01-13,google,cpc,CMP-000014,Regional Expansion NA Q4,mobile,0,0,0,0,0,1,0,0.0
2025-01-19,google,cpc,CMP-000070,Regional Expansion APAC 2025,desktop,0,1,0,0,0,0,0,0.0
2025-01-18,google,cpc,CMP-000027,Cart Recovery Global Q4,desktop,0,1,0,0,0,0,0,0.0
2025-01-29,(direct),(none),,CART RECOVERY US FY25,mobile,0,0,0,1,0,0,0,0.0
2025-01-13,tiktok,paid_social,CMP-000063,COMPETITOR SEARCH GLOBAL Q4,mobile,0,1,0,0,0,0,0,0.0
2025-01-18,partner,referral,CMP-000008,Creator Spark Global FY25,desktop,1,0,0,0,0,0,0,0.0
2025-01-28,facebook,paid_social,CMP-000070,lifecycle_winback_emea_fy25,mobile,1,0,0,0,0,0,0,0.0
2025-01-23,tiktok,paid_social,,Cart Recovery EMEA FY25,mobile,0,1,0,0,0,0,0,0.0
2025-01-31,google,cpc,CMP-000061,Competitor Search EMEA 2024,desktop,0,1,0,0,0,0,0,0.0
2025-01-06,facebook,paid_social,CMP-000058,PRODUCT LAUNCH GLOBAL 2025,desktop,0,0,0,0,0,1,0,0.0
2025-01-21,facebook,paid_social,CMP-000032,REGIONAL EXPANSION US 2024,mobile,1,0,0,0,0,0,0,0.0
2025-01-27,tiktok,paid_social,CMP-000069,brand_search_global_2024,mobile,0,0,1,0,0,0,0,0.0
2025-01-11,google,cpc,,Lifecycle Winback NA 2025,mobile,0,0,1,0,0,0,0,0.0
2025-01-31,google,cpc,CMP-000019,Enterprise ABM Global Q4,mobile,0,0,1,0,0,0,0,0.0
2025-01-23,tiktok,paid_social,, Lifecycle Winback APAC FY25  ,desktop,0,1,0,0,0,0,0,0.0
2025-01-23,google,cpc,CMP-000016, Creator Spark EMEA 2024  ,mobile,0,0,1,0,0,0,0,0.0
2025-01-22,facebook,paid_social,CMP-000077,Retargeting EMEA 2024,desktop,0,0,1,0,0,0,0,0.0
2025-01-20,facebook,paid_social,CMP-000025,Lifecycle Winback Global FY25,desktop,0,1,0,0,0,0,0,0.0
2025-01-29,tiktok,paid_social,CMP-000056,Enterprise ABM Global FY25,desktop,0,1,0,0,0,0,0,0.0
2025-01-09,partner,referral,CMP-000051,Creator Spark Global FY25,mobile,0,0,0,0,1,0,0,0.0
2025-01-17,google,cpc,CMP-000049, Regional Expansion NA Q4  ,desktop,0,1,0,0,0,0,0,0.0
2025-01-11,google,cpc,CMP-000049,PRODUCT LAUNCH US 2025,desktop,0,1,0,0,0,0,0,0.0
2025-01-06,(direct),(none),CMP-000069, Competitor Search EMEA Q4  ,mobile,1,0,0,0,0,0,0,0.0
2025-01-21,google,cpc,CMP-000022,creator_spark_na_fy25,mobile,0,1,0,0,0,0,0,0.0
2025-01-30,newsletter,email,CMP-000039,cart_recovery_na_2024,desktop,1,0,0,0,0,0,0,0.0
2025-01-17,facebook,paid_social,CMP-000021, Holiday Promo US Q4  ,mobile,1,0,0,0,0,0,0,0.0
2025-01-20,google,cpc,CMP-000033,Holiday Promo NA 2024,mobile,0,1,0,0,0,0,0,0.0
2025-01-23,google,cpc,CMP-000022, Retargeting US 2025  ,mobile,1,0,0,0,0,0,0,0.0
2025-01-27,(direct),(none),CMP-000022,Creator Spark Global Q4,tablet,0,0,0,0,1,0,0,0.0
2025-01-10,tiktok,paid_social,CMP-000050, Enterprise ABM US 2024  ,mobile,0,0,1,0,0,0,0,0.0
2025-01-24,tiktok,paid_social,CMP-000040,product_launch_na_2024,desktop,0,1,0,0,0,0,0,0.0
2025-01-15,google,cpc,CMP-000039,Product Launch US 2024,desktop,1,0,0,0,0,0,0,0.0
2025-01-17,google,cpc,CMP-000004,Creator Spark EMEA 2024,mobile,1,0,0,0,0,0,0,0.0
2025-01-05,facebook,paid_social,CMP-000002,RETARGETING EMEA 2025,mobile,0,1,0,0,0,0,0,0.0
2025-01-10,google,cpc,CMP-000011,Cart Recovery EMEA FY25,desktop,0,0,0,1,0,0,0,0.0
2025-01-30,facebook,paid_social,CMP-000042,Enterprise ABM NA 2024,desktop,0,0,1,0,0,0,0,0.0
2025-01-09,tiktok,paid_social,CMP-000074, Creator Spark Global Q4  ,desktop,1,0,0,0,0,0,0,0.0
2025-01-28,google,cpc,CMP-000020,PRODUCT LAUNCH APAC FY25,mobile,0,0,0,0,1,0,0,0.0
2025-01-17,google,cpc,CMP-000010, Retargeting EMEA 2025  ,desktop,0,1,0,0,0,0,0,0.0
2025-01-14,facebook,paid_social,CMP-000003,Holiday Promotion NA Q4,desktop,1,0,0,0,0,0,0,0.0
2025-01-27,google,cpc,CMP-000059,PRODUCT LAUNCH NA FY25,desktop,0,0,0,1,0,0,0,0.0
2025-01-26,facebook,paid_social,CMP-000013,Creator Spark NA FY25,mobile,0,0,0,0,1,0,0,0.0
2025-01-07,tiktok,paid_social,CMP-000082, Cart Recovery EMEA 2024  ,mobile,0,0,0,0,0,1,0,0.0
2025-01-20,google,cpc,CMP-000061,Cart Recovery NA Q4,mobile,0,0,0,0,0,0,1,485.77
2025-01-05,facebook,paid_social,CMP-000044,creator_spark_global_fy25,mobile,0,1,0,0,0,0,0,0.0
2025-01-31,partner,referral,CMP-000001,Cart Recovery EMEA Q4,mobile,0,1,0,0,0,0,0,0.0
2025-01-03,tiktok,paid_social,CMP-000032,enterprise_abm_global_q4,desktop,1,0,0,0,0,0,0,0.0
2025-01-13,google,cpc,CMP-000028,LIFECYCLE WINBACK US FY25,tablet,0,0,0,0,0,1,0,0.0
2025-01-06,google,cpc,, Regional Expansion Global 2024  ,desktop,0,0,1,0,0,0,0,0.0
2025-01-25,google,cpc,CMP-000023,Enterprise ABM NA 2025,mobile,0,0,1,0,0,0,0,0.0
2025-01-19,google,cpc,CMP-000041,lifecycle_winback_us_fy25,desktop,0,1,0,0,0,0,0,0.0
2025-01-29,facebook,paid_social,CMP-000076,ENTERPRISE ABM EMEA 2025,tablet,0,0,0,0,0,0,1,1546.0
2025-01-10,newsletter,email,CMP-000013,competitor_search_apac_fy25,mobile,0,1,0,0,0,0,0,0.0
2025-01-20,google,cpc,CMP-000030,Retargeting US FY25,mobile,1,0,0,0,0,0,0,0.0
2025-01-11,google,cpc,CMP-000032, Holiday Promo APAC FY25  ,mobile,0,1,0,0,0,0,0,0.0
2025-01-18,newsletter,email,CMP-000031,brand_search_emea_fy25,mobile,0,0,1,0,0,0,0,0.0
2025-01-20,tiktok,paid_social,CMP-000071,brand_search_na_2024,mobile,1,0,0,0,0,0,0,0.0
2025-01-02,google,cpc,CMP-000033,Cart Recovery NA 2024,desktop,0,1,0,0,0,0,0,0.0
2025-01-16,google,cpc,, Regional Expansion Global 2024  ,mobile,0,0,0,1,0,0,0,0.0
2025-01-10,google,cpc,CMP-000016,regional_expansion_apac_2025,desktop,0,1,0,0,0,0,0,0.0
2025-01-04,google,cpc,CMP-000034,Holiday Promotion US FY25,mobile,0,0,0,0,1,0,0,0.0
2025-01-11,tiktok,paid_social,CMP-000028, Competitor Search US Q4  ,tablet,1,0,0,0,0,0,0,0.0
2025-01-28,tiktok,paid_social,,regional_expansion_us_fy25,desktop,0,1,0,0,0,0,0,0.0
2025-01-28,google,cpc,CMP-000073,creator_spark_global_2024,mobile,0,0,0,0,0,0,1,1331.32
2025-01-26,google,cpc,CMP-000029,enterprise_abm_apac_q4,desktop,0,0,0,0,0,0,1,1357.86
2025-01-30,google,cpc,CMP-000078,COMPETITOR SEARCH US FY25,mobile,0,1,0,0,0,0,0,0.0
2025-01-13,tiktok,paid_social,CMP-000063,regional_expansion_emea_2024,mobile,1,0,0,0,0,0,0,0.0
2025-01-07,tiktok,paid_social,CMP-000036,Retargeting APAC FY25,desktop,0,1,0,0,0,0,0,0.0
2025-01-18,google,cpc,, Brand Search NA FY25  ,mobile,1,0,0,0,0,0,0,0.0
2025-01-20,google,cpc,CMP-000005,Brand Search APAC 2024,mobile,1,0,0,0,0,0,0,0.0
2025-01-03,tiktok,paid_social,CMP-000033,Product Launch Global FY25,mobile,0,0,1,0,0,0,0,0.0
2025-01-05,google,cpc,CMP-000039,Creator Spark NA FY25,mobile,0,0,0,1,0,0,0,0.0
2025-01-19,tiktok,paid_social,CMP-000081,Holiday Promo EMEA FY25,desktop,1,0,0,0,0,0,0,0.0
2025-01-31,facebook,paid_social,CMP-000013,product_launch_emea_fy25,desktop,0,1,0,0,0,0,0,0.0
2025-01-22,facebook,paid_social,CMP-000062,Regional Expansion APAC FY25,desktop,1,0,0,0,0,0,0,0.0
2025-01-08,tiktok,paid_social,,creator_spark_apac_q4,mobile,0,0,0,0,1,0,0,0.0
2025-01-06,partner,referral,,Brand Search APAC FY25,mobile,0,1,0,0,0,0,0,0.0
2025-01-13,google,cpc,CMP-000055,creator_spark_emea_fy25,tablet,0,1,0,0,0,0,0,0.0
2025-01-04,google,cpc,CMP-000022,Lifecycle Winback APAC 2025,desktop,1,0,0,0,0,0,0,0.0
2025-01-08,google,cpc,CMP-000029,ENTERPRISE ABM APAC FY25,mobile,0,0,0,0,1,0,0,0.0
2025-01-27,tiktok,paid_social,CMP-000019,product_launch_us_2025,mobile,0,0,0,0,1,0,0,0.0
2025-01-07,tiktok,paid_social,CMP-000063,Holiday Promo US FY25,mobile,1,0,0,0,0,0,0,0.0
2025-01-12,facebook,paid_social,CMP-000023, Brand Search US FY25  ,desktop,0,0,1,0,0,0,0,0.0
2025-01-19,newsletter,email,CMP-000041,LIFECYCLE WINBACK APAC 2024,mobile,0,0,1,0,0,0,0,0.0
2025-01-31,facebook,paid_social,CMP-000031,Enterprise ABM APAC 2024,desktop,0,0,0,0,0,1,0,0.0
2025-01-20,(direct),(none),CMP-000073,Brand Search Global 2025,desktop,0,1,0,0,0,0,0,0.0
2025-01-27,newsletter,email,CMP-000019,Holiday Promotion APAC FY25,desktop,0,1,0,0,0,0,0,0.0
2025-01-23,facebook,paid_social,CMP-000052,BRAND SEARCH GLOBAL FY25,mobile,1,0,0,0,0,0,0,0.0
2025-01-07,google,cpc,,brand_search_global_q4,mobile,1,0,0,0,0,0,0,0.0
2025-01-13,newsletter,email,CMP-000022, Product Launch Global Q4  ,desktop,1,0,0,0,0,0,0,0.0
2025-01-14,google,cpc,CMP-000083,REGIONAL EXPANSION NA 2025,mobile,1,0,0,0,0,0,0,0.0
2025-01-02,tiktok,paid_social,CMP-000032, Cart Recovery US FY25  ,mobile,0,0,0,1,0,0,0,0.0
2025-01-10,facebook,paid_social,CMP-000008,Retargeting NA 2025,desktop,0,1,0,0,0,0,0,0.0
2025-01-02,google,cpc,CMP-000068, Brand Search US 2024  ,tablet,0,1,0,0,0,0,0,0.0
2025-01-12,facebook,paid_social,CMP-000009,Retargeting Global Q4,mobile,0,1,0,0,0,0,0,0.0
2025-01-25,google,cpc,CMP-000080,retargeting_us_fy25,desktop,0,0,0,0,0,0,1,1046.23
2025-01-09,(direct),(none),CMP-000047,REGIONAL EXPANSION GLOBAL 2024,desktop,0,1,0,0,0,0,0,0.0
2025-01-30,newsletter,email,CMP-000020,Product Launch US 2025,desktop,0,0,1,0,0,0,0,0.0
2025-01-29,facebook,paid_social,CMP-000044,Regional Expansion APAC 2025,desktop,0,1,0,0,0,0,0,0.0
2025-01-07,newsletter,email,CMP-000061, Brand Search EMEA 2025  ,mobile,0,0,1,0,0,0,0,0.0
2025-01-21,facebook,paid_social,CMP-000064,holiday_promo_global_2025,desktop,1,0,0,0,0,0,0,0.0
2025-01-01,facebook,paid_social,CMP-000077,CART RECOVERY GLOBAL Q4,mobile,0,0,0,1,0,0,0,0.0
2025-01-05,tiktok,paid_social,CMP-000043,lifecycle_winback_us_2025,desktop,0,1,0,0,0,0,0,0.0
2025-01-02,facebook,paid_social,CMP-000061,Competitor Search Global 2024,mobile,0,0,0,1,0,0,0,0.0
2025-01-06,google,cpc,CMP-000057,HOLIDAY PROMO EMEA 2025,mobile,0,0,1,0,0,0,0,0.0
2025-01-14,facebook,paid_social,, Creator Spark EMEA 2025  ,desktop,0,1,0,0,0,0,0,0.0
2025-01-28,facebook,paid_social,,HOLIDAY PROMO NA 2025,mobile,0,1,0,0,0,0,0,0.0
2025-01-05,google,cpc,CMP-000048, Enterprise ABM Global 2025  ,mobile,0,1,0,0,0,0,0,0.0
2025-01-28,google,cpc,CMP-000061,Cart Recovery US Q4,mobile,0,1,0,0,0,0,0,0.0
2025-01-06,facebook,paid_social,CMP-000022,competitor_search_us_q4,mobile,1,0,0,0,0,0,0,0.0
2025-01-11,google,cpc,CMP-000033,Cart Recovery APAC FY25,desktop,0,1,0,0,0,0,0,0.0
2025-01-15,partner,referral,CMP-000009,HOLIDAY PROMO APAC Q4,mobile,0,0,1,0,0,0,0,0.0
2025-01-02,facebook,paid_social,CMP-000054,Product Launch NA 2024,desktop,1,0,0,0,0,0,0,0.0
2025-01-11,(direct),(none),CMP-000063,competitor_search_emea_q4,desktop,1,0,0,0,0,0,0,0.0
2025-01-06,facebook,paid_social,CMP-000076,RETARGETING NA Q4,mobile,1,0,0,0,0,0,0,0.0
2025-01-27,google,cpc,CMP-000038,holiday_promo_emea_q4,mobile,1,0,0,0,0,0,0,0.0
2025-01-11,partner,referral,,Enterprise ABM US 2024,mobile,0,1,0,0,0,0,0,0.0
2025-01-25,newsletter,email,, Cart Recovery EMEA 2025  ,mobile,0,1,0,0,0,0,0,0.0
2025-01-26,facebook,paid_social,CMP-000078,Enterprise ABM APAC FY25,desktop,0,0,1,0,0,0,0,0.0
2025-01-13,google,cpc,,Creator Spark NA Q4,mobile,0,0,0,0,1,0,0,0.0
2025-01-17,(direct),(none),,Brand SEM Global 2024,desktop,0,1,0,0,0,0,0,0.0
2025-01-14,google,cpc,CMP-000040,Regional Expansion US FY25,desktop,0,0,1,0,0,0,0,0.0
2025-01-15,google,cpc,CMP-000015,HOLIDAY PROMO EMEA Q4,desktop,0,0,1,0,0,0,0,0.0
2025-01-25,facebook,paid_social,CMP-000031,brand_search_global_2025,desktop,0,0,1,0,0,0,0,0.0
2025-01-18,(direct),(none),CMP-000039,LIFECYCLE WINBACK APAC 2025,mobile,0,1,0,0,0,0,0,0.0
2025-01-14,newsletter,email,CMP-000023,holiday_promo_global_2024,desktop,1,0,0,0,0,0,0,0.0
2025-01-06,tiktok,paid_social,,BRAND SEARCH GLOBAL 2024,desktop,0,1,0,0,0,0,0,0.0
2025-01-30,facebook,paid_social,CMP-000031,holiday_promo_global_2025,mobile,0,0,0,0,0,0,1,1272.18
2025-01-07,facebook,paid_social,CMP-000052,Regional Expansion US 2025,tablet,0,1,0,0,0,0,0,0.0
2025-01-17,(direct),(none),CMP-000023,competitor_search_global_2024,desktop,0,1,0,0,0,0,0,0.0
2025-01-19,google,cpc,CMP-000083,Brand SEM US 2025,desktop,0,0,0,0,0,0,1,756.96
2025-01-23,google,cpc,CMP-000003,Regional Expansion US 2024,mobile,1,0,0,0,0,0,0,0.0
2025-01-28,tiktok,paid_social,CMP-000059,Enterprise ABM APAC Q4,desktop,0,0,1,0,0,0,0,0.0
2025-01-19,facebook,paid_social,CMP-000066, Creator Spark EMEA FY25  ,desktop,0,0,0,0,1,0,0,0.0
2025-01-24,tiktok,paid_social,CMP-000046,Lifecycle Winback Global 2024,desktop,0,1,0,0,0,0,0,0.0
2025-01-18,google,cpc,CMP-000077,ENTERPRISE ABM US FY25,mobile,0,1,0,0,0,0,0,0.0
2025-01-30,newsletter,email,CMP-000067,CREATOR SPARK NA 2024,mobile,0,0,0,1,0,0,0,0.0
2025-01-05,tiktok,paid_social,, Cart Recovery NA FY25  ,desktop,0,0,0,0,0,1,0,0.0
2025-01-29,google,cpc,CMP-000062,cart_recovery_us_2024,desktop,0,0,0,0,0,0,1,575.58
2025-01-08,google,cpc,CMP-000061,Product Launch EMEA Q4,tablet,0,1,0,0,0,0,0,0.0
2025-01-13,tiktok,paid_social,,COMPETITOR SEARCH GLOBAL Q4,desktop,0,0,0,0,1,0,0,0.0
2025-01-12,newsletter,email,CMP-000068,Holiday Promo Global FY25,mobile,0,0,1,0,0,0,0,0.0
2025-01-17,google,cpc,CMP-000053,Product Launch APAC FY25,mobile,0,1,0,0,0,0,0,0.0
2025-01-01,tiktok,paid_social,CMP-000075, Brand Search EMEA 2025  ,desktop,0,1,0,0,0,0,0,0.0
2025-01-01,google,cpc,CMP-000004,PRODUCT LAUNCH APAC FY25,tablet,0,1,0,0,0,0,0,0.0
2025-01-14,google,cpc,CMP-000003, Competitor Search Global 2025  ,mobile,0,0,0,0,0,1,0,0.0
2025-01-09,(direct),(none),CMP-000004,competitor_search_us_fy25,mobile,0,1,0,0,0,0,0,0.0
2025-01-19,facebook,paid_social,CMP-000017, Holiday Promo NA 2024  ,mobile,1,0,0,0,0,0,0,0.0
2025-01-19,partner,referral,CMP-000081,Retargeting Global 2025,mobile,0,0,1,0,0,0,0,0.0
2025-01-14,partner,referral,CMP-000081,Holiday Promotion APAC 2024,mobile,0,1,0,0,0,0,0,0.0
2025-01-28,facebook,paid_social,CMP-000033, Product Launch US 2024  ,mobile,0,0,1,0,0,0,0,0.0
2025-01-01,newsletter,email,CMP-000007, Cart Recovery Global 2025  ,desktop,0,1,0,0,0,0,0,0.0
2025-01-05,google,cpc,,Creator Spark Global Q4,mobile,0,0,0,0,0,0,1,770.31
2025-01-17,google,cpc,CMP-000062,holiday_promo_apac_2025,mobile,0,1,0,0,0,0,0,0.0
2025-01-05,google,cpc,CMP-000017,Product Launch Global Q4,desktop,0,1,0,0,0,0,0,0.0
2025-01-08,facebook,paid_social,,product_launch_emea_q4,mobile,0,0,1,0,0,0,0,0.0
2025-01-06,(direct),(none),CMP-000047,Lifecycle Winback NA Q4,mobile,1,0,0,0,0,0,0,0.0
2025-01-22,tiktok,paid_social,CMP-000055,Retargeting APAC 2025,mobile,0,0,1,0,0,0,0,0.0
2025-01-15,facebook,paid_social,CMP-000064,Brand SEM US 2025,mobile,0,1,0,0,0,0,0,0.0
2025-01-12,(direct),(none),CMP-000019,RETARGETING US FY25,mobile,1,0,0,0,0,0,0,0.0
2025-01-26,tiktok,paid_social,CMP-000017,Product Launch NA 2024,desktop,1,0,0,0,0,0,0,0.0
2025-01-18,google,cpc,CMP-000009,PRODUCT LAUNCH APAC 2025,desktop,0,1,0,0,0,0,0,0.0
2025-01-31,google,cpc,CMP-000054,regional_expansion_emea_q4,mobile,0,1,0,0,0,0,0,0.0
2025-01-03,newsletter,email,CMP-000029, Holiday Promo US 2025  ,mobile,0,1,0,0,0,0,0,0.0
2025-01-02,google,cpc,CMP-000025, Retargeting NA 2024  ,mobile,1,0,0,0,0,0,0,0.0
2025-01-02,newsletter,email,CMP-000062,Lifecycle Winback EMEA Q4,mobile,0,0,0,0,0,0,1,679.65
2025-01-25,newsletter,email,CMP-000067, Brand Search NA Q4  ,desktop,0,0,1,0,0,0,0,0.0
2025-01-22,facebook,paid_social,CMP-000027,brand_search_emea_q4,desktop,1,0,0,0,0,0,0,0.0
2025-01-02,tiktok,paid_social,CMP-000032, Cart Recovery Global Q4  ,mobile,0,0,0,1,0,0,0,0.0
2025-01-06,newsletter,email,CMP-000034,Brand SEM APAC Q4,tablet,0,1,0,0,0,0,0,0.0
2025-01-17,google,cpc,CMP-000032,PRODUCT LAUNCH US 2024,mobile,0,0,0,0,1,0,0,0.0
2025-01-22,tiktok,paid_social,CMP-000017,enterprise_abm_emea_fy25,mobile,0,0,0,1,0,0,0,0.0
2025-01-26,newsletter,email,CMP-000060,Creator Spark EMEA 2025,mobile,0,0,0,0,0,1,0,0.0
2025-01-19,google,cpc,,competitor_search_na_2025,mobile,0,0,0,0,1,0,0,0.0
2025-01-30,facebook,paid_social,CMP-000064,BRAND SEARCH APAC FY25,mobile,0,0,0,1,0,0,0,0.0
2025-01-14,(direct),(none),CMP-000065,REGIONAL EXPANSION GLOBAL 2025,desktop,0,0,1,0,0,0,0,0.0
2025-01-09,newsletter,email,CMP-000011,Retargeting NA 2024,mobile,0,0,1,0,0,0,0,0.0
2025-01-27,google,cpc,CMP-000066,Cart Recovery NA FY25,mobile,0,1,0,0,0,0,0,0.0
2025-01-03,facebook,paid_social,CMP-000060,Retargeting APAC FY25,desktop,1,0,0,0,0,0,0,0.0
2025-01-10,newsletter,email,CMP-000016,Brand SEM Global 2024,mobile,0,0,0,1,0,0,0,0.0
2025-01-12,google,cpc,CMP-000044,REGIONAL EXPANSION US 2025,mobile,0,0,0,0,0,1,0,0.0
2025-01-25,newsletter,email,CMP-000075,regional_expansion_global_2024,tablet,0,1,0,0,0,0,0,0.0
2025-01-10,google,cpc,CMP-000070,Retargeting US 2024,mobile,1,0,0,0,0,0,0,0.0
2025-01-18,google,cpc,, Retargeting EMEA FY25  ,mobile,0,1,0,0,0,0,0,0.0
2025-01-31,tiktok,paid_social,CMP-000069,competitor_search_us_2025,tablet,1,0,0,0,0,0,0,0.0
2025-01-27,partner,referral,CMP-000083,holiday_promo_na_q4,tablet,0,0,0,0,0,1,0,0.0
2025-01-02,google,cpc,CMP-000013,Brand Search EMEA FY25,mobile,0,0,0,1,0,0,0,0.0
2025-01-10,newsletter,email,CMP-000036, Competitor Search NA 2025  ,desktop,0,0,0,0,0,0,1,809.04
2025-01-29,facebook,paid_social,CMP-000013,Regional Expansion APAC 2024,mobile,0,0,1,0,0,0,0,0.0
2025-01-23,facebook,paid_social,CMP-000029,Enterprise ABM APAC 2025,tablet,1,0,0,0,0,0,0,0.0
2025-01-20,google,cpc,CMP-000001,CREATOR SPARK EMEA 2025,mobile,0,0,0,0,1,0,0,0.0
2025-01-08,google,cpc,CMP-000033,Holiday Promo EMEA FY25,mobile,0,1,0,0,0,0,0,0.0
2025-01-21,tiktok,paid_social,,RETARGETING GLOBAL 2024,tablet,0,0,1,0,0,0,0,0.0
2025-01-05,tiktok,paid_social,, Enterprise ABM Global FY25  ,mobile,0,1,0,0,0,0,0,0.0
2025-01-26,newsletter,email,CMP-000013,holiday_promo_us_2024,tablet,0,0,1,0,0,0,0,0.0
2025-01-04,google,cpc,CMP-000068,Competitor Search EMEA FY25,mobile,0,0,1,0,0,0,0,0.0
2025-01-13,google,cpc,,lifecycle_winback_global_fy25,desktop,0,1,0,0,0,0,0,0.0
2025-01-22,tiktok,paid_social,CMP-000029, Product Launch EMEA 2024  ,mobile,1,0,0,0,0,0,0,0.0
2025-01-05,(direct),(none),CMP-000056,lifecycle_winback_global_2024,mobile,0,1,0,0,0,0,0,0.0
2025-01-05,google,cpc,CMP-000009, Cart Recovery US FY25  ,mobile,1,0,0,0,0,0,0,0.0
2025-01-28,facebook,paid_social,CMP-000009,Competitor SEM APAC FY25,desktop,0,1,0,0,0,0,0,0.0
2025-01-13,google,cpc,CMP-000031,creator_spark_na_2024,desktop,0,0,1,0,0,0,0,0.0
2025-01-22,facebook,paid_social,CMP-000075,REGIONAL EXPANSION GLOBAL Q4,mobile,1,0,0,0,0,0,0,0.0
2025-01-10,newsletter,email,CMP-000067,competitor_search_us_2024,desktop,0,1,0,0,0,0,0,0.0
2025-01-01,facebook,paid_social,CMP-000018,HOLIDAY PROMO US FY25,mobile,0,0,0,0,1,0,0,0.0
2025-01-04,newsletter,email,CMP-000007,Retargeting NA 2025,mobile,0,1,0,0,0,0,0,0.0
2025-01-07,tiktok,paid_social,CMP-000045,COMPETITOR SEARCH US 2024,mobile,1,0,0,0,0,0,0,0.0
2025-01-10,partner,referral,CMP-000068,LIFECYCLE WINBACK US FY25,desktop,0,0,1,0,0,0,0,0.0
2025-01-08,(direct),(none),,Regional Expansion NA Q4,desktop,0,0,0,1,0,0,0,0.0
2025-01-13,partner,referral,CMP-000021, Product Launch NA 2025  ,desktop,0,1,0,0,0,0,0,0.0
2025-01-17,partner,referral,CMP-000078,Regional Expansion US Q4,tablet,0,1,0,0,0,0,0,0.0
2025-01-04,tiktok,paid_social,CMP-000024,cart_recovery_global_q4,mobile,0,0,0,1,0,0,0,0.0
2025-01-18,google,cpc,CMP-000043,competitor_search_apac_2024,mobile,0,1,0,0,0,0,0,0.0
2025-01-14,facebook,paid_social,CMP-000033,Product Launch APAC Q4,tablet,0,0,0,0,0,1,0,0.0
2025-01-08,facebook,paid_social,,cart_recovery_us_fy25,mobile,0,0,1,0,0,0,0,0.0
2025-01-11,facebook,paid_social,CMP-000006,Product Launch NA 2024,mobile,0,1,0,0,0,0,0,0.0
2025-01-30,facebook,paid_social,CMP-000062,PRODUCT LAUNCH GLOBAL FY25,mobile,0,0,0,1,0,0,0,0.0
2025-01-25,(direct),(none),CMP-000075,brand_search_global_2024,desktop,0,1,0,0,0,0,0,0.0
2025-01-26,google,cpc,CMP-000014,Retargeting NA 2025,mobile,0,1,0,0,0,0,0,0.0
2025-01-01,tiktok,paid_social,CMP-000010,Cart Recovery Global 2025,mobile,0,1,0,0,0,0,0,0.0
2025-01-18,google,cpc,,Holiday Promotion APAC 2025,tablet,0,0,1,0,0,0,0,0.0
2025-01-04,google,cpc,CMP-000052,regional_expansion_emea_fy25,desktop,0,1,0,0,0,0,0,0.0
2025-01-06,facebook,paid_social,CMP-000059,LIFECYCLE WINBACK EMEA 2025,mobile,1,0,0,0,0,0,0,0.0
2025-01-03,google,cpc,,Enterprise ABM US 2024,mobile,0,1,0,0,0,0,0,0.0
2025-01-26,newsletter,email,CMP-000007,retargeting_na_2024,mobile,0,1,0,0,0,0,0,0.0
2025-01-15,facebook,paid_social,,Enterprise ABM US 2024,mobile,0,1,0,0,0,0,0,0.0
2025-01-26,facebook,paid_social,CMP-000029, Brand Search NA Q4  ,mobile,0,0,1,0,0,0,0,0.0
2025-01-05,facebook,paid_social,CMP-000060,PRODUCT LAUNCH US 2024,desktop,0,1,0,0,0,0,0,0.0
2025-01-03,(direct),(none),CMP-000018, Regional Expansion NA Q4  ,desktop,0,1,0,0,0,0,0,0.0
2025-01-25,google,cpc,CMP-000057, Retargeting US Q4  ,desktop,0,1,0,0,0,0,0,0.0
2025-01-18,facebook,paid_social,CMP-000024,Holiday Promotion APAC FY25,mobile,0,1,0,0,0,0,0,0.0
2025-01-23,google,cpc,CMP-000030,REGIONAL EXPANSION NA Q4,tablet,0,1,0,0,0,0,0,0.0
2025-01-14,newsletter,email,CMP-000056, Cart Recovery EMEA Q4  ,desktop,0,0,1,0,0,0,0,0.0
2025-01-10,facebook,paid_social,CMP-000041,COMPETITOR SEARCH APAC Q4,mobile,0,1,0,0,0,0,0,0.0
2025-01-07,facebook,paid_social,,PRODUCT LAUNCH US FY25,mobile,0,0,1,0,0,0,0,0.0
2025-01-02,google,cpc,,RETARGETING APAC FY25,mobile,1,0,0,0,0,0,0,0.0
2025-01-17,tiktok,paid_social,CMP-000002,Brand Search NA Q4,mobile,1,0,0,0,0,0,0,0.0
2025-01-22,facebook,paid_social,,COMPETITOR SEARCH APAC 2025,mobile,0,1,0,0,0,0,0,0.0
2025-01-05,(direct),(none),,enterprise_abm_apac_2025,desktop,0,1,0,0,0,0,0,0.0
2025-01-24,google,cpc,CMP-000074,competitor_search_global_2024,mobile,1,0,0,0,0,0,0,0.0
2025-01-28,tiktok,paid_social,,retargeting_apac_2024,desktop,0,1,0,0,0,0,0,0.0
2025-01-29,partner,referral,CMP-000064,RETARGETING APAC Q4,tablet,1,0,0,0,0,0,0,0.0
2025-01-24,facebook,paid_social,CMP-000072,Competitor Search EMEA 2024,desktop,0,0,0,0,0,1,0,0.0
2025-01-02,google,cpc,,retargeting_us_2025,desktop,0,0,0,1,0,0,0,0.0
2025-01-07,tiktok,paid_social,CMP-000015,Enterprise ABM APAC 2025,mobile,0,1,0,0,0,0,0,0.0
2025-01-31,google,cpc,CMP-000068, Enterprise ABM APAC 2024  ,mobile,0,1,0,0,0,0,0,0.0
2025-01-13,tiktok,paid_social,CMP-000047,Retargeting NA Q4,desktop,0,0,0,0,0,1,0,0.0
2025-01-21,google,cpc,CMP-000044,CREATOR SPARK APAC 2025,mobile,0,1,0,0,0,0,0,0.0
2025-01-17,(direct),(none),CMP-000032,HOLIDAY PROMO EMEA 2025,desktop,1,0,0,0,0,0,0,0.0
2025-01-25,tiktok,paid_social,CMP-000021,Cart Recovery APAC 2024,desktop,1,0,0,0,0,0,0,0.0
2025-01-25,facebook,paid_social,,CREATOR SPARK GLOBAL 2024,mobile,0,1,0,0,0,0,0,0.0
2025-01-11,google,cpc,CMP-000057, Creator Spark NA 2024  ,mobile,1,0,0,0,0,0,0,0.0
2025-01-09,(direct),(none),CMP-000006,CREATOR SPARK US Q4,desktop,1,0,0,0,0,0,0,0.0
2025-01-18,google,cpc,CMP-000048,regional_expansion_global_fy25,mobile,0,0,0,0,0,1,0,0.0
2025-01-31,newsletter,email,CMP-000073,Creator Spark Global FY25,desktop,0,1,0,0,0,0,0,0.0
2025-01-24,google,cpc,CMP-000030, Creator Spark Global Q4  ,desktop,0,1,0,0,0,0,0,0.0
2025-01-09,newsletter,email,, Enterprise ABM EMEA 2025  ,mobile,0,0,0,0,0,0,1,740.08
2025-01-11,newsletter,email,CMP-000051,Competitor SEM APAC 2024,desktop,0,0,0,1,0,0,0,0.0
2025-01-07,facebook,paid_social,CMP-000079, Creator Spark EMEA 2024  ,desktop,1,0,0,0,0,0,0,0.0
2025-01-30,newsletter,email,CMP-000022,CREATOR SPARK APAC FY25,mobile,0,0,1,0,0,0,0,0.0
2025-01-10,newsletter,email,CMP-000006,regional_expansion_us_q4,desktop,0,0,0,0,0,1,0,0.0
2025-01-19,google,cpc,CMP-000028, Creator Spark Global 2025  ,desktop,0,1,0,0,0,0,0,0.0
2025-01-30,facebook,paid_social,CMP-000059,Enterprise ABM APAC 2024,desktop,1,0,0,0,0,0,0,0.0
2025-01-23,facebook,paid_social,CMP-000028, Competitor Search Global 2024  ,desktop,0,0,1,0,0,0,0,0.0
2025-01-03,facebook,paid_social,CMP-000052,Enterprise ABM EMEA 2025,mobile,0,1,0,0,0,0,0,0.0
2025-01-31,google,cpc,CMP-000020,regional_expansion_us_fy25,mobile,1,0,0,0,0,0,0,0.0
2025-01-11,facebook,paid_social,CMP-000025, Holiday Promo US FY25  ,mobile,1,0,0,0,0,0,0,0.0
2025-01-28,newsletter,email,CMP-000001,creator_spark_global_fy25,mobile,0,0,1,0,0,0,0,0.0
2025-01-15,facebook,paid_social,CMP-000012,LIFECYCLE WINBACK US 2024,desktop,0,1,0,0,0,0,0,0.0
2025-01-07,facebook,paid_social,CMP-000033,Brand Search NA Q4,desktop,0,1,0,0,0,0,0,0.0
2025-01-30,partner,referral,CMP-000012,BRAND SEARCH EMEA Q4,mobile,1,0,0,0,0,0,0,0.0
2025-01-13,tiktok,paid_social,CMP-000069,Regional Expansion Global 2025,desktop,0,1,0,0,0,0,0,0.0
2025-01-16,google,cpc,CMP-000083, Product Launch Global 2025  ,desktop,0,0,0,0,0,1,0,0.0
2025-01-30,tiktok,paid_social,CMP-000011,Holiday Promo APAC FY25,desktop,0,1,0,0,0,0,0,0.0
2025-01-22,newsletter,email,CMP-000017,Brand Search APAC 2024,mobile,0,1,0,0,0,0,0,0.0
2025-01-30,google,cpc,CMP-000045,Creator Spark NA Q4,tablet,0,0,0,0,0,0,1,548.48
2025-01-18,tiktok,paid_social,CMP-000022,ENTERPRISE ABM EMEA 2025,mobile,0,0,1,0,0,0,0,0.0
2025-01-22,newsletter,email,CMP-000036,regional_expansion_us_q4,mobile,1,0,0,0,0,0,0,0.0
2025-01-09,partner,referral,CMP-000023,Regional Expansion Global Q4,desktop,0,1,0,0,0,0,0,0.0
2025-01-05,google,cpc,CMP-000057,BRAND SEARCH EMEA 2024,mobile,0,0,0,0,0,1,0,0.0
2025-01-27,google,cpc,CMP-000048,RETARGETING EMEA Q4,desktop,0,0,0,1,0,0,0,0.0
2025-01-06,google,cpc,CMP-000053,competitor_search_apac_2025,mobile,0,0,1,0,0,0,0,0.0
2025-01-08,newsletter,email,CMP-000005,COMPETITOR SEARCH GLOBAL 2025,mobile,0,0,1,0,0,0,0,0.0
2025-01-16,facebook,paid_social,CMP-000061, Lifecycle Winback EMEA 2025  ,desktop,1,0,0,0,0,0,0,0.0
2025-01-11,google,cpc,CMP-000055, Competitor Search APAC Q4  ,desktop,0,0,1,0,0,0,0,0.0
2025-01-22,google,cpc,CMP-000019, Brand Search Global Q4  ,mobile,0,1,0,0,0,0,0,0.0
2025-01-26,newsletter,email,CMP-000033,Cart Recovery NA 2025,desktop,0,1,0,0,0,0,0,0.0
2025-01-08,google,cpc,CMP-000016,Enterprise ABM NA Q4,desktop,0,0,0,0,1,0,0,0.0
2025-01-06,tiktok,paid_social,,product_launch_global_fy25,mobile,0,1,0,0,0,0,0,0.0
2025-01-13,newsletter,email,CMP-000082,REGIONAL EXPANSION APAC Q4,desktop,0,0,1,0,0,0,0,0.0
2025-01-13,google,cpc,CMP-000073,retargeting_global_2025,desktop,0,1,0,0,0,0,0,0.0
2025-01-08,google,cpc,CMP-000006,Enterprise ABM US FY25,mobile,0,1,0,0,0,0,0,0.0
2025-01-02,google,cpc,CMP-000005, Cart Recovery EMEA 2024  ,mobile,0,1,0,0,0,0,0,0.0
2025-01-20,google,cpc,CMP-000009,Product Launch NA Q4,mobile,1,0,0,0,0,0,0,0.0
2025-01-27,google,cpc,CMP-000057,Enterprise ABM Global 2025,desktop,0,1,0,0,0,0,0,0.0
2025-01-25,google,cpc,CMP-000043,Creator Spark NA 2025,desktop,0,1,0,0,0,0,0,0.0
2025-01-21,tiktok,paid_social,CMP-000052,Product Launch Global Q4,desktop,0,1,0,0,0,0,0,0.0
2025-01-11,google,cpc,CMP-000070, Product Launch Global 2025  ,desktop,0,1,0,0,0,0,0,0.0
2025-01-02,partner,referral,CMP-000043, Holiday Promo EMEA 2025  ,mobile,0,1,0,0,0,0,0,0.0
2025-01-02,tiktok,paid_social,CMP-000033,Enterprise ABM EMEA 2024,mobile,1,0,0,0,0,0,0,0.0
2025-01-18,google,cpc,CMP-000075,CREATOR SPARK US 2024,mobile,1,0,0,0,0,0,0,0.0
2025-01-03,tiktok,paid_social,CMP-000029,COMPETITOR SEARCH US FY25,desktop,0,0,1,0,0,0,0,0.0
2025-01-13,google,cpc,CMP-000011, Competitor Search EMEA 2024  ,mobile,1,0,0,0,0,0,0,0.0
2025-01-01,google,cpc,CMP-000053,Enterprise ABM APAC 2024,desktop,0,1,0,0,0,0,0,0.0
2025-01-30,google,cpc,CMP-000016,CART RECOVERY NA 2024,desktop,1,0,0,0,0,0,0,0.0
2025-01-26,partner,referral,CMP-000057,Retargeting NA Q4,desktop,0,0,1,0,0,0,0,0.0
2025-01-14,(direct),(none),CMP-000032,Retargeting Global 2025,mobile,1,0,0,0,0,0,0,0.0
2025-01-01,tiktok,paid_social,CMP-000031,regional_expansion_apac_fy25,desktop,1,0,0,0,0,0,0,0.0
2025-01-24,facebook,paid_social,CMP-000001,Brand SEM Global FY25,mobile,0,0,1,0,0,0,0,0.0
2025-01-09,newsletter,email,CMP-000005, Creator Spark NA 2024  ,desktop,0,0,0,1,0,0,0,0.0
2025-01-25,google,cpc,CMP-000056,Competitor Search EMEA FY25,mobile,0,0,1,0,0,0,0,0.0
2025-01-27,(direct),(none),CMP-000015,cart_recovery_emea_fy25,tablet,1,0,0,0,0,0,0,0.0
2025-01-30,tiktok,paid_social,CMP-000055,Cart Recovery Global 2024,mobile,0,0,0,1,0,0,0,0.0
2025-01-03,google,cpc,CMP-000049,cart_recovery_na_2025,desktop,0,1,0,0,0,0,0,0.0
2025-01-22,(direct),(none),CMP-000008,Regional Expansion Global Q4,mobile,0,0,0,1,0,0,0,0.0
2025-01-02,newsletter,email,CMP-000019,enterprise_abm_na_2025,desktop,0,1,0,0,0,0,0,0.0
2025-01-22,(direct),(none),,HOLIDAY PROMO APAC 2024,mobile,1,0,0,0,0,0,0,0.0
2025-01-29,partner,referral,CMP-000066,Creator Spark US FY25,desktop,0,0,0,0,1,0,0,0.0
2025-01-11,facebook,paid_social,CMP-000072,enterprise_abm_emea_2024,desktop,0,0,0,1,0,0,0,0.0
2025-01-04,google,cpc,CMP-000047, Enterprise ABM NA Q4  ,mobile,0,0,0,0,0,0,1,882.18
2025-01-22,google,cpc,,BRAND SEARCH NA 2025,mobile,0,0,1,0,0,0,0,0.0
2025-01-22,google,cpc,CMP-000029,product_launch_us_2025,mobile,0,0,0,0,1,0,0,0.0
2025-01-09,partner,referral,CMP-000060, Creator Spark APAC 2024  ,tablet,0,0,1,0,0,0,0,0.0
2025-01-23,google,cpc,CMP-000005, Brand Search EMEA 2024  ,mobile,0,1,0,0,0,0,0,0.0
2025-01-20,google,cpc,CMP-000062,enterprise_abm_us_fy25,mobile,0,0,1,0,0,0,0,0.0
2025-01-10,tiktok,paid_social,CMP-000026, Enterprise ABM APAC Q4  ,desktop,0,0,1,0,0,0,0,0.0
2025-01-06,tiktok,paid_social,CMP-000016,Cart Recovery EMEA Q4,mobile,0,1,0,0,0,0,0,0.0
2025-01-17,tiktok,paid_social,CMP-000023,Brand Search Global 2024,desktop,0,1,0,0,0,0,0,0.0
2025-01-19,partner,referral,CMP-000046,lifecycle_winback_emea_fy25,desktop,1,0,0,0,0,0,0,0.0
2025-01-03,facebook,paid_social,CMP-000046,Retargeting Global Q4,desktop,0,0,1,0,0,0,0,0.0
2025-01-21,(direct),(none),,Lifecycle Winback Global 2024,tablet,0,1,0,0,0,0,0,0.0
2025-01-05,facebook,paid_social,CMP-000001,REGIONAL EXPANSION EMEA 2024,mobile,0,0,0,0,0,1,0,0.0
2025-01-29,facebook,paid_social,CMP-000043,Brand SEM NA 2025,mobile,0,0,0,0,0,1,0,0.0
2025-01-02,(direct),(none),CMP-000003,Brand Search US 2025,tablet,1,0,0,0,0,0,0,0.0
2025-01-18,facebook,paid_social,CMP-000065, Competitor Search EMEA 2024  ,mobile,0,1,0,0,0,0,0,0.0
2025-01-20,facebook,paid_social,CMP-000075,COMPETITOR SEARCH APAC 2024,desktop,0,0,0,0,0,1,0,0.0
2025-01-08,(direct),(none),CMP-000068,enterprise_abm_us_2024,mobile,0,0,0,0,0,0,1,671.6
2025-01-13,tiktok,paid_social,CMP-000034,Product Launch NA Q4,desktop,0,0,1,0,0,0,0,0.0
2025-01-12,newsletter,email,CMP-000005,REGIONAL EXPANSION GLOBAL FY25,desktop,0,1,0,0,0,0,0,0.0
2025-01-24,facebook,paid_social,CMP-000057, Product Launch NA FY25  ,tablet,0,1,0,0,0,0,0,0.0
2025-01-05,facebook,paid_social,CMP-000060,Regional Expansion APAC FY25,tablet,0,0,0,1,0,0,0,0.0
2025-01-28,google,cpc,CMP-000007,Regional Expansion US 2024,mobile,0,0,0,0,0,1,0,0.0
2025-01-04,newsletter,email,,LIFECYCLE WINBACK EMEA 2024,mobile,0,1,0,0,0,0,0,0.0
2025-01-12,google,cpc,CMP-000068,brand_search_us_fy25,desktop,0,1,0,0,0,0,0,0.0
2025-01-24,newsletter,email,CMP-000066, Enterprise ABM EMEA 2025  ,mobile,0,1,0,0,0,0,0,0.0
2025-01-23,google,cpc,, Product Launch NA Q4  ,desktop,0,0,0,0,0,1,0,0.0
2025-01-28,facebook,paid_social,CMP-000064,Lifecycle Winback Global FY25,desktop,0,0,1,0,0,0,0,0.0
2025-01-02,tiktok,paid_social,CMP-000058,Enterprise ABM NA 2025,tablet,0,1,0,0,0,0,0,0.0
2025-01-29,facebook,paid_social,CMP-000010,enterprise_abm_na_fy25,desktop,0,0,1,0,0,0,0,0.0
2025-01-17,google,cpc,CMP-000007,BRAND SEARCH APAC Q4,mobile,0,0,0,0,1,0,0,0.0
2025-01-02,newsletter,email,CMP-000025,Regional Expansion Global FY25,desktop,0,1,0,0,0,0,0,0.0
2025-01-24,facebook,paid_social,CMP-000010,lifecycle_winback_us_2024,desktop,1,0,0,0,0,0,0,0.0
2025-01-17,tiktok,paid_social,CMP-000013,RETARGETING NA FY25,desktop,1,0,0,0,0,0,0,0.0
2025-01-23,tiktok,paid_social,CMP-000074, Lifecycle Winback APAC 2024  ,desktop,0,1,0,0,0,0,0,0.0
2025-01-24,facebook,paid_social,CMP-000053, Holiday Promo Global 2024  ,mobile,0,0,0,0,0,0,1,2277.52
2025-01-21,facebook,paid_social,CMP-000051,Enterprise ABM NA FY25,desktop,0,0,1,0,0,0,0,0.0
2025-01-05,(direct),(none),CMP-000030,Brand Search APAC 2025,mobile,1,0,0,0,0,0,0,0.0
2025-01-22,tiktok,paid_social,CMP-000029,Brand Search EMEA Q4,mobile,0,0,0,1,0,0,0,0.0
2025-01-15,partner,referral,CMP-000063,PRODUCT LAUNCH EMEA 2025,desktop,1,0,0,0,0,0,0,0.0
2025-01-30,google,cpc,CMP-000007,Competitor SEM NA 2025,desktop,0,0,1,0,0,0,0,0.0
2025-01-02,tiktok,paid_social,CMP-000008,HOLIDAY PROMO GLOBAL FY25,mobile,0,0,1,0,0,0,0,0.0
2025-01-04,google,cpc,CMP-000078,competitor_search_apac_q4,mobile,0,0,1,0,0,0,0,0.0
2025-01-11,facebook,paid_social,CMP-000021,regional_expansion_na_2025,desktop,0,1,0,0,0,0,0,0.0
2025-01-18,google,cpc,CMP-000037,Product Launch US 2024,desktop,0,0,0,1,0,0,0,0.0
2025-01-31,facebook,paid_social,,Product Launch Global FY25,desktop,1,0,0,0,0,0,0,0.0
2025-01-24,newsletter,email,CMP-000013,Product Launch NA FY25,mobile,0,1,0,0,0,0,0,0.0
2025-01-23,tiktok,paid_social,CMP-000071,REGIONAL EXPANSION EMEA 2024,desktop,0,1,0,0,0,0,0,0.0
2025-01-21,newsletter,email,CMP-000074, Brand Search Global 2024  ,mobile,0,1,0,0,0,0,0,0.0
2025-01-21,google,cpc,CMP-000057,lifecycle_winback_apac_fy25,mobile,0,1,0,0,0,0,0,0.0
2025-01-30,google,cpc,CMP-000004,RETARGETING US Q4,desktop,0,1,0,0,0,0,0,0.0
2025-01-09,(direct),(none),CMP-000043,COMPETITOR SEARCH GLOBAL 2024,desktop,0,0,0,0,1,0,0,0.0
2025-01-25,google,cpc,CMP-000081,Enterprise ABM US FY25,desktop,0,1,0,0,0,0,0,0.0
2025-01-23,google,cpc,CMP-000039,Retargeting Global 2025,desktop,1,0,0,0,0,0,0,0.0
2025-01-21,google,cpc,CMP-000030,Retargeting NA 2025,desktop,1,0,0,0,0,0,0,0.0
2025-01-09,(direct),(none),CMP-000078,competitor_search_emea_fy25,desktop,1,0,0,0,0,0,0,0.0
2025-01-14,google,cpc,CMP-000023,Brand Search NA FY25,desktop,1,0,0,0,0,0,0,0.0
2025-01-21,facebook,paid_social,CMP-000019,Retargeting EMEA 2024,desktop,1,0,0,0,0,0,0,0.0
2025-01-15,facebook,paid_social,CMP-000012,competitor_search_emea_fy25,desktop,1,0,0,0,0,0,0,0.0
2025-01-02,(direct),(none),CMP-000023,ENTERPRISE ABM EMEA FY25,mobile,0,0,0,0,0,0,1,530.99
2025-01-18,(direct),(none),CMP-000034, Holiday Promo US 2025  ,desktop,0,0,1,0,0,0,0,0.0
2025-01-19,google,cpc,CMP-000077, Brand Search APAC 2024  ,mobile,0,1,0,0,0,0,0,0.0
2025-01-26,newsletter,email,,lifecycle_winback_apac_q4,mobile,0,0,0,0,0,0,1,618.73
2025-01-03,tiktok,paid_social,CMP-000079,Competitor SEM US 2025,desktop,0,1,0,0,0,0,0,0.0
2025-01-14,google,cpc,CMP-000025, Lifecycle Winback US Q4  ,mobile,0,1,0,0,0,0,0,0.0
2025-01-07,facebook,paid_social,,LIFECYCLE WINBACK GLOBAL 2024,desktop,0,0,1,0,0,0,0,0.0
2025-01-08,tiktok,paid_social,CMP-000064,Product Launch US Q4,desktop,0,1,0,0,0,0,0,0.0
2025-01-16,tiktok,paid_social,CMP-000025,Competitor Search NA 2024,desktop,0,1,0,0,0,0,0,0.0
2025-01-18,facebook,paid_social,CMP-000058,ENTERPRISE ABM NA Q4,tablet,0,1,0,0,0,0,0,0.0
2025-01-01,tiktok,paid_social,CMP-000007,Brand Search EMEA FY25,mobile,1,0,0,0,0,0,0,0.0
2025-01-12,tiktok,paid_social,CMP-000078, Cart Recovery Global FY25  ,desktop,1,0,0,0,0,0,0,0.0
2025-01-24,google,cpc,,Regional Expansion NA 2025,mobile,1,0,0,0,0,0,0,0.0
2025-01-05,newsletter,email,CMP-000040,product_launch_emea_q4,desktop,0,0,0,0,0,1,0,0.0
2025-01-21,google,cpc,CMP-000027, Lifecycle Winback Global 2025  ,mobile,1,0,0,0,0,0,0,0.0
2025-01-14,facebook,paid_social,CMP-000007,BRAND SEARCH GLOBAL 2025,mobile,0,1,0,0,0,0,0,0.0
2025-01-02,google,cpc,CMP-000027,REGIONAL EXPANSION NA 2024,mobile,1,0,0,0,0,0,0,0.0
2025-01-26,newsletter,email,CMP-000026,Enterprise ABM NA FY25,desktop,1,0,0,0,0,0,0,0.0
2025-01-21,google,cpc,CMP-000017,Competitor SEM NA FY25,tablet,0,0,0,0,0,0,1,492.8
2025-01-01,tiktok,paid_social,CMP-000013,Holiday Promo APAC 2024,mobile,0,0,1,0,0,0,0,0.0
2025-01-31,google,cpc,CMP-000024,HOLIDAY PROMO APAC 2024,mobile,0,1,0,0,0,0,0,0.0
2025-01-12,tiktok,paid_social,CMP-000042,Competitor SEM Global Q4,tablet,0,0,0,0,0,1,0,0.0
2025-01-07,google,cpc,CMP-000048,HOLIDAY PROMO NA Q4,desktop,0,0,1,0,0,0,0,0.0
2025-01-25,newsletter,email,CMP-000019,COMPETITOR SEARCH NA FY25,desktop,1,0,0,0,0,0,0,0.0
2025-01-02,facebook,paid_social,CMP-000013,CART RECOVERY NA 2024,mobile,0,1,0,0,0,0,0,0.0
2025-01-09,facebook,paid_social,CMP-000059,Regional Expansion NA Q4,mobile,0,1,0,0,0,0,0,0.0
2025-01-21,facebook,paid_social,CMP-000048,LIFECYCLE WINBACK US 2024,mobile,0,0,0,1,0,0,0,0.0
2025-01-18,google,cpc,CMP-000076,CREATOR SPARK GLOBAL 2025,desktop,0,1,0,0,0,0,0,0.0
2025-01-17,google,cpc,CMP-000017,Retargeting US FY25,mobile,0,1,0,0,0,0,0,0.0
2025-01-18,google,cpc,CMP-000076,Enterprise ABM NA 2024,mobile,0,0,0,1,0,0,0,0.0
2025-01-29,facebook,paid_social,CMP-000024, Enterprise ABM Global Q4  ,mobile,1,0,0,0,0,0,0,0.0
2025-01-19,facebook,paid_social,, Brand Search US FY25  ,desktop,0,1,0,0,0,0,0,0.0
2025-01-31,newsletter,email,CMP-000057,Regional Expansion Global 2025,desktop,0,0,1,0,0,0,0,0.0
2025-01-01,tiktok,paid_social,CMP-000038,Product Launch US 2024,mobile,0,0,1,0,0,0,0,0.0
2025-01-21,google,cpc,,CREATOR SPARK NA Q4,mobile,1,0,0,0,0,0,0,0.0
2025-01-20,google,cpc,CMP-000052,Cart Recovery US 2024,mobile,0,0,0,0,0,1,0,0.0
2025-01-21,newsletter,email,CMP-000074, Competitor Search APAC FY25  ,desktop,1,0,0,0,0,0,0,0.0
2025-01-15,(direct),(none),CMP-000006,Brand Search US Q4,desktop,0,0,0,0,0,1,0,0.0
2025-01-07,google,cpc,CMP-000080,Regional Expansion Global Q4,mobile,1,0,0,0,0,0,0,0.0
2025-01-23,google,cpc,CMP-000081,RETARGETING GLOBAL FY25,mobile,0,0,1,0,0,0,0,0.0
2025-01-12,google,cpc,CMP-000045, Competitor Search US FY25  ,mobile,1,0,0,0,0,0,0,0.0
2025-01-12,google,cpc,CMP-000004,creator_spark_na_q4,mobile,0,0,0,1,0,0,0,0.0
2025-01-22,tiktok,paid_social,, Enterprise ABM US 2024  ,desktop,0,0,0,1,0,0,0,0.0
2025-01-09,google,cpc,CMP-000053,Enterprise ABM APAC FY25,mobile,1,0,0,0,0,0,0,0.0
2025-01-05,google,cpc,CMP-000026,Lifecycle Winback EMEA FY25,mobile,0,0,0,0,0,1,0,0.0
2025-01-10,tiktok,paid_social,CMP-000011,lifecycle_winback_emea_fy25,tablet,0,1,0,0,0,0,0,0.0
2025-01-20,google,cpc,,Cart Recovery APAC 2025,desktop,0,0,1,0,0,0,0,0.0
2025-01-20,tiktok,paid_social,CMP-000002,Competitor Search EMEA Q4,mobile,0,0,0,0,0,0,1,228.24
2025-01-15,facebook,paid_social,CMP-000039,Lifecycle Winback EMEA 2025,tablet,0,0,0,0,0,0,1,828.38
2025-01-26,partner,referral,CMP-000066,Holiday Promotion APAC FY25,desktop,1,0,0,0,0,0,0,0.0
2025-01-31,newsletter,email,, Retargeting Global Q4  ,mobile,0,0,1,0,0,0,0,0.0
2025-01-06,google,cpc,CMP-000067, Enterprise ABM US 2024  ,desktop,1,0,0,0,0,0,0,0.0
2025-01-20,google,cpc,,Retargeting APAC 2024,desktop,0,0,0,0,0,1,0,0.0
2025-01-21,newsletter,email,CMP-000067,Brand SEM Global FY25,desktop,0,1,0,0,0,0,0,0.0
2025-01-05,(direct),(none),CMP-000035,Holiday Promotion NA 2025,mobile,0,1,0,0,0,0,0,0.0
2025-01-06,facebook,paid_social,CMP-000049,Brand Search Global 2024,mobile,0,0,1,0,0,0,0,0.0
2025-01-25,newsletter,email,CMP-000029,creator_spark_na_fy25,mobile,0,1,0,0,0,0,0,0.0
2025-01-13,google,cpc,,cart_recovery_us_2024,desktop,0,1,0,0,0,0,0,0.0
2025-01-15,google,cpc,CMP-000041, Creator Spark NA Q4  ,mobile,0,0,0,1,0,0,0,0.0
2025-01-24,(direct),(none),CMP-000048,COMPETITOR SEARCH US 2025,mobile,0,0,1,0,0,0,0,0.0
2025-01-11,google,cpc,CMP-000072,Creator Spark US 2024,mobile,0,0,1,0,0,0,0,0.0
2025-01-06,facebook,paid_social,CMP-000064,product_launch_apac_fy25,mobile,0,1,0,0,0,0,0,0.0
2025-01-19,google,cpc,CMP-000038,Lifecycle Winback US FY25,desktop,0,1,0,0,0,0,0,0.0
2025-01-23,newsletter,email,CMP-000036,CREATOR SPARK EMEA FY25,mobile,0,1,0,0,0,0,0,0.0
2025-01-09,tiktok,paid_social,CMP-000021, Lifecycle Winback NA FY25  ,mobile,0,0,1,0,0,0,0,0.0
2025-01-16,tiktok,paid_social,CMP-000077,Competitor SEM EMEA FY25,desktop,1,0,0,0,0,0,0,0.0
2025-01-04,(direct),(none),CMP-000006, Competitor Search US 2025  ,mobile,0,0,0,0,1,0,0,0.0
2025-01-17,tiktok,paid_social,CMP-000023,creator_spark_global_2025,desktop,0,1,0,0,0,0,0,0.0
2025-01-20,partner,referral,CMP-000037,brand_search_emea_2024,desktop,0,0,0,0,0,0,1,620.68
2025-01-18,(direct),(none),CMP-000076,Creator Spark APAC 2025,tablet,0,0,0,0,1,0,0,0.0
2025-01-30,tiktok,paid_social,CMP-000011,regional_expansion_global_2024,desktop,0,0,1,0,0,0,0,0.0
2025-01-20,facebook,paid_social,, Competitor Search NA Q4  ,tablet,0,1,0,0,0,0,0,0.0
2025-01-03,google,cpc,,HOLIDAY PROMO NA 2024,mobile,0,0,0,1,0,0,0,0.0
2025-01-29,google,cpc,CMP-000064, Creator Spark EMEA Q4  ,mobile,0,0,1,0,0,0,0,0.0
2025-01-03,google,cpc,,RETARGETING APAC 2025,desktop,0,1,0,0,0,0,0,0.0
2025-01-12,google,cpc,CMP-000057,CART RECOVERY APAC 2025,desktop,0,0,0,0,0,1,0,0.0
2025-01-09,tiktok,paid_social,CMP-000014,Lifecycle Winback EMEA Q4,mobile,0,0,0,1,0,0,0,0.0
2025-01-06,google,cpc,CMP-000033,cart_recovery_na_2024,mobile,0,0,1,0,0,0,0,0.0
2025-01-04,facebook,paid_social,CMP-000058,Lifecycle Winback NA 2024,desktop,0,0,0,0,0,0,1,1130.7
2025-01-14,newsletter,email,CMP-000019,PRODUCT LAUNCH GLOBAL 2024,desktop,0,0,1,0,0,0,0,0.0
2025-01-23,facebook,paid_social,, Enterprise ABM NA 2024  ,mobile,0,1,0,0,0,0,0,0.0
2025-01-20,newsletter,email,,Product Launch US Q4,mobile,1,0,0,0,0,0,0,0.0
2025-01-04,tiktok,paid_social,CMP-000003,brand_search_na_fy25,mobile,1,0,0,0,0,0,0,0.0
2025-01-22,facebook,paid_social,CMP-000061,competitor_search_apac_2024,desktop,1,0,0,0,0,0,0,0.0
2025-01-05,google,cpc,CMP-000063,Enterprise ABM EMEA 2025,mobile,0,0,0,0,0,0,1,577.05
2025-01-25,google,cpc,CMP-000017,Regional Expansion NA 2024,tablet,0,1,0,0,0,0,0,0.0
2025-01-14,google,cpc,CMP-000021,Enterprise ABM EMEA 2024,mobile,0,0,1,0,0,0,0,0.0
2025-01-08,newsletter,email,CMP-000071,Product Launch NA 2024,desktop,0,0,0,1,0,0,0,0.0
2025-01-17,google,cpc,CMP-000066,Lifecycle Winback EMEA FY25,mobile,0,1,0,0,0,0,0,0.0
2025-01-07,partner,referral,CMP-000080,COMPETITOR SEARCH EMEA FY25,desktop,0,1,0,0,0,0,0,0.0
2025-01-27,facebook,paid_social,CMP-000054, Brand Search Global Q4  ,mobile,0,1,0,0,0,0,0,0.0
2025-01-01,facebook,paid_social,CMP-000050,Cart Recovery US FY25,mobile,0,0,0,0,0,1,0,0.0
2025-01-16,google,cpc,CMP-000056, Brand Search Global Q4  ,mobile,0,1,0,0,0,0,0,0.0
2025-01-28,(direct),(none),CMP-000055, Holiday Promo EMEA 2024  ,mobile,0,1,0,0,0,0,0,0.0
2025-01-25,newsletter,email,CMP-000020,PRODUCT LAUNCH US Q4,desktop,1,0,0,0,0,0,0,0.0
2025-01-14,newsletter,email,CMP-000036,BRAND SEARCH US 2025,mobile,0,1,0,0,0,0,0,0.0
2025-01-06,google,cpc,CMP-000005,RETARGETING US FY25,desktop,0,0,1,0,0,0,0,0.0
2025-01-25,google,cpc,,product_launch_apac_q4,desktop,0,0,0,0,0,1,0,0.0
2025-01-12,google,cpc,, Creator Spark APAC Q4  ,desktop,0,1,0,0,0,0,0,0.0
2025-01-29,(direct),(none),,CREATOR SPARK APAC FY25,mobile,0,1,0,0,0,0,0,0.0
2025-01-24,google,cpc,CMP-000001,Product Launch Global 2025,mobile,0,0,1,0,0,0,0,0.0
2025-01-21,newsletter,email,,BRAND SEARCH EMEA 2024,desktop,0,0,1,0,0,0,0,0.0
2025-01-05,newsletter,email,CMP-000021, Enterprise ABM Global 2024  ,mobile,1,0,0,0,0,0,0,0.0
2025-01-30,google,cpc,CMP-000021,Lifecycle Winback US FY25,mobile,0,1,0,0,0,0,0,0.0
2025-01-23,facebook,paid_social,CMP-000022,Brand SEM Global 2024,mobile,0,0,1,0,0,0,0,0.0
2025-01-04,(direct),(none),CMP-000061, Retargeting Global 2024  ,desktop,0,1,0,0,0,0,0,0.0
2025-01-03,google,cpc,CMP-000024,Holiday Promotion Global FY25,desktop,0,1,0,0,0,0,0,0.0
2025-01-14,google,cpc,CMP-000007, Creator Spark Global 2025  ,tablet,0,0,0,0,1,0,0,0.0
2025-01-28,tiktok,paid_social,,regional_expansion_na_q4,mobile,0,0,0,0,0,1,0,0.0
2025-01-25,google,cpc,CMP-000072,Competitor Search US 2024,mobile,0,0,0,1,0,0,0,0.0
2025-01-20,facebook,paid_social,CMP-000049,Product Launch APAC 2025,desktop,0,0,0,1,0,0,0,0.0
2025-01-24,facebook,paid_social,CMP-000023,BRAND SEARCH US Q4,desktop,0,0,1,0,0,0,0,0.0
2025-01-17,tiktok,paid_social,,CREATOR SPARK NA 2025,mobile,0,1,0,0,0,0,0,0.0
2025-01-15,(direct),(none),,CREATOR SPARK NA FY25,mobile,0,0,1,0,0,0,0,0.0
2025-01-22,google,cpc,CMP-000020,Enterprise ABM US 2024,desktop,0,0,0,0,0,0,1,359.1
2025-01-14,google,cpc,CMP-000025, Brand Search EMEA 2024  ,mobile,0,0,0,0,0,1,0,0.0
2025-01-12,google,cpc,CMP-000025, Lifecycle Winback Global Q4  ,desktop,0,0,0,0,0,0,1,272.14
2025-01-05,tiktok,paid_social,CMP-000064,HOLIDAY PROMO APAC Q4,mobile,0,0,0,0,0,1,0,0.0
2025-01-07,google,cpc,CMP-000010,Enterprise ABM US 2025,mobile,1,0,0,0,0,0,0,0.0
2025-01-09,facebook,paid_social,CMP-000042,Creator Spark EMEA 2024,mobile,0,1,0,0,0,0,0,0.0
2025-01-26,facebook,paid_social,CMP-000068,Lifecycle Winback EMEA 2025,mobile,1,0,0,0,0,0,0,0.0
2025-01-26,google,cpc,CMP-000047, Enterprise ABM EMEA 2025  ,mobile,0,1,0,0,0,0,0,0.0
2025-01-07,newsletter,email,CMP-000066, Brand Search NA 2025  ,mobile,1,0,0,0,0,0,0,0.0
2025-01-05,google,cpc,, Creator Spark NA Q4  ,desktop,0,0,1,0,0,0,0,0.0
2025-01-02,tiktok,paid_social,CMP-000083, Regional Expansion NA 2024  ,desktop,0,1,0,0,0,0,0,0.0
2025-01-05,google,cpc,,Enterprise ABM NA Q4,desktop,0,0,0,0,0,1,0,0.0
2025-01-24,facebook,paid_social,CMP-000026,BRAND SEARCH NA 2024,desktop,1,0,0,0,0,0,0,0.0
2025-01-29,facebook,paid_social,CMP-000079,Enterprise ABM NA Q4,desktop,1,0,0,0,0,0,0,0.0
2025-01-16,tiktok,paid_social,CMP-000041, Regional Expansion EMEA FY25  ,desktop,0,0,1,0,0,0,0,0.0
2025-01-02,(direct),(none),CMP-000056,COMPETITOR SEARCH APAC 2025,desktop,0,0,0,1,0,0,0,0.0
2025-01-05,tiktok,paid_social,CMP-000059,BRAND SEARCH NA FY25,mobile,0,0,0,0,0,1,0,0.0
2025-01-10,newsletter,email,,holiday_promo_emea_2025,mobile,1,0,0,0,0,0,0,0.0
2025-01-15,google,cpc,CMP-000021, Creator Spark NA 2024  ,mobile,0,1,0,0,0,0,0,0.0
2025-01-27,facebook,paid_social,CMP-000027,Competitor Search Global FY25,mobile,0,1,0,0,0,0,0,0.0
2025-01-12,google,cpc,CMP-000012,product_launch_emea_fy25,mobile,0,0,0,0,0,1,0,0.0
2025-01-24,(direct),(none),CMP-000015,cart_recovery_emea_2025,mobile,1,0,0,0,0,0,0,0.0
2025-01-23,(direct),(none),CMP-000009,Regional Expansion Global FY25,mobile,0,0,0,0,1,0,0,0.0
2025-01-28,google,cpc,CMP-000002,Product Launch Global 2024,desktop,0,0,0,0,0,0,1,665.57
2025-01-24,google,cpc,CMP-000027,enterprise_abm_us_2025,tablet,1,0,0,0,0,0,0,0.0
2025-01-24,facebook,paid_social,,Enterprise ABM NA 2024,mobile,0,1,0,0,0,0,0,0.0
2025-01-15,facebook,paid_social,CMP-000042,PRODUCT LAUNCH NA 2024,desktop,0,1,0,0,0,0,0,0.0
2025-01-16,facebook,paid_social,CMP-000045,lifecycle_winback_na_2025,mobile,1,0,0,0,0,0,0,0.0
2025-01-22,facebook,paid_social,CMP-000028,REGIONAL EXPANSION GLOBAL FY25,mobile,0,1,0,0,0,0,0,0.0
2025-01-21,tiktok,paid_social,CMP-000068,Product Launch APAC 2025,mobile,0,1,0,0,0,0,0,0.0
2025-01-30,google,cpc,,Enterprise ABM EMEA Q4,mobile,0,1,0,0,0,0,0,0.0
2025-01-28,newsletter,email,CMP-000045, Holiday Promo EMEA 2025  ,tablet,1,0,0,0,0,0,0,0.0
2025-01-26,google,cpc,CMP-000024,RETARGETING US Q4,mobile,1,0,0,0,0,0,0,0.0
2025-01-06,google,cpc,,holiday_promo_apac_fy25,mobile,0,1,0,0,0,0,0,0.0
2025-01-22,newsletter,email,CMP-000038,brand_search_global_fy25,mobile,1,0,0,0,0,0,0,0.0
2025-01-18,tiktok,paid_social,CMP-000040,BRAND SEARCH NA FY25,mobile,0,1,0,0,0,0,0,0.0
2025-01-31,newsletter,email,CMP-000018,Lifecycle Winback NA 2024,desktop,1,0,0,0,0,0,0,0.0
2025-01-29,newsletter,email,CMP-000028,lifecycle_winback_us_2024,mobile,0,1,0,0,0,0,0,0.0
2025-01-14,facebook,paid_social,CMP-000081,Lifecycle Winback US Q4,tablet,0,1,0,0,0,0,0,0.0
2025-01-19,google,cpc,CMP-000008,enterprise_abm_global_fy25,mobile,0,1,0,0,0,0,0,0.0
2025-01-05,(direct),(none),, Lifecycle Winback Global Q4  ,mobile,0,1,0,0,0,0,0,0.0
2025-01-29,google,cpc,CMP-000044, Brand Search NA Q4  ,mobile,0,1,0,0,0,0,0,0.0
2025-01-18,google,cpc,CMP-000082,creator_spark_us_2025,mobile,0,0,0,1,0,0,0,0.0
2025-01-11,google,cpc,CMP-000024,Enterprise ABM NA Q4,desktop,0,0,1,0,0,0,0,0.0
2025-01-19,tiktok,paid_social,CMP-000028, Regional Expansion APAC FY25  ,desktop,1,0,0,0,0,0,0,0.0
2025-01-09,google,cpc,CMP-000028,Creator Spark NA Q4,mobile,1,0,0,0,0,0,0,0.0
2025-01-29,tiktok,paid_social,CMP-000071,Lifecycle Winback US 2025,tablet,0,0,1,0,0,0,0,0.0
2025-01-26,facebook,paid_social,CMP-000042,Holiday Promo NA 2024,mobile,0,1,0,0,0,0,0,0.0
2025-01-22,tiktok,paid_social,CMP-000027,Enterprise ABM EMEA Q4,mobile,0,1,0,0,0,0,0,0.0
2025-01-15,google,cpc,CMP-000012,REGIONAL EXPANSION EMEA 2024,desktop,0,1,0,0,0,0,0,0.0
2025-01-01,(direct),(none),CMP-000061, Lifecycle Winback US 2024  ,tablet,0,1,0,0,0,0,0,0.0
2025-01-17,newsletter,email,CMP-000037,product_launch_emea_2024,tablet,1,0,0,0,0,0,0,0.0
2025-01-04,google,cpc,CMP-000068, Holiday Promo APAC 2025  ,mobile,0,1,0,0,0,0,0,0.0
2025-01-11,google,cpc,,Product Launch EMEA Q4,desktop,0,1,0,0,0,0,0,0.0
2025-01-15,google,cpc,CMP-000078,competitor_search_apac_2025,mobile,1,0,0,0,0,0,0,0.0
2025-01-20,google,cpc,CMP-000033,PRODUCT LAUNCH APAC FY25,mobile,0,0,0,0,0,0,1,517.13
2025-01-28,google,cpc,,holiday_promo_na_q4,mobile,0,0,0,1,0,0,0,0.0
2025-01-09,newsletter,email,CMP-000038,lifecycle_winback_apac_2025,mobile,0,0,0,0,1,0,0,0.0
2025-01-22,facebook,paid_social,CMP-000058,Cart Recovery US FY25,tablet,1,0,0,0,0,0,0,0.0
2025-01-17,google,cpc,CMP-000027,Enterprise ABM Global 2025,mobile,0,1,0,0,0,0,0,0.0
2025-01-07,google,cpc,CMP-000066, Regional Expansion APAC Q4  ,desktop,0,1,0,0,0,0,0,0.0
2025-01-13,(direct),(none),CMP-000076,brand_search_us_2024,desktop,0,0,1,0,0,0,0,0.0
2025-01-10,facebook,paid_social,CMP-000024,PRODUCT LAUNCH GLOBAL FY25,mobile,0,1,0,0,0,0,0,0.0
2025-01-16,facebook,paid_social,CMP-000070,PRODUCT LAUNCH US 2025,mobile,0,1,0,0,0,0,0,0.0
2025-01-21,google,cpc,CMP-000020, Retargeting Global FY25  ,desktop,0,1,0,0,0,0,0,0.0
2025-01-29,newsletter,email,CMP-000061,ENTERPRISE ABM GLOBAL 2025,desktop,0,1,0,0,0,0,0,0.0
2025-01-09,facebook,paid_social,CMP-000014,Enterprise ABM NA 2024,desktop,0,1,0,0,0,0,0,0.0
2025-01-03,newsletter,email,CMP-000083,Brand SEM Global 2025,desktop,0,1,0,0,0,0,0,0.0
2025-01-24,google,cpc,CMP-000055,Creator Spark NA Q4,mobile,0,1,0,0,0,0,0,0.0
2025-01-12,google,cpc,CMP-000028,Competitor Search Global Q4,desktop,0,1,0,0,0,0,0,0.0
2025-01-28,facebook,paid_social,CMP-000016,Lifecycle Winback Global Q4,desktop,0,1,0,0,0,0,0,0.0
2025-01-06,facebook,paid_social,CMP-000071, Competitor Search Global 2025  ,mobile,0,0,1,0,0,0,0,0.0
2025-01-25,newsletter,email,,product_launch_us_fy25,tablet,0,1,0,0,0,0,0,0.0
2025-01-07,tiktok,paid_social,CMP-000067,Regional Expansion NA 2025,desktop,0,0,0,0,0,0,1,1142.76
2025-01-28,google,cpc,CMP-000016,cart_recovery_apac_2025,desktop,0,0,1,0,0,0,0,0.0
2025-01-06,partner,referral,CMP-000079, Retargeting EMEA 2025  ,desktop,0,0,0,0,0,0,1,1275.76
2025-01-22,newsletter,email,CMP-000040,LIFECYCLE WINBACK EMEA FY25,mobile,0,0,1,0,0,0,0,0.0
2025-01-12,google,cpc,CMP-000054,Competitor SEM US Q4,mobile,1,0,0,0,0,0,0,0.0
2025-01-25,tiktok,paid_social,CMP-000034,Regional Expansion Global FY25,desktop,0,0,0,0,0,1,0,0.0
2025-01-15,newsletter,email,CMP-000024, Lifecycle Winback US Q4  ,desktop,0,1,0,0,0,0,0,0.0
2025-01-17,google,cpc,,Retargeting Global Q4,desktop,0,0,0,1,0,0,0,0.0
2025-01-05,google,cpc,CMP-000046,Retargeting EMEA Q4,mobile,0,1,0,0,0,0,0,0.0
2025-01-19,facebook,paid_social,CMP-000043,Brand SEM Global 2024,mobile,1,0,0,0,0,0,0,0.0
2025-01-15,google,cpc,CMP-000078,competitor_search_us_fy25,desktop,1,0,0,0,0,0,0,0.0
2025-01-16,google,cpc,CMP-000028,brand_search_us_2025,desktop,0,1,0,0,0,0,0,0.0
2025-01-28,(direct),(none),CMP-000053,regional_expansion_na_2025,mobile,0,1,0,0,0,0,0,0.0
2025-01-28,partner,referral,CMP-000078,Retargeting Global 2024,mobile,1,0,0,0,0,0,0,0.0
2025-01-26,newsletter,email,CMP-000064,enterprise_abm_emea_2025,desktop,1,0,0,0,0,0,0,0.0
2025-01-29,google,cpc,CMP-000031,Creator Spark US 2024,desktop,0,0,0,0,1,0,0,0.0
2025-01-21,newsletter,email,, Enterprise ABM EMEA 2024  ,mobile,0,0,1,0,0,0,0,0.0
2025-01-11,google,cpc,,creator_spark_na_q4,mobile,0,1,0,0,0,0,0,0.0
2025-01-16,facebook,paid_social,CMP-000039,holiday_promo_apac_2025,desktop,0,1,0,0,0,0,0,0.0
2025-01-20,(direct),(none),CMP-000076, Product Launch APAC Q4  ,mobile,0,1,0,0,0,0,0,0.0
2025-01-08,google,cpc,,Lifecycle Winback US 2024,mobile,1,0,0,0,0,0,0,0.0
2025-01-25,google,cpc,CMP-000014,Creator Spark APAC FY25,mobile,0,0,1,0,0,0,0,0.0
2025-01-14,newsletter,email,, Regional Expansion US FY25  ,desktop,1,0,0,0,0,0,0,0.0
2025-01-11,google,cpc,CMP-000030,CREATOR SPARK EMEA 2024,desktop,1,0,0,0,0,0,0,0.0
2025-01-18,facebook,paid_social,CMP-000034,creator_spark_apac_2024,desktop,0,1,0,0,0,0,0,0.0
2025-01-18,google,cpc,CMP-000049,retargeting_global_fy25,desktop,0,1,0,0,0,0,0,0.0
2025-01-12,google,cpc,,Regional Expansion APAC 2025,desktop,0,0,0,0,0,1,0,0.0
2025-01-02,partner,referral,CMP-000006,ENTERPRISE ABM EMEA 2025,mobile,0,1,0,0,0,0,0,0.0
2025-01-31,google,cpc,CMP-000082,Cart Recovery APAC FY25,mobile,0,0,1,0,0,0,0,0.0
2025-01-17,google,cpc,, Holiday Promo APAC Q4  ,mobile,0,0,1,0,0,0,0,0.0
2025-01-24,newsletter,email,CMP-000068,enterprise_abm_us_2025,mobile,0,1,0,0,0,0,0,0.0
2025-01-22,tiktok,paid_social,CMP-000028,COMPETITOR SEARCH US Q4,desktop,1,0,0,0,0,0,0,0.0
2025-01-04,partner,referral,CMP-000003,REGIONAL EXPANSION APAC 2025,mobile,0,1,0,0,0,0,0,0.0
2025-01-09,google,cpc,CMP-000033,LIFECYCLE WINBACK EMEA 2025,mobile,0,0,1,0,0,0,0,0.0
2025-01-16,facebook,paid_social,CMP-000083, Lifecycle Winback APAC Q4  ,mobile,0,1,0,0,0,0,0,0.0
2025-01-24,google,cpc,CMP-000051,COMPETITOR SEARCH GLOBAL FY25,desktop,0,1,0,0,0,0,0,0.0
2025-01-23,facebook,paid_social,CMP-000001, Holiday Promo EMEA FY25  ,desktop,1,0,0,0,0,0,0,0.0
2025-01-06,facebook,paid_social,CMP-000011,Holiday Promotion US Q4,mobile,1,0,0,0,0,0,0,0.0
2025-01-27,(direct),(none),CMP-000019,HOLIDAY PROMO GLOBAL FY25,mobile,1,0,0,0,0,0,0,0.0
2025-01-17,tiktok,paid_social,CMP-000070,Lifecycle Winback EMEA 2025,mobile,0,0,0,1,0,0,0,0.0
2025-01-13,google,cpc,CMP-000025,Holiday Promo APAC 2025,desktop,0,1,0,0,0,0,0,0.0
2025-01-23,google,cpc,CMP-000080,enterprise_abm_global_2024,desktop,0,1,0,0,0,0,0,0.0
2025-01-30,newsletter,email,CMP-000040,Lifecycle Winback NA 2024,mobile,1,0,0,0,0,0,0,0.0
2025-01-16,google,cpc,CMP-000056,Holiday Promotion EMEA FY25,desktop,0,0,1,0,0,0,0,0.0
2025-01-19,google,cpc,CMP-000026,Holiday Promotion Global FY25,desktop,1,0,0,0,0,0,0,0.0
2025-01-17,tiktok,paid_social,CMP-000042,Product Launch NA 2024,desktop,0,0,0,0,0,0,1,496.31
2025-01-11,(direct),(none),CMP-000032,Enterprise ABM Global 2024,desktop,0,1,0,0,0,0,0,0.0
2025-01-01,google,cpc,CMP-000035,Brand SEM EMEA 2024,mobile,1,0,0,0,0,0,0,0.0
2025-01-12,google,cpc,, Cart Recovery NA 2024  ,mobile,0,0,0,1,0,0,0,0.0
2025-01-15,google,cpc,CMP-000048,lifecycle_winback_emea_2025,desktop,0,1,0,0,0,0,0,0.0
2025-01-27,google,cpc,CMP-000055,Lifecycle Winback NA FY25,desktop,0,0,0,0,0,0,1,282.33
2025-01-15,google,cpc,CMP-000008,Retargeting APAC Q4,desktop,0,0,0,0,0,0,1,709.31
2025-01-28,tiktok,paid_social,,Creator Spark APAC FY25,desktop,0,1,0,0,0,0,0,0.0
2025-01-25,facebook,paid_social,CMP-000074,Enterprise ABM Global FY25,mobile,0,1,0,0,0,0,0,0.0
2025-01-30,tiktok,paid_social,CMP-000065,Enterprise ABM EMEA 2025,desktop,0,0,0,0,1,0,0,0.0
2025-01-13,facebook,paid_social,CMP-000080,enterprise_abm_na_q4,mobile,0,0,0,0,0,1,0,0.0
2025-01-13,newsletter,email,CMP-000063,Retargeting NA FY25,tablet,0,1,0,0,0,0,0,0.0
2025-01-24,partner,referral,CMP-000016,Enterprise ABM EMEA 2024,desktop,0,1,0,0,0,0,0,0.0
2025-01-24,google,cpc,CMP-000026,Lifecycle Winback NA 2024,desktop,1,0,0,0,0,0,0,0.0
2025-01-14,(direct),(none),CMP-000001,Creator Spark US 2024,mobile,0,0,0,0,0,0,1,507.54
2025-01-09,(direct),(none),,Holiday Promo Global Q4,mobile,0,1,0,0,0,0,0,0.0
2025-01-14,google,cpc,CMP-000082,Enterprise ABM US 2024,mobile,0,1,0,0,0,0,0,0.0
2025-01-20,google,cpc,CMP-000066,Cart Recovery Global 2024,desktop,0,1,0,0,0,0,0,0.0
2025-01-15,google,cpc,CMP-000045, Competitor Search NA Q4  ,mobile,0,1,0,0,0,0,0,0.0
2025-01-29,google,cpc,CMP-000073,regional_expansion_apac_2025,desktop,0,0,0,0,0,1,0,0.0
2025-01-16,newsletter,email,CMP-000068,Product Launch APAC Q4,mobile,0,1,0,0,0,0,0,0.0
2025-01-22,google,cpc,CMP-000006, Product Launch APAC 2024  ,tablet,0,0,1,0,0,0,0,0.0
2025-01-20,facebook,paid_social,CMP-000073, Creator Spark Global Q4  ,mobile,0,1,0,0,0,0,0,0.0
2025-01-24,google,cpc,CMP-000062, Enterprise ABM EMEA FY25  ,tablet,0,1,0,0,0,0,0,0.0
2025-01-15,google,cpc,CMP-000003,cart_recovery_emea_fy25,mobile,0,0,1,0,0,0,0,0.0
2025-01-26,google,cpc,CMP-000038,creator_spark_apac_q4,desktop,0,1,0,0,0,0,0,0.0
2025-01-18,(direct),(none),CMP-000069,CREATOR SPARK NA Q4,desktop,0,1,0,0,0,0,0,0.0
2025-01-03,google,cpc,CMP-000049,REGIONAL EXPANSION EMEA 2024,desktop,0,1,0,0,0,0,0,0.0
2025-01-22,google,cpc,, Product Launch Global 2024  ,desktop,0,1,0,0,0,0,0,0.0
2025-01-04,google,cpc,CMP-000054,Cart Recovery APAC 2025,mobile,0,1,0,0,0,0,0,0.0
2025-01-17,google,cpc,CMP-000067, Brand Search EMEA Q4  ,mobile,0,1,0,0,0,0,0,0.0
2025-01-02,google,cpc,CMP-000073,RETARGETING EMEA Q4,mobile,0,0,1,0,0,0,0,0.0
2025-01-10,(direct),(none),CMP-000007,Enterprise ABM US 2025,desktop,1,0,0,0,0,0,0,0.0
2025-01-11,google,cpc,,Creator Spark Global FY25,desktop,0,1,0,0,0,0,0,0.0
2025-01-14,facebook,paid_social,CMP-000035, Creator Spark APAC FY25  ,mobile,1,0,0,0,0,0,0,0.0
2025-01-09,newsletter,email,CMP-000032,Holiday Promo EMEA Q4,mobile,0,0,1,0,0,0,0,0.0
2025-01-13,google,cpc,CMP-000047,competitor_search_emea_2025,desktop,0,1,0,0,0,0,0,0.0
2025-01-27,facebook,paid_social,CMP-000057,Brand SEM US 2025,mobile,0,1,0,0,0,0,0,0.0
2025-01-31,newsletter,email,CMP-000007,Competitor SEM NA FY25,desktop,1,0,0,0,0,0,0,0.0
2025-01-12,google,cpc,CMP-000008,creator_spark_apac_2025,mobile,0,1,0,0,0,0,0,0.0
2025-01-18,partner,referral,CMP-000018, Lifecycle Winback NA 2024  ,mobile,1,0,0,0,0,0,0,0.0
2025-01-03,google,cpc,CMP-000012, Competitor Search EMEA 2025  ,desktop,0,0,0,0,0,1,0,0.0
2025-01-05,tiktok,paid_social,CMP-000048,REGIONAL EXPANSION GLOBAL 2025,desktop,1,0,0,0,0,0,0,0.0
2025-01-23,google,cpc,CMP-000016,Product Launch EMEA 2024,mobile,0,0,0,0,0,0,1,689.84
2025-01-13,google,cpc,CMP-000029,CREATOR SPARK NA 2025,desktop,0,0,0,0,0,0,1,467.46
2025-01-30,facebook,paid_social,CMP-000046,Enterprise ABM US FY25,desktop,0,0,0,1,0,0,0,0.0
2025-01-22,facebook,paid_social,CMP-000011, Retargeting Global 2025  ,tablet,0,0,0,0,1,0,0,0.0
2025-01-15,tiktok,paid_social,CMP-000042,COMPETITOR SEARCH APAC FY25,mobile,0,1,0,0,0,0,0,0.0
2025-01-22,google,cpc,, Product Launch Global 2025  ,mobile,0,1,0,0,0,0,0,0.0
2025-01-09,google,cpc,CMP-000062,PRODUCT LAUNCH US Q4,mobile,0,0,1,0,0,0,0,0.0
2025-01-12,(direct),(none),CMP-000058, Cart Recovery NA 2024  ,desktop,0,0,0,0,1,0,0,0.0
2025-01-10,tiktok,paid_social,CMP-000023,cart_recovery_us_q4,mobile,0,0,0,0,1,0,0,0.0
2025-01-30,google,cpc,CMP-000083,RETARGETING GLOBAL Q4,mobile,0,1,0,0,0,0,0,0.0
2025-01-05,newsletter,email,CMP-000041,cart_recovery_global_q4,mobile,0,1,0,0,0,0,0,0.0
2025-01-18,google,cpc,CMP-000010,CREATOR SPARK APAC FY25,desktop,0,0,1,0,0,0,0,0.0
2025-01-27,(direct),(none),CMP-000046,Regional Expansion APAC FY25,desktop,0,0,1,0,0,0,0,0.0
2025-01-13,google,cpc,CMP-000014,Lifecycle Winback NA FY25,desktop,0,0,0,0,1,0,0,0.0
2025-01-28,facebook,paid_social,CMP-000005,regional_expansion_emea_2025,mobile,0,0,1,0,0,0,0,0.0
2025-01-24,newsletter,email,, Product Launch Global FY25  ,mobile,0,1,0,0,0,0,0,0.0
2025-01-10,facebook,paid_social,CMP-000056,Cart Recovery US 2024,mobile,1,0,0,0,0,0,0,0.0
2025-01-16,facebook,paid_social,CMP-000002,Brand SEM EMEA 2024,desktop,1,0,0,0,0,0,0,0.0
2025-01-12,tiktok,paid_social,CMP-000065,product_launch_apac_2025,mobile,0,0,1,0,0,0,0,0.0
2025-01-06,facebook,paid_social,CMP-000020,CART RECOVERY NA Q4,mobile,0,0,0,0,0,0,1,1057.22
2025-01-13,facebook,paid_social,CMP-000009,LIFECYCLE WINBACK US 2024,desktop,0,1,0,0,0,0,0,0.0
2025-01-16,google,cpc,CMP-000078, Brand Search APAC 2024  ,desktop,0,1,0,0,0,0,0,0.0
2025-01-13,google,cpc,CMP-000024,regional_expansion_na_fy25,mobile,0,0,0,0,1,0,0,0.0
2025-01-01,google,cpc,CMP-000017,Brand SEM NA 2024,mobile,0,0,0,0,0,1,0,0.0
2025-01-16,facebook,paid_social,CMP-000042, Enterprise ABM Global FY25  ,mobile,0,1,0,0,0,0,0,0.0
2025-01-19,tiktok,paid_social,CMP-000043, Lifecycle Winback Global 2024  ,mobile,0,0,0,1,0,0,0,0.0
2025-01-27,tiktok,paid_social,CMP-000059,LIFECYCLE WINBACK GLOBAL Q4,desktop,1,0,0,0,0,0,0,0.0
2025-01-29,google,cpc,CMP-000044,HOLIDAY PROMO EMEA FY25,mobile,0,0,0,0,1,0,0,0.0
2025-01-18,newsletter,email,CMP-000040,ENTERPRISE ABM US 2024,mobile,0,0,0,1,0,0,0,0.0
2025-01-16,tiktok,paid_social,CMP-000002,REGIONAL EXPANSION GLOBAL Q4,mobile,1,0,0,0,0,0,0,0.0
2025-01-13,facebook,paid_social,CMP-000040,HOLIDAY PROMO NA FY25,desktop,0,1,0,0,0,0,0,0.0
2025-01-12,facebook,paid_social,CMP-000028,Product Launch NA 2024,desktop,0,1,0,0,0,0,0,0.0
2025-01-02,(direct),(none),CMP-000072,Creator Spark EMEA 2025,mobile,0,0,0,0,1,0,0,0.0
2025-01-29,google,cpc,CMP-000056,cart_recovery_us_fy25,tablet,0,1,0,0,0,0,0,0.0
2025-01-19,(direct),(none),CMP-000011,Regional Expansion APAC 2025,mobile,1,0,0,0,0,0,0,0.0
2025-01-10,google,cpc,CMP-000044,PRODUCT LAUNCH EMEA FY25,mobile,0,1,0,0,0,0,0,0.0
2025-01-01,facebook,paid_social,CMP-000049,holiday_promo_global_2024,desktop,0,0,0,1,0,0,0,0.0
2025-01-17,google,cpc,CMP-000078,Competitor SEM APAC 2025,mobile,0,1,0,0,0,0,0,0.0
2025-01-09,newsletter,email,CMP-000024,Creator Spark APAC FY25,mobile,0,1,0,0,0,0,0,0.0
2025-01-07,newsletter,email,CMP-000027, Competitor Search EMEA 2024  ,mobile,0,0,0,0,1,0,0,0.0
2025-01-27,google,cpc,CMP-000003, Brand Search APAC 2025  ,mobile,0,0,1,0,0,0,0,0.0
2025-01-20,google,cpc,CMP-000024, Brand Search US Q4  ,mobile,0,0,1,0,0,0,0,0.0
2025-01-11,facebook,paid_social,,holiday_promo_emea_q4,mobile,0,0,0,0,0,1,0,0.0
2025-01-29,newsletter,email,CMP-000072,Competitor SEM NA 2025,desktop,0,1,0,0,0,0,0,0.0
2025-01-08,google,cpc,CMP-000064,competitor_search_apac_2025,desktop,0,0,1,0,0,0,0,0.0
2025-01-13,google,cpc,CMP-000049,Cart Recovery EMEA Q4,mobile,1,0,0,0,0,0,0,0.0
2025-01-04,google,cpc,CMP-000019, Retargeting Global 2024  ,desktop,0,1,0,0,0,0,0,0.0
2025-01-21,google,cpc,CMP-000027,regional_expansion_us_fy25,tablet,0,1,0,0,0,0,0,0.0
2025-01-30,newsletter,email,CMP-000066,Lifecycle Winback NA Q4,mobile,0,0,1,0,0,0,0,0.0
2025-01-26,google,cpc,CMP-000032,CART RECOVERY APAC FY25,mobile,0,0,0,1,0,0,0,0.0
2025-01-02,newsletter,email,CMP-000002,RETARGETING EMEA FY25,mobile,1,0,0,0,0,0,0,0.0
2025-01-02,partner,referral,,Brand Search Global FY25,mobile,1,0,0,0,0,0,0,0.0
2025-01-03,google,cpc,CMP-000004,Retargeting Global 2025,desktop,0,1,0,0,0,0,0,0.0
2025-01-13,google,cpc,CMP-000017, Competitor Search US 2025  ,desktop,1,0,0,0,0,0,0,0.0
2025-01-06,(direct),(none),CMP-000029,Competitor Search Global FY25,mobile,1,0,0,0,0,0,0,0.0
2025-01-02,google,cpc,CMP-000040, Product Launch Global FY25  ,desktop,0,1,0,0,0,0,0,0.0
2025-01-06,tiktok,paid_social,CMP-000070,Creator Spark NA FY25,mobile,0,0,0,0,0,0,1,467.67
2025-01-30,(direct),(none),CMP-000070,LIFECYCLE WINBACK NA FY25,mobile,0,1,0,0,0,0,0,0.0
2025-01-29,google,cpc,CMP-000004,Holiday Promo US 2025,mobile,0,0,0,0,0,0,1,900.82
2025-01-29,google,cpc,CMP-000015, Holiday Promo EMEA 2024  ,desktop,1,0,0,0,0,0,0,0.0
2025-01-08,google,cpc,CMP-000012,competitor_search_na_q4,desktop,1,0,0,0,0,0,0,0.0
2025-01-21,google,cpc,CMP-000023, Competitor Search NA 2024  ,desktop,0,0,1,0,0,0,0,0.0
2025-01-23,google,cpc,CMP-000048,Product Launch Global 2025,mobile,0,0,0,0,0,1,0,0.0
2025-01-22,google,cpc,CMP-000012,ENTERPRISE ABM US 2024,mobile,0,0,1,0,0,0,0,0.0
2025-01-17,tiktok,paid_social,CMP-000079,PRODUCT LAUNCH APAC FY25,desktop,1,0,0,0,0,0,0,0.0
2025-01-23,google,cpc,CMP-000004,Creator Spark NA Q4,desktop,0,0,0,0,0,1,0,0.0
2025-01-07,google,cpc,,Holiday Promo Global 2025,desktop,0,1,0,0,0,0,0,0.0
2025-01-29,google,cpc,CMP-000040, Retargeting US Q4  ,desktop,1,0,0,0,0,0,0,0.0
2025-01-31,facebook,paid_social,CMP-000075,Competitor Search Global 2025,mobile,1,0,0,0,0,0,0,0.0
2025-01-26,google,cpc,CMP-000068,Product Launch EMEA 2025,desktop,0,1,0,0,0,0,0,0.0
2025-01-11,facebook,paid_social,CMP-000044,Lifecycle Winback Global 2025,desktop,0,1,0,0,0,0,0,0.0
2025-01-22,tiktok,paid_social,, Holiday Promo US FY25  ,mobile,1,0,0,0,0,0,0,0.0
2025-01-26,google,cpc,, Retargeting Global FY25  ,desktop,0,0,0,0,1,0,0,0.0
2025-01-09,partner,referral,CMP-000048,Competitor Search NA Q4,desktop,0,1,0,0,0,0,0,0.0
2025-01-25,google,cpc,CMP-000034,BRAND SEARCH EMEA FY25,mobile,1,0,0,0,0,0,0,0.0
2025-01-05,google,cpc,CMP-000006,Retargeting Global Q4,desktop,0,1,0,0,0,0,0,0.0
2025-01-31,google,cpc,CMP-000050,brand_search_us_2025,mobile,1,0,0,0,0,0,0,0.0
2025-01-31,tiktok,paid_social,CMP-000051,Creator Spark NA FY25,desktop,0,1,0,0,0,0,0,0.0
2025-01-17,tiktok,paid_social,, Cart Recovery NA 2024  ,mobile,0,1,0,0,0,0,0,0.0
2025-01-13,google,cpc,CMP-000075,Product Launch EMEA Q4,mobile,0,0,0,0,0,0,1,1619.0
2025-01-11,newsletter,email,CMP-000046,Creator Spark Global 2024,desktop,0,1,0,0,0,0,0,0.0
2025-01-04,google,cpc,CMP-000041, Regional Expansion Global 2025  ,desktop,0,0,1,0,0,0,0,0.0
2025-01-09,tiktok,paid_social,CMP-000058,Lifecycle Winback Global 2024,mobile,0,0,0,1,0,0,0,0.0
2025-01-05,newsletter,email,CMP-000076,enterprise_abm_apac_fy25,mobile,0,1,0,0,0,0,0,0.0
2025-01-17,(direct),(none),CMP-000064,COMPETITOR SEARCH APAC Q4,mobile,1,0,0,0,0,0,0,0.0
2025-01-23,google,cpc,CMP-000016,BRAND SEARCH EMEA 2024,desktop,1,0,0,0,0,0,0,0.0
2025-01-19,google,cpc,,RETARGETING EMEA 2024,desktop,1,0,0,0,0,0,0,0.0
2025-01-22,partner,referral,CMP-000015,regional_expansion_na_2024,tablet,0,1,0,0,0,0,0,0.0
2025-01-12,tiktok,paid_social,CMP-000018,PRODUCT LAUNCH NA 2025,desktop,0,1,0,0,0,0,0,0.0
2025-01-10,(direct),(none),CMP-000036,regional_expansion_us_2024,desktop,0,1,0,0,0,0,0,0.0
2025-01-22,newsletter,email,,brand_search_na_2024,desktop,0,0,0,1,0,0,0,0.0
2025-01-01,tiktok,paid_social,CMP-000039,creator_spark_na_2024,mobile,0,1,0,0,0,0,0,0.0
2025-01-31,facebook,paid_social,CMP-000079,ENTERPRISE ABM NA Q4,desktop,0,1,0,0,0,0,0,0.0
2025-01-08,newsletter,email,,enterprise_abm_apac_q4,mobile,0,1,0,0,0,0,0,0.0
2025-01-14,newsletter,email,CMP-000038,Competitor Search US 2025,mobile,0,0,1,0,0,0,0,0.0
2025-01-04,newsletter,email,CMP-000051, Competitor Search NA Q4  ,tablet,0,0,0,0,0,0,1,1852.05
2025-01-04,(direct),(none),CMP-000006,product_launch_apac_2024,mobile,0,1,0,0,0,0,0,0.0
2025-01-26,google,cpc,,lifecycle_winback_apac_q4,desktop,0,0,1,0,0,0,0,0.0
2025-01-01,google,cpc,CMP-000063,Competitor SEM NA Q4,mobile,0,0,1,0,0,0,0,0.0
2025-01-18,(direct),(none),CMP-000077,Holiday Promo US 2025,desktop,0,1,0,0,0,0,0,0.0
2025-01-23,newsletter,email,CMP-000053, Competitor Search US 2024  ,mobile,0,0,0,0,1,0,0,0.0
2025-01-11,(direct),(none),CMP-000011,Lifecycle Winback NA Q4,mobile,0,1,0,0,0,0,0,0.0
2025-01-24,facebook,paid_social,CMP-000074,Holiday Promo APAC FY25,mobile,0,0,1,0,0,0,0,0.0
2025-01-17,facebook,paid_social,CMP-000044,REGIONAL EXPANSION APAC FY25,desktop,0,0,0,0,0,1,0,0.0
2025-01-11,google,cpc,, Creator Spark APAC Q4  ,desktop,0,1,0,0,0,0,0,0.0
2025-01-09,facebook,paid_social,,creator_spark_us_fy25,mobile,0,1,0,0,0,0,0,0.0
2025-01-15,facebook,paid_social,CMP-000071, Creator Spark APAC Q4  ,mobile,1,0,0,0,0,0,0,0.0
2025-01-10,newsletter,email,CMP-000048,creator_spark_emea_q4,tablet,0,0,1,0,0,0,0,0.0
2025-01-20,google,cpc,CMP-000007,enterprise_abm_us_fy25,desktop,0,0,0,0,1,0,0,0.0
2025-01-06,google,cpc,, Competitor Search APAC 2025  ,mobile,0,1,0,0,0,0,0,0.0
2025-01-31,(direct),(none),CMP-000018,ENTERPRISE ABM GLOBAL FY25,desktop,0,0,0,1,0,0,0,0.0
2025-01-18,tiktok,paid_social,,Cart Recovery NA FY25,desktop,0,0,1,0,0,0,0,0.0
2025-01-16,newsletter,email,,CART RECOVERY US 2025,desktop,0,1,0,0,0,0,0,0.0
2025-01-07,google,cpc,CMP-000039,ENTERPRISE ABM NA 2024,desktop,0,1,0,0,0,0,0,0.0
2025-01-03,google,cpc,CMP-000069,lifecycle_winback_global_2024,mobile,0,0,1,0,0,0,0,0.0
2025-01-06,facebook,paid_social,CMP-000060,competitor_search_apac_q4,mobile,0,1,0,0,0,0,0,0.0
2025-01-28,facebook,paid_social,CMP-000026,product_launch_global_fy25,desktop,0,0,0,0,1,0,0,0.0
2025-01-18,google,cpc,CMP-000080,Lifecycle Winback US 2025,desktop,0,1,0,0,0,0,0,0.0
2025-01-24,google,cpc,CMP-000048,product_launch_na_2025,mobile,0,1,0,0,0,0,0,0.0
2025-01-03,google,cpc,CMP-000051,Regional Expansion APAC 2025,mobile,0,0,0,1,0,0,0,0.0
2025-01-23,facebook,paid_social,CMP-000072,COMPETITOR SEARCH GLOBAL 2025,mobile,1,0,0,0,0,0,0,0.0
2025-01-08,google,cpc,CMP-000021, Product Launch US FY25  ,tablet,0,0,1,0,0,0,0,0.0
2025-01-09,google,cpc,CMP-000066,lifecycle_winback_emea_q4,desktop,0,0,0,0,0,0,1,250.67
2025-01-09,facebook,paid_social,CMP-000048,Cart Recovery US FY25,desktop,0,1,0,0,0,0,0,0.0
2025-01-16,partner,referral,,creator_spark_na_q4,desktop,0,1,0,0,0,0,0,0.0
2025-01-07,facebook,paid_social,CMP-000033,holiday_promo_apac_2024,desktop,0,0,0,0,0,1,0,0.0
2025-01-03,tiktok,paid_social,CMP-000029,Cart Recovery US FY25,mobile,1,0,0,0,0,0,0,0.0
2025-01-01,tiktok,paid_social,CMP-000082, Lifecycle Winback Global Q4  ,mobile,0,0,0,0,0,1,0,0.0
2025-01-16,(direct),(none),CMP-000053,creator_spark_emea_2024,mobile,0,1,0,0,0,0,0,0.0
2025-01-31,facebook,paid_social,, Regional Expansion NA Q4  ,mobile,0,1,0,0,0,0,0,0.0
2025-01-04,facebook,paid_social,CMP-000030,CREATOR SPARK NA FY25,mobile,0,0,1,0,0,0,0,0.0
2025-01-05,(direct),(none),CMP-000057,lifecycle_winback_emea_2025,desktop,0,0,0,0,0,0,1,216.72
2025-01-29,newsletter,email,CMP-000038,Lifecycle Winback US FY25,desktop,0,1,0,0,0,0,0,0.0
2025-01-26,facebook,paid_social,CMP-000010,lifecycle_winback_na_2024,desktop,0,1,0,0,0,0,0,0.0
2025-01-30,google,cpc,CMP-000006,PRODUCT LAUNCH GLOBAL FY25,mobile,0,1,0,0,0,0,0,0.0
2025-01-13,google,cpc,CMP-000038,Product Launch US 2024,desktop,0,0,0,0,0,0,1,1035.59
2025-01-22,google,cpc,CMP-000070,cart_recovery_global_q4,mobile,0,1,0,0,0,0,0,0.0
2025-01-30,google,cpc,,Holiday Promotion NA 2024,mobile,0,0,1,0,0,0,0,0.0
2025-01-01,google,cpc,CMP-000063, Cart Recovery EMEA 2024  ,desktop,0,1,0,0,0,0,0,0.0
2025-01-16,(direct),(none),CMP-000047,Holiday Promo NA 2025,desktop,0,0,0,0,0,0,1,1981.03
2025-01-02,tiktok,paid_social,CMP-000044, Regional Expansion EMEA FY25  ,desktop,0,0,1,0,0,0,0,0.0
2025-01-08,google,cpc,CMP-000061,regional_expansion_us_2025,mobile,0,0,0,1,0,0,0,0.0
2025-01-17,facebook,paid_social,CMP-000011,holiday_promo_global_2025,mobile,0,0,1,0,0,0,0,0.0
2025-01-14,google,cpc,CMP-000017,Regional Expansion EMEA 2024,mobile,0,0,0,0,0,1,0,0.0
2025-01-31,google,cpc,CMP-000022,Lifecycle Winback NA Q4,mobile,0,1,0,0,0,0,0,0.0
2025-01-26,google,cpc,CMP-000018,Competitor SEM NA 2025,mobile,1,0,0,0,0,0,0,0.0
2025-01-21,tiktok,paid_social,CMP-000048,Cart Recovery EMEA Q4,mobile,0,1,0,0,0,0,0,0.0
2025-01-04,google,cpc,CMP-000077,brand_search_apac_fy25,desktop,0,1,0,0,0,0,0,0.0
2025-01-23,facebook,paid_social,CMP-000047,brand_search_na_q4,mobile,0,0,0,1,0,0,0,0.0
2025-01-19,partner,referral,CMP-000026,RETARGETING US Q4,mobile,0,0,0,1,0,0,0,0.0
2025-01-19,google,cpc,CMP-000041,Competitor Search US Q4,mobile,0,1,0,0,0,0,0,0.0
2025-01-27,facebook,paid_social,CMP-000066, Creator Spark US FY25  ,desktop,0,1,0,0,0,0,0,0.0
2025-01-21,facebook,paid_social,CMP-000078,Enterprise ABM NA Q4,tablet,0,1,0,0,0,0,0,0.0
2025-01-07,(direct),(none),CMP-000044,regional_expansion_emea_fy25,desktop,0,0,0,0,0,0,1,978.32
2025-01-10,facebook,paid_social,CMP-000030,brand_search_us_2025,desktop,0,0,0,1,0,0,0,0.0
2025-01-19,tiktok,paid_social,CMP-000015,Product Launch US Q4,desktop,0,0,0,1,0,0,0,0.0
2025-01-12,newsletter,email,CMP-000060,lifecycle_winback_na_fy25,mobile,0,1,0,0,0,0,0,0.0
2025-01-09,(direct),(none),CMP-000078,Brand Search US 2024,tablet,1,0,0,0,0,0,0,0.0
2025-01-25,google,cpc,CMP-000025,LIFECYCLE WINBACK EMEA Q4,mobile,1,0,0,0,0,0,0,0.0
2025-01-26,facebook,paid_social,CMP-000018, Product Launch NA FY25  ,desktop,0,1,0,0,0,0,0,0.0
2025-01-18,facebook,paid_social,, Enterprise ABM APAC 2024  ,mobile,0,0,1,0,0,0,0,0.0
2025-01-01,newsletter,email,CMP-000052,Cart Recovery Global 2024,desktop,0,0,0,1,0,0,0,0.0
2025-01-19,partner,referral,CMP-000049,Enterprise ABM Global Q4,mobile,0,0,1,0,0,0,0,0.0
2025-01-28,google,cpc,CMP-000028,cart_recovery_global_fy25,desktop,0,0,1,0,0,0,0,0.0
2025-01-26,(direct),(none),CMP-000051,lifecycle_winback_apac_q4,mobile,1,0,0,0,0,0,0,0.0
2025-01-15,tiktok,paid_social,CMP-000039, Product Launch APAC Q4  ,desktop,0,0,0,1,0,0,0,0.0
2025-01-18,tiktok,paid_social,CMP-000012,COMPETITOR SEARCH APAC 2024,desktop,1,0,0,0,0,0,0,0.0
2025-01-01,facebook,paid_social,CMP-000035,Enterprise ABM Global 2024,mobile,0,1,0,0,0,0,0,0.0
2025-01-07,tiktok,paid_social,CMP-000081, Product Launch Global Q4  ,mobile,1,0,0,0,0,0,0,0.0
2025-01-30,facebook,paid_social,CMP-000036,cart_recovery_na_2025,mobile,0,1,0,0,0,0,0,0.0
2025-01-07,google,cpc,CMP-000038,Creator Spark Global 2025,mobile,0,0,0,1,0,0,0,0.0
2025-01-22,google,cpc,CMP-000080,BRAND SEARCH NA FY25,mobile,0,0,0,0,0,1,0,0.0
2025-01-12,google,cpc,CMP-000025,enterprise_abm_us_2024,mobile,1,0,0,0,0,0,0,0.0
2025-01-24,google,cpc,,creator_spark_global_2025,mobile,0,0,0,0,0,1,0,0.0
2025-01-10,google,cpc,CMP-000050,Regional Expansion EMEA Q4,mobile,0,1,0,0,0,0,0,0.0
2025-01-05,google,cpc,CMP-000072,CART RECOVERY GLOBAL 2024,mobile,0,1,0,0,0,0,0,0.0
2025-01-30,google,cpc,CMP-000076, Lifecycle Winback Global Q4  ,desktop,0,0,1,0,0,0,0,0.0
2025-01-21,google,cpc,CMP-000077,enterprise_abm_global_2025,desktop,1,0,0,0,0,0,0,0.0
2025-01-20,google,cpc,CMP-000003,HOLIDAY PROMO EMEA 2025,desktop,0,0,0,0,0,1,0,0.0
2025-01-24,newsletter,email,CMP-000058,ENTERPRISE ABM EMEA FY25,mobile,0,1,0,0,0,0,0,0.0
2025-01-06,newsletter,email,CMP-000048,Regional Expansion US 2025,desktop,0,0,1,0,0,0,0,0.0
2025-01-23,tiktok,paid_social,CMP-000083, Enterprise ABM NA Q4  ,tablet,0,1,0,0,0,0,0,0.0
2025-01-18,google,cpc,,brand_search_na_fy25,mobile,0,0,0,0,1,0,0,0.0
2025-01-06,tiktok,paid_social,CMP-000082,cart_recovery_emea_2024,mobile,1,0,0,0,0,0,0,0.0
2025-01-01,google,cpc,CMP-000006,COMPETITOR SEARCH GLOBAL Q4,mobile,0,1,0,0,0,0,0,0.0
2025-01-03,facebook,paid_social,CMP-000076,BRAND SEARCH GLOBAL 2024,mobile,1,0,0,0,0,0,0,0.0
2025-01-20,facebook,paid_social,CMP-000043,competitor_search_emea_q4,mobile,0,0,0,0,0,1,0,0.0
2025-01-05,partner,referral,CMP-000002,Product Launch NA 2025,mobile,0,0,0,0,0,0,1,1285.71
2025-01-26,newsletter,email,CMP-000078,product_launch_na_2024,mobile,0,1,0,0,0,0,0,0.0
2025-01-08,newsletter,email,CMP-000065,Brand Search EMEA Q4,mobile,0,1,0,0,0,0,0,0.0
2025-01-17,facebook,paid_social,CMP-000040,competitor_search_apac_q4,mobile,0,1,0,0,0,0,0,0.0
2025-01-04,tiktok,paid_social,CMP-000032,REGIONAL EXPANSION APAC 2025,mobile,0,1,0,0,0,0,0,0.0
2025-01-21,google,cpc,,Regional Expansion Global 2024,mobile,0,1,0,0,0,0,0,0.0
2025-01-21,(direct),(none),CMP-000002,enterprise_abm_emea_2025,mobile,0,0,1,0,0,0,0,0.0
2025-01-17,facebook,paid_social,CMP-000005,Competitor SEM Global FY25,desktop,0,0,0,0,1,0,0,0.0
2025-01-17,google,cpc,CMP-000078,CART RECOVERY GLOBAL FY25,desktop,1,0,0,0,0,0,0,0.0
2025-01-05,google,cpc,CMP-000024,cart_recovery_global_2024,desktop,0,0,1,0,0,0,0,0.0
2025-01-08,facebook,paid_social,CMP-000053,Retargeting EMEA 2024,desktop,0,0,0,1,0,0,0,0.0
2025-01-09,google,cpc,,RETARGETING APAC Q4,desktop,1,0,0,0,0,0,0,0.0
2025-01-23,(direct),(none),CMP-000068,competitor_search_global_fy25,desktop,0,1,0,0,0,0,0,0.0
2025-01-10,tiktok,paid_social,CMP-000065,Lifecycle Winback NA 2024,mobile,0,1,0,0,0,0,0,0.0
2025-01-07,facebook,paid_social,CMP-000016,Product Launch NA FY25,mobile,0,1,0,0,0,0,0,0.0
2025-01-05,tiktok,paid_social,CMP-000063,PRODUCT LAUNCH EMEA 2025,desktop,0,0,1,0,0,0,0,0.0
2025-01-30,google,cpc,CMP-000008, Competitor Search US 2025  ,desktop,0,1,0,0,0,0,0,0.0
2025-01-04,google,cpc,CMP-000030,HOLIDAY PROMO NA 2025,desktop,0,1,0,0,0,0,0,0.0
2025-01-27,facebook,paid_social,CMP-000076,lifecycle_winback_us_fy25,desktop,1,0,0,0,0,0,0,0.0
2025-01-25,tiktok,paid_social,CMP-000006,Retargeting APAC Q4,desktop,1,0,0,0,0,0,0,0.0
2025-01-24,google,cpc,CMP-000030,Creator Spark EMEA 2024,mobile,0,1,0,0,0,0,0,0.0
2025-01-15,facebook,paid_social,CMP-000070,PRODUCT LAUNCH EMEA 2024,mobile,0,1,0,0,0,0,0,0.0
2025-01-18,tiktok,paid_social,CMP-000074,creator_spark_na_fy25,desktop,0,0,0,0,0,1,0,0.0
2025-01-03,partner,referral,CMP-000075,Regional Expansion EMEA 2025,mobile,0,0,0,1,0,0,0,0.0
2025-01-26,(direct),(none),CMP-000004,RETARGETING APAC 2025,mobile,0,1,0,0,0,0,0,0.0
2025-01-02,newsletter,email,CMP-000074,Cart Recovery NA FY25,desktop,0,0,1,0,0,0,0,0.0
2025-01-15,google,cpc,CMP-000007,Cart Recovery APAC 2025,desktop,0,1,0,0,0,0,0,0.0
2025-01-21,google,cpc,, Enterprise ABM US Q4  ,mobile,0,0,1,0,0,0,0,0.0
2025-01-10,google,cpc,,Lifecycle Winback US Q4,mobile,0,0,0,0,1,0,0,0.0
2025-01-30,newsletter,email,CMP-000069,Enterprise ABM APAC Q4,desktop,0,1,0,0,0,0,0,0.0
2025-01-03,google,cpc,CMP-000002,CREATOR SPARK US 2025,tablet,0,1,0,0,0,0,0,0.0
2025-01-18,facebook,paid_social,CMP-000070,holiday_promo_apac_2024,mobile,1,0,0,0,0,0,0,0.0
2025-01-04,google,cpc,CMP-000061, Enterprise ABM EMEA FY25  ,desktop,0,1,0,0,0,0,0,0.0
2025-01-19,google,cpc,CMP-000056,Enterprise ABM Global Q4,mobile,0,0,0,1,0,0,0,0.0
2025-01-07,tiktok,paid_social,CMP-000055,Creator Spark US Q4,desktop,1,0,0,0,0,0,0,0.0
2025-01-10,newsletter,email,CMP-000009,Holiday Promo APAC Q4,desktop,0,0,0,0,0,0,1,668.91
2025-01-17,(direct),(none),CMP-000021,Retargeting US FY25,mobile,0,0,0,0,1,0,0,0.0
2025-01-24,google,cpc,CMP-000020,COMPETITOR SEARCH GLOBAL FY25,mobile,0,1,0,0,0,0,0,0.0
2025-01-16,facebook,paid_social,CMP-000072,Retargeting US FY25,tablet,0,1,0,0,0,0,0,0.0
2025-01-06,google,cpc,CMP-000078,Cart Recovery EMEA Q4,tablet,0,0,0,0,0,1,0,0.0
2025-01-21,facebook,paid_social,CMP-000021, Brand Search Global Q4  ,mobile,0,1,0,0,0,0,0,0.0
2025-01-13,tiktok,paid_social,CMP-000080,product_launch_global_fy25,tablet,0,1,0,0,0,0,0,0.0
2025-01-19,google,cpc,CMP-000042,Brand Search NA 2024,desktop,0,1,0,0,0,0,0,0.0
2025-01-20,google,cpc,CMP-000062,Brand Search EMEA Q4,desktop,0,1,0,0,0,0,0,0.0
2025-01-11,google,cpc,CMP-000032, Lifecycle Winback Global FY25  ,tablet,0,0,1,0,0,0,0,0.0
2025-01-06,tiktok,paid_social,CMP-000066,Holiday Promotion Global 2025,mobile,0,0,1,0,0,0,0,0.0
2025-01-03,tiktok,paid_social,CMP-000022,Retargeting NA FY25,desktop,0,1,0,0,0,0,0,0.0
2025-01-28,(direct),(none),CMP-000016,Regional Expansion APAC 2024,mobile,0,0,1,0,0,0,0,0.0
2025-01-02,google,cpc,,Enterprise ABM EMEA FY25,mobile,1,0,0,0,0,0,0,0.0
2025-01-21,google,cpc,CMP-000067, Brand Search US Q4  ,desktop,0,0,0,0,0,1,0,0.0
2025-01-02,google,cpc,CMP-000022,BRAND SEARCH APAC Q4,mobile,0,0,1,0,0,0,0,0.0
2025-01-07,google,cpc,CMP-000028,Product Launch APAC 2024,mobile,0,0,0,0,0,0,1,1153.08
2025-01-16,google,cpc,CMP-000030,BRAND SEARCH GLOBAL FY25,desktop,1,0,0,0,0,0,0,0.0
2025-01-06,tiktok,paid_social,CMP-000049,LIFECYCLE WINBACK EMEA 2025,tablet,0,0,1,0,0,0,0,0.0
2025-01-26,tiktok,paid_social,CMP-000080,lifecycle_winback_global_q4,desktop,0,0,1,0,0,0,0,0.0
2025-01-22,tiktok,paid_social,CMP-000047,regional_expansion_global_2024,mobile,0,1,0,0,0,0,0,0.0
2025-01-05,google,cpc,CMP-000052,brand_search_global_q4,desktop,0,1,0,0,0,0,0,0.0
2025-01-14,google,cpc,CMP-000079,regional_expansion_apac_2024,desktop,0,1,0,0,0,0,0,0.0
2025-01-03,google,cpc,CMP-000029,regional_expansion_us_2024,desktop,0,0,0,0,0,1,0,0.0
2025-01-04,google,cpc,,brand_search_emea_q4,mobile,0,1,0,0,0,0,0,0.0
2025-01-27,google,cpc,CMP-000072,PRODUCT LAUNCH NA FY25,desktop,0,0,0,1,0,0,0,0.0
2025-01-26,newsletter,email,CMP-000038,Lifecycle Winback APAC Q4,tablet,0,1,0,0,0,0,0,0.0
2025-01-13,tiktok,paid_social,CMP-000043,creator_spark_apac_2025,desktop,0,0,1,0,0,0,0,0.0
2025-01-25,tiktok,paid_social,,RETARGETING US Q4,mobile,0,0,0,1,0,0,0,0.0
2025-01-10,newsletter,email,CMP-000062,COMPETITOR SEARCH US FY25,desktop,0,0,0,0,1,0,0,0.0
2025-01-21,tiktok,paid_social,CMP-000008, Holiday Promo EMEA FY25  ,mobile,0,0,0,1,0,0,0,0.0
2025-01-05,google,cpc,CMP-000054,CREATOR SPARK US Q4,mobile,0,1,0,0,0,0,0,0.0
2025-01-15,google,cpc,CMP-000015, Regional Expansion Global Q4  ,mobile,0,1,0,0,0,0,0,0.0
2025-01-01,google,cpc,, Brand Search EMEA Q4  ,desktop,0,0,0,1,0,0,0,0.0
2025-01-25,partner,referral,CMP-000062,product_launch_na_2024,desktop,0,1,0,0,0,0,0,0.0
2025-01-25,google,cpc,CMP-000043,Cart Recovery Global 2025,mobile,0,0,0,0,0,1,0,0.0
2025-01-21,facebook,paid_social,CMP-000063, Regional Expansion Global FY25  ,mobile,0,1,0,0,0,0,0,0.0
2025-01-09,google,cpc,CMP-000033,PRODUCT LAUNCH EMEA FY25,mobile,0,1,0,0,0,0,0,0.0
2025-01-31,(direct),(none),CMP-000023,Lifecycle Winback NA 2025,desktop,0,1,0,0,0,0,0,0.0
2025-01-26,newsletter,email,CMP-000079,cart_recovery_na_q4,mobile,1,0,0,0,0,0,0,0.0
2025-01-05,facebook,paid_social,CMP-000011,retargeting_emea_fy25,mobile,0,0,0,0,0,0,1,1569.96
2025-01-15,partner,referral,CMP-000057,product_launch_apac_q4,mobile,0,0,0,0,1,0,0,0.0
2025-01-20,facebook,paid_social,CMP-000054,RETARGETING APAC FY25,desktop,1,0,0,0,0,0,0,0.0
2025-01-05,facebook,paid_social,CMP-000067,Creator Spark NA 2024,desktop,0,1,0,0,0,0,0,0.0
2025-01-14,google,cpc,CMP-000010,COMPETITOR SEARCH US FY25,desktop,1,0,0,0,0,0,0,0.0
2025-01-13,facebook,paid_social,CMP-000029, Product Launch Global 2025  ,mobile,0,1,0,0,0,0,0,0.0
2025-01-14,tiktok,paid_social,CMP-000029,Brand SEM NA FY25,desktop,0,1,0,0,0,0,0,0.0
2025-01-27,facebook,paid_social,CMP-000073,Product Launch Global 2025,desktop,0,1,0,0,0,0,0,0.0
2025-01-13,facebook,paid_social,CMP-000036,LIFECYCLE WINBACK US 2024,mobile,0,0,0,1,0,0,0,0.0
2025-01-14,google,cpc,CMP-000012, Competitor Search EMEA FY25  ,mobile,0,0,0,0,0,1,0,0.0
2025-01-21,(direct),(none),CMP-000018, Lifecycle Winback EMEA 2024  ,desktop,0,1,0,0,0,0,0,0.0
2025-01-05,google,cpc,CMP-000036,HOLIDAY PROMO NA Q4,mobile,0,1,0,0,0,0,0,0.0
2025-01-16,newsletter,email,CMP-000077,cart_recovery_na_2025,tablet,0,1,0,0,0,0,0,0.0
2025-01-19,facebook,paid_social,,Enterprise ABM Global 2025,tablet,0,1,0,0,0,0,0,0.0
2025-01-09,facebook,paid_social,CMP-000023,lifecycle_winback_apac_2024,desktop,0,1,0,0,0,0,0,0.0
2025-01-31,tiktok,paid_social,CMP-000005,REGIONAL EXPANSION NA Q4,desktop,0,0,1,0,0,0,0,0.0
2025-01-09,facebook,paid_social,CMP-000023,creator_spark_emea_2025,mobile,0,1,0,0,0,0,0,0.0
2025-01-08,facebook,paid_social,CMP-000035,cart_recovery_global_q4,desktop,1,0,0,0,0,0,0,0.0
2025-01-28,google,cpc,CMP-000031,lifecycle_winback_emea_2024,mobile,0,1,0,0,0,0,0,0.0
2025-01-24,google,cpc,CMP-000044,Competitor Search Global 2024,mobile,0,1,0,0,0,0,0,0.0
2025-01-24,facebook,paid_social,CMP-000030,PRODUCT LAUNCH US 2025,desktop,1,0,0,0,0,0,0,0.0
2025-01-17,tiktok,paid_social,CMP-000006,Holiday Promotion EMEA Q4,mobile,0,0,0,0,0,0,1,2137.75
2025-01-29,newsletter,email,CMP-000043,Holiday Promotion US FY25,mobile,1,0,0,0,0,0,0,0.0
2025-01-15,google,cpc,CMP-000071,brand_search_us_2025,desktop,1,0,0,0,0,0,0,0.0
2025-01-14,facebook,paid_social,CMP-000046,Holiday Promotion NA 2025,mobile,0,0,1,0,0,0,0,0.0
2025-01-09,tiktok,paid_social,CMP-000079,Retargeting APAC Q4,mobile,0,0,0,1,0,0,0,0.0
2025-01-19,newsletter,email,CMP-000062,Brand SEM US Q4,mobile,0,0,0,0,1,0,0,0.0
2025-01-08,google,cpc,,Lifecycle Winback APAC 2025,desktop,0,1,0,0,0,0,0,0.0
2025-01-12,(direct),(none),CMP-000054,CART RECOVERY NA 2024,mobile,0,0,0,0,1,0,0,0.0
2025-01-28,google,cpc,CMP-000025,CART RECOVERY GLOBAL Q4,mobile,0,1,0,0,0,0,0,0.0
2025-01-21,google,cpc,CMP-000062,lifecycle_winback_global_q4,mobile,1,0,0,0,0,0,0,0.0
2025-01-24,newsletter,email,,brand_search_emea_fy25,desktop,0,1,0,0,0,0,0,0.0
2025-01-15,google,cpc,CMP-000032,Lifecycle Winback US 2024,tablet,0,0,0,0,0,1,0,0.0
2025-01-24,google,cpc,CMP-000024,holiday_promo_global_2024,mobile,0,0,1,0,0,0,0,0.0
2025-01-10,tiktok,paid_social,CMP-000035,CREATOR SPARK NA 2024,desktop,0,1,0,0,0,0,0,0.0
2025-01-28,google,cpc,CMP-000024,Holiday Promotion US 2025,mobile,0,0,1,0,0,0,0,0.0
2025-01-03,google,cpc,CMP-000042,Competitor SEM APAC 2024,desktop,0,0,0,1,0,0,0,0.0
2025-01-16,google,cpc,CMP-000060,retargeting_emea_q4,mobile,0,1,0,0,0,0,0,0.0
2025-01-15,google,cpc,CMP-000015, Holiday Promo Global 2025  ,mobile,0,0,1,0,0,0,0,0.0
2025-01-04,google,cpc,CMP-000077,HOLIDAY PROMO US 2025,mobile,0,1,0,0,0,0,0,0.0
2025-01-20,facebook,paid_social,CMP-000050,Holiday Promo EMEA 2024,mobile,0,1,0,0,0,0,0,0.0
2025-01-09,tiktok,paid_social,CMP-000080,Holiday Promotion US FY25,tablet,0,0,0,1,0,0,0,0.0
2025-01-30,facebook,paid_social,CMP-000074,PRODUCT LAUNCH US 2024,mobile,1,0,0,0,0,0,0,0.0
2025-01-20,newsletter,email,CMP-000047, Retargeting EMEA 2024  ,mobile,0,0,1,0,0,0,0,0.0
2025-01-16,google,cpc,CMP-000076,Retargeting US 2025,mobile,0,0,0,0,0,0,1,357.9
2025-01-01,google,cpc,CMP-000045,Creator Spark EMEA 2025,desktop,1,0,0,0,0,0,0,0.0
2025-01-21,(direct),(none),CMP-000079, Lifecycle Winback Global 2024  ,mobile,0,0,0,0,0,1,0,0.0
2025-01-17,google,cpc,CMP-000079,Brand SEM NA 2025,mobile,1,0,0,0,0,0,0,0.0
2025-01-30,facebook,paid_social,CMP-000066,Regional Expansion EMEA Q4,desktop,1,0,0,0,0,0,0,0.0
2025-01-13,google,cpc,, Retargeting EMEA Q4  ,tablet,0,0,0,0,1,0,0,0.0
2025-01-17,tiktok,paid_social,CMP-000042,Lifecycle Winback NA 2025,mobile,0,0,0,0,1,0,0,0.0
2025-01-30,google,cpc,CMP-000024,Regional Expansion US FY25,desktop,1,0,0,0,0,0,0,0.0
2025-01-27,google,cpc,CMP-000062, Holiday Promo Global Q4  ,mobile,0,1,0,0,0,0,0,0.0
2025-01-24,(direct),(none),CMP-000001,Enterprise ABM EMEA FY25,tablet,1,0,0,0,0,0,0,0.0
2025-01-13,tiktok,paid_social,CMP-000048,retargeting_emea_2025,mobile,0,0,0,0,1,0,0,0.0
2025-01-08,newsletter,email,CMP-000083,BRAND SEARCH GLOBAL FY25,desktop,0,1,0,0,0,0,0,0.0
2025-01-18,google,cpc,CMP-000020,HOLIDAY PROMO APAC 2024,mobile,1,0,0,0,0,0,0,0.0
2025-01-18,google,cpc,CMP-000019,regional_expansion_emea_fy25,mobile,0,1,0,0,0,0,0,0.0
2025-01-25,tiktok,paid_social,CMP-000045,BRAND SEARCH NA 2024,mobile,0,1,0,0,0,0,0,0.0
2025-01-06,newsletter,email,CMP-000067,holiday_promo_apac_2024,desktop,1,0,0,0,0,0,0,0.0
2025-01-22,google,cpc,CMP-000029,holiday_promo_na_q4,desktop,1,0,0,0,0,0,0,0.0
2025-01-24,partner,referral,CMP-000007,HOLIDAY PROMO EMEA Q4,mobile,0,0,0,0,0,0,1,841.21
2025-01-03,newsletter,email,CMP-000023, Retargeting APAC 2024  ,mobile,0,1,0,0,0,0,0,0.0
2025-01-16,google,cpc,CMP-000075,Product Launch EMEA Q4,desktop,0,0,0,1,0,0,0,0.0
2025-01-29,google,cpc,CMP-000083,retargeting_us_q4,mobile,0,1,0,0,0,0,0,0.0
2025-01-05,newsletter,email,,cart_recovery_na_q4,desktop,0,1,0,0,0,0,0,0.0
2025-01-05,google,cpc,CMP-000047,RETARGETING GLOBAL FY25,desktop,0,1,0,0,0,0,0,0.0
2025-01-22,newsletter,email,CMP-000016,competitor_search_emea_fy25,mobile,0,1,0,0,0,0,0,0.0
2025-01-11,facebook,paid_social,CMP-000057,Retargeting US 2024,desktop,0,1,0,0,0,0,0,0.0
2025-01-12,google,cpc,CMP-000047,CREATOR SPARK GLOBAL Q4,mobile,1,0,0,0,0,0,0,0.0
2025-01-20,newsletter,email,CMP-000080,creator_spark_global_q4,mobile,0,0,1,0,0,0,0,0.0
2025-01-04,partner,referral,CMP-000063,PRODUCT LAUNCH GLOBAL 2024,desktop,0,1,0,0,0,0,0,0.0
2025-01-16,tiktok,paid_social,CMP-000042,Enterprise ABM Global 2024,mobile,1,0,0,0,0,0,0,0.0
2025-01-04,google,cpc,CMP-000050, Regional Expansion US 2024  ,mobile,0,1,0,0,0,0,0,0.0
2025-01-15,tiktok,paid_social,CMP-000049,regional_expansion_us_2025,mobile,0,0,0,0,0,1,0,0.0
2025-01-09,(direct),(none),CMP-000068,RETARGETING NA 2024,mobile,0,0,0,0,0,1,0,0.0
2025-01-13,google,cpc,CMP-000059,Cart Recovery US Q4,mobile,0,0,0,0,0,0,1,852.26
2025-01-10,google,cpc,CMP-000060, Product Launch Global 2025  ,desktop,1,0,0,0,0,0,0,0.0
2025-01-06,facebook,paid_social,CMP-000066,Regional Expansion US 2025,mobile,0,1,0,0,0,0,0,0.0
2025-01-27,newsletter,email,CMP-000033,LIFECYCLE WINBACK NA 2024,desktop,1,0,0,0,0,0,0,0.0
2025-01-17,newsletter,email,CMP-000021,ENTERPRISE ABM APAC 2024,desktop,0,1,0,0,0,0,0,0.0
2025-01-05,newsletter,email,CMP-000016,brand_search_na_2024,mobile,0,0,1,0,0,0,0,0.0
2025-01-12,facebook,paid_social,CMP-000063,REGIONAL EXPANSION US 2025,tablet,1,0,0,0,0,0,0,0.0
2025-01-18,newsletter,email,,brand_search_global_2024,desktop,0,1,0,0,0,0,0,0.0
2025-01-27,partner,referral,CMP-000050,Retargeting APAC 2025,desktop,0,0,1,0,0,0,0,0.0
2025-01-31,facebook,paid_social,CMP-000029,Lifecycle Winback EMEA FY25,mobile,1,0,0,0,0,0,0,0.0
2025-01-11,google,cpc,CMP-000068, Product Launch US Q4  ,desktop,1,0,0,0,0,0,0,0.0
2025-01-23,(direct),(none),CMP-000037,Competitor Search APAC 2024,desktop,1,0,0,0,0,0,0,0.0
2025-01-06,google,cpc,,Regional Expansion Global 2025,desktop,0,0,0,1,0,0,0,0.0
2025-01-13,facebook,paid_social,CMP-000065, Competitor Search Global FY25  ,mobile,0,1,0,0,0,0,0,0.0
2025-01-27,newsletter,email,CMP-000064,Lifecycle Winback US FY25,desktop,0,1,0,0,0,0,0,0.0
2025-01-21,tiktok,paid_social,CMP-000076,BRAND SEARCH US FY25,mobile,0,0,0,0,0,1,0,0.0
2025-01-04,partner,referral,CMP-000027,Competitor Search EMEA 2025,mobile,0,1,0,0,0,0,0,0.0
2025-01-26,facebook,paid_social,CMP-000003,PRODUCT LAUNCH US FY25,mobile,0,1,0,0,0,0,0,0.0
2025-01-31,google,cpc,CMP-000008,Regional Expansion NA 2024,mobile,0,0,0,1,0,0,0,0.0
2025-01-20,google,cpc,,brand_search_na_2025,desktop,0,1,0,0,0,0,0,0.0
2025-01-22,google,cpc,CMP-000071,creator_spark_na_2024,desktop,1,0,0,0,0,0,0,0.0
2025-01-19,facebook,paid_social,CMP-000001,Enterprise ABM US FY25,mobile,0,0,0,1,0,0,0,0.0
2025-01-01,google,cpc,CMP-000001,PRODUCT LAUNCH APAC Q4,mobile,0,0,0,0,0,0,1,674.64
2025-01-12,google,cpc,,holiday_promo_apac_q4,desktop,0,1,0,0,0,0,0,0.0
2025-01-11,partner,referral,CMP-000057, Creator Spark EMEA FY25  ,mobile,0,0,0,0,1,0,0,0.0
2025-01-20,google,cpc,CMP-000048,Product Launch EMEA Q4,desktop,0,0,1,0,0,0,0,0.0
2025-01-02,facebook,paid_social,CMP-000060,Holiday Promotion APAC 2024,mobile,0,1,0,0,0,0,0,0.0
2025-01-04,google,cpc,CMP-000001,Creator Spark EMEA 2024,mobile,0,0,0,0,1,0,0,0.0
2025-01-13,tiktok,paid_social,CMP-000059,product_launch_global_2024,mobile,0,0,0,0,0,0,1,591.96
2025-01-22,google,cpc,CMP-000029,Holiday Promo NA Q4,desktop,0,1,0,0,0,0,0,0.0
2025-01-20,(direct),(none),,Product Launch NA Q4,desktop,0,1,0,0,0,0,0,0.0
2025-01-12,tiktok,paid_social,CMP-000061,Enterprise ABM NA FY25,mobile,0,1,0,0,0,0,0,0.0
2025-01-12,tiktok,paid_social,CMP-000073,Competitor Search Global FY25,desktop,0,0,0,0,1,0,0,0.0
2025-01-30,google,cpc,CMP-000034,BRAND SEARCH APAC FY25,desktop,0,1,0,0,0,0,0,0.0
2025-01-22,google,cpc,CMP-000062,retargeting_global_q4,desktop,0,1,0,0,0,0,0,0.0
2025-01-19,google,cpc,CMP-000003, Competitor Search Global FY25  ,mobile,0,0,1,0,0,0,0,0.0
2025-01-05,partner,referral,CMP-000018,retargeting_na_2025,desktop,0,1,0,0,0,0,0,0.0
2025-01-09,facebook,paid_social,CMP-000063,brand_search_na_q4,mobile,0,1,0,0,0,0,0,0.0
2025-01-26,google,cpc,CMP-000039,enterprise_abm_na_q4,mobile,0,0,1,0,0,0,0,0.0
2025-01-27,facebook,paid_social,CMP-000034,Creator Spark US 2025,mobile,0,1,0,0,0,0,0,0.0
2025-01-25,facebook,paid_social,CMP-000077,Product Launch EMEA 2025,mobile,0,0,0,0,0,1,0,0.0
2025-01-28,tiktok,paid_social,CMP-000041, Cart Recovery APAC Q4  ,mobile,0,1,0,0,0,0,0,0.0
2025-01-06,google,cpc,CMP-000079,creator_spark_global_2024,mobile,0,0,0,1,0,0,0,0.0
2025-01-27,newsletter,email,CMP-000001,Competitor Search US FY25,mobile,1,0,0,0,0,0,0,0.0
2025-01-07,google,cpc,CMP-000040,COMPETITOR SEARCH APAC FY25,desktop,0,0,1,0,0,0,0,0.0
2025-01-31,(direct),(none),CMP-000076, Cart Recovery APAC 2025  ,desktop,1,0,0,0,0,0,0,0.0
2025-01-04,newsletter,email,CMP-000010,Brand Search EMEA 2024,mobile,0,0,0,0,0,1,0,0.0
2025-01-07,google,cpc,CMP-000001,enterprise_abm_emea_2025,desktop,0,0,0,1,0,0,0,0.0
2025-01-04,google,cpc,CMP-000016,Creator Spark APAC 2025,mobile,1,0,0,0,0,0,0,0.0
2025-01-31,google,cpc,CMP-000035,LIFECYCLE WINBACK NA FY25,desktop,0,0,1,0,0,0,0,0.0
2025-01-14,partner,referral,CMP-000045,Product Launch NA Q4,desktop,0,1,0,0,0,0,0,0.0
2025-01-13,tiktok,paid_social,,Enterprise ABM NA Q4,desktop,1,0,0,0,0,0,0,0.0
2025-01-08,facebook,paid_social,CMP-000028,Retargeting APAC 2024,desktop,0,1,0,0,0,0,0,0.0
2025-01-16,facebook,paid_social,CMP-000047,LIFECYCLE WINBACK US 2024,mobile,0,1,0,0,0,0,0,0.0
2025-01-06,facebook,paid_social,CMP-000079,Brand Search Global 2024,mobile,0,1,0,0,0,0,0,0.0
2025-01-05,facebook,paid_social,,Holiday Promo APAC FY25,desktop,0,0,0,0,1,0,0,0.0
2025-01-10,google,cpc,,BRAND SEARCH EMEA FY25,mobile,1,0,0,0,0,0,0,0.0
2025-01-09,facebook,paid_social,CMP-000050,Regional Expansion US 2025,mobile,0,0,1,0,0,0,0,0.0
2025-01-20,facebook,paid_social,CMP-000003,brand_search_emea_2024,desktop,0,0,0,0,1,0,0,0.0
2025-01-25,newsletter,email,CMP-000078,Retargeting US 2025,mobile,0,1,0,0,0,0,0,0.0
2025-01-15,google,cpc,CMP-000037,Competitor Search Global FY25,mobile,0,1,0,0,0,0,0,0.0
2025-01-17,facebook,paid_social,,PRODUCT LAUNCH NA Q4,mobile,0,0,0,0,0,1,0,0.0
2025-01-16,google,cpc,CMP-000056,regional_expansion_global_2024,desktop,0,0,0,0,1,0,0,0.0
2025-01-14,google,cpc,CMP-000011,Enterprise ABM NA 2024,desktop,0,0,0,0,0,1,0,0.0
2025-01-23,newsletter,email,CMP-000001, Enterprise ABM NA 2025  ,tablet,0,1,0,0,0,0,0,0.0
2025-01-07,google,cpc,CMP-000002,Lifecycle Winback APAC Q4,desktop,0,0,1,0,0,0,0,0.0
2025-01-31,google,cpc,CMP-000081,ENTERPRISE ABM EMEA FY25,desktop,0,0,0,0,0,1,0,0.0
2025-01-21,google,cpc,CMP-000050,Regional Expansion Global 2025,desktop,1,0,0,0,0,0,0,0.0
2025-01-12,google,cpc,,Regional Expansion APAC FY25,mobile,0,0,0,0,0,1,0,0.0
2025-01-06,facebook,paid_social,CMP-000016, Enterprise ABM US 2025  ,desktop,1,0,0,0,0,0,0,0.0
2025-01-12,google,cpc,CMP-000007,Cart Recovery NA Q4,desktop,0,1,0,0,0,0,0,0.0
2025-01-25,google,cpc,CMP-000078,Lifecycle Winback APAC 2024,mobile,1,0,0,0,0,0,0,0.0
2025-01-16,google,cpc,CMP-000032,Product Launch EMEA 2024,desktop,0,0,0,0,0,1,0,0.0
2025-01-07,facebook,paid_social,CMP-000020,PRODUCT LAUNCH APAC 2025,mobile,1,0,0,0,0,0,0,0.0
2025-01-17,google,cpc,CMP-000083,Competitor SEM NA 2025,mobile,0,1,0,0,0,0,0,0.0
2025-01-26,facebook,paid_social,CMP-000055,creator_spark_na_2024,desktop,0,1,0,0,0,0,0,0.0
2025-01-13,google,cpc,CMP-000039,Creator Spark US FY25,desktop,1,0,0,0,0,0,0,0.0
2025-01-23,tiktok,paid_social,CMP-000036,Retargeting NA 2024,mobile,1,0,0,0,0,0,0,0.0
2025-01-14,facebook,paid_social,CMP-000077, Competitor Search NA FY25  ,desktop,1,0,0,0,0,0,0,0.0
2025-01-28,(direct),(none),CMP-000057,Retargeting Global Q4,desktop,1,0,0,0,0,0,0,0.0
2025-01-08,google,cpc,CMP-000040,ENTERPRISE ABM NA FY25,mobile,0,0,0,0,0,0,1,1241.62
2025-01-21,google,cpc,CMP-000031,CART RECOVERY GLOBAL FY25,desktop,0,1,0,0,0,0,0,0.0
2025-01-20,facebook,paid_social,CMP-000065, Enterprise ABM EMEA FY25  ,desktop,0,0,0,1,0,0,0,0.0
2025-01-22,(direct),(none),CMP-000070,Cart Recovery EMEA FY25,desktop,0,1,0,0,0,0,0,0.0
2025-01-13,partner,referral,CMP-000049,Lifecycle Winback US FY25,desktop,1,0,0,0,0,0,0,0.0
2025-01-17,google,cpc,CMP-000013,Holiday Promotion EMEA 2025,mobile,1,0,0,0,0,0,0,0.0
2025-01-30,(direct),(none),CMP-000013, Lifecycle Winback NA 2025  ,mobile,0,1,0,0,0,0,0,0.0
2025-01-09,google,cpc,CMP-000041,Creator Spark EMEA 2025,mobile,1,0,0,0,0,0,0,0.0
2025-01-25,facebook,paid_social,CMP-000033, Creator Spark NA Q4  ,desktop,0,0,0,1,0,0,0,0.0
2025-01-30,facebook,paid_social,CMP-000004, Regional Expansion US Q4  ,desktop,0,1,0,0,0,0,0,0.0
2025-01-12,partner,referral,CMP-000003,Lifecycle Winback EMEA Q4,desktop,0,0,0,0,0,0,1,1425.88
2025-01-27,google,cpc,CMP-000059,COMPETITOR SEARCH EMEA Q4,desktop,0,0,1,0,0,0,0,0.0
2025-01-31,tiktok,paid_social,CMP-000022,LIFECYCLE WINBACK NA 2024,mobile,0,0,1,0,0,0,0,0.0
2025-01-31,tiktok,paid_social,CMP-000046,REGIONAL EXPANSION NA 2025,desktop,0,0,0,1,0,0,0,0.0
2025-01-28,newsletter,email,CMP-000020,Product Launch APAC Q4,mobile,0,0,0,0,0,1,0,0.0
2025-01-08,tiktok,paid_social,CMP-000021,BRAND SEARCH GLOBAL 2025,mobile,1,0,0,0,0,0,0,0.0
2025-01-21,facebook,paid_social,CMP-000010,Retargeting APAC 2024,mobile,0,0,0,1,0,0,0,0.0
2025-01-23,newsletter,email,CMP-000062,RETARGETING EMEA Q4,mobile,0,0,1,0,0,0,0,0.0
2025-01-12,facebook,paid_social,CMP-000047,REGIONAL EXPANSION EMEA Q4,desktop,1,0,0,0,0,0,0,0.0
2025-01-14,tiktok,paid_social,CMP-000002,product_launch_apac_q4,desktop,0,0,0,0,0,1,0,0.0
2025-01-26,google,cpc,CMP-000042,Brand SEM APAC FY25,mobile,0,1,0,0,0,0,0,0.0
2025-01-28,tiktok,paid_social,CMP-000006, Competitor Search NA FY25  ,desktop,0,0,0,0,0,1,0,0.0
2025-01-07,tiktok,paid_social,CMP-000007,Retargeting APAC 2025,desktop,1,0,0,0,0,0,0,0.0
2025-01-28,google,cpc,CMP-000083,Holiday Promotion EMEA 2025,desktop,0,0,1,0,0,0,0,0.0
2025-01-22,google,cpc,CMP-000024,Creator Spark APAC FY25,mobile,0,0,1,0,0,0,0,0.0
2025-01-16,tiktok,paid_social,, Lifecycle Winback US FY25  ,desktop,1,0,0,0,0,0,0,0.0
2025-01-08,google,cpc,CMP-000026, Cart Recovery Global Q4  ,mobile,0,0,0,0,0,1,0,0.0
2025-01-23,newsletter,email,CMP-000032, Competitor Search Global FY25  ,mobile,0,0,1,0,0,0,0,0.0
2025-01-26,(direct),(none),CMP-000026, Lifecycle Winback NA 2024  ,mobile,0,1,0,0,0,0,0,0.0
2025-01-11,google,cpc,CMP-000062,CART RECOVERY EMEA Q4,desktop,0,1,0,0,0,0,0,0.0
2025-01-25,facebook,paid_social,CMP-000054, Lifecycle Winback APAC 2024  ,mobile,0,0,0,0,0,0,1,1298.4
2025-01-28,google,cpc,,HOLIDAY PROMO US 2024,mobile,0,0,0,0,0,1,0,0.0
2025-01-13,google,cpc,,Regional Expansion APAC 2025,mobile,1,0,0,0,0,0,0,0.0
2025-01-01,partner,referral,CMP-000010, Creator Spark EMEA 2025  ,mobile,1,0,0,0,0,0,0,0.0
2025-01-30,google,cpc,CMP-000028,Enterprise ABM US 2025,desktop,1,0,0,0,0,0,0,0.0
2025-01-21,google,cpc,CMP-000069,Retargeting Global Q4,mobile,1,0,0,0,0,0,0,0.0
2025-01-25,tiktok,paid_social,CMP-000082, Enterprise ABM Global Q4  ,desktop,1,0,0,0,0,0,0,0.0
2025-01-26,newsletter,email,CMP-000069,ENTERPRISE ABM EMEA 2025,tablet,0,0,1,0,0,0,0,0.0
2025-01-09,newsletter,email,,Product Launch US 2024,tablet,0,0,0,0,0,0,1,1316.37
2025-01-25,google,cpc,,Cart Recovery EMEA 2025,tablet,0,1,0,0,0,0,0,0.0
2025-01-25,facebook,paid_social,CMP-000013, Holiday Promo US FY25  ,desktop,1,0,0,0,0,0,0,0.0
2025-01-17,tiktok,paid_social,CMP-000032,Retargeting Global FY25,mobile,0,0,0,0,0,0,1,1033.19
2025-01-16,google,cpc,CMP-000050,Lifecycle Winback APAC 2024,tablet,1,0,0,0,0,0,0,0.0
2025-01-29,newsletter,email,CMP-000069,ENTERPRISE ABM US 2025,desktop,0,1,0,0,0,0,0,0.0
2025-01-19,(direct),(none),,brand_search_us_fy25,mobile,0,1,0,0,0,0,0,0.0
2025-01-31,facebook,paid_social,CMP-000027,holiday_promo_global_2024,mobile,0,1,0,0,0,0,0,0.0
2025-01-27,google,cpc,CMP-000014,HOLIDAY PROMO EMEA FY25,mobile,0,1,0,0,0,0,0,0.0
2025-01-03,google,cpc,CMP-000077,Enterprise ABM EMEA 2024,mobile,0,1,0,0,0,0,0,0.0
2025-01-22,facebook,paid_social,CMP-000072,ENTERPRISE ABM EMEA 2024,mobile,0,1,0,0,0,0,0,0.0
2025-01-18,newsletter,email,CMP-000016,retargeting_us_2024,mobile,0,1,0,0,0,0,0,0.0
2025-01-27,newsletter,email,CMP-000033,Competitor Search Global Q4,desktop,0,1,0,0,0,0,0,0.0
2025-01-02,tiktok,paid_social,CMP-000034,BRAND SEARCH EMEA 2024,mobile,0,1,0,0,0,0,0,0.0
2025-01-17,facebook,paid_social,CMP-000029,Lifecycle Winback EMEA Q4,mobile,0,0,0,0,1,0,0,0.0
2025-01-18,facebook,paid_social,CMP-000075,cart_recovery_na_2025,desktop,0,1,0,0,0,0,0,0.0
2025-01-01,tiktok,paid_social,CMP-000031, Retargeting NA Q4  ,mobile,0,0,1,0,0,0,0,0.0
2025-01-09,google,cpc,CMP-000079,regional_expansion_na_q4,desktop,0,1,0,0,0,0,0,0.0
2025-01-21,(direct),(none),CMP-000023,Regional Expansion NA FY25,mobile,0,1,0,0,0,0,0,0.0
2025-01-28,newsletter,email,CMP-000049,Product Launch APAC FY25,desktop,0,1,0,0,0,0,0,0.0
2025-01-02,google,cpc,CMP-000006,brand_search_us_2024,tablet,0,0,1,0,0,0,0,0.0
2025-01-10,tiktok,paid_social,,Creator Spark US 2024,mobile,0,0,1,0,0,0,0,0.0
2025-01-30,google,cpc,CMP-000036, Creator Spark EMEA Q4  ,desktop,1,0,0,0,0,0,0,0.0
2025-01-13,google,cpc,CMP-000049, Regional Expansion Global 2025  ,mobile,0,0,1,0,0,0,0,0.0
2025-01-26,facebook,paid_social,CMP-000024,BRAND SEARCH APAC 2025,desktop,0,0,1,0,0,0,0,0.0
2025-01-25,(direct),(none),CMP-000003, Competitor Search Global 2024  ,desktop,1,0,0,0,0,0,0,0.0
2025-01-17,newsletter,email,CMP-000079, Enterprise ABM Global FY25  ,desktop,0,1,0,0,0,0,0,0.0
2025-01-23,tiktok,paid_social,CMP-000012,Brand SEM Global Q4,mobile,0,0,1,0,0,0,0,0.0
2025-01-09,partner,referral,CMP-000011,Creator Spark US Q4,mobile,0,1,0,0,0,0,0,0.0
2025-01-30,google,cpc,CMP-000035,CART RECOVERY EMEA 2024,desktop,0,1,0,0,0,0,0,0.0
2025-01-10,google,cpc,CMP-000031,Holiday Promotion Global FY25,mobile,1,0,0,0,0,0,0,0.0
2025-01-09,google,cpc,CMP-000016, Holiday Promo NA Q4  ,mobile,0,0,0,1,0,0,0,0.0
2025-01-28,facebook,paid_social,CMP-000079,CART RECOVERY US 2025,tablet,0,0,1,0,0,0,0,0.0
2025-01-15,tiktok,paid_social,CMP-000080, Brand Search US Q4  ,mobile,0,1,0,0,0,0,0,0.0
2025-01-28,google,cpc,CMP-000033,enterprise_abm_apac_2024,tablet,1,0,0,0,0,0,0,0.0
2025-01-26,google,cpc,CMP-000067,HOLIDAY PROMO APAC 2024,tablet,1,0,0,0,0,0,0,0.0
2025-01-29,google,cpc,CMP-000083,regional_expansion_emea_2025,desktop,0,1,0,0,0,0,0,0.0
2025-01-31,google,cpc,CMP-000020,Holiday Promotion NA 2025,mobile,0,0,0,0,0,1,0,0.0
2025-01-29,google,cpc,CMP-000080,enterprise_abm_apac_2024,mobile,0,1,0,0,0,0,0,0.0
2025-01-04,tiktok,paid_social,CMP-000018, Product Launch US 2025  ,desktop,0,0,0,0,0,1,0,0.0
2025-01-16,(direct),(none),CMP-000061,Retargeting APAC FY25,desktop,0,0,0,0,1,0,0,0.0
2025-01-04,facebook,paid_social,CMP-000017,Retargeting APAC FY25,mobile,0,1,0,0,0,0,0,0.0
2025-01-08,google,cpc,CMP-000083,BRAND SEARCH APAC FY25,tablet,0,1,0,0,0,0,0,0.0
2025-01-09,(direct),(none),CMP-000019, Regional Expansion NA Q4  ,desktop,0,0,1,0,0,0,0,0.0
2025-01-18,newsletter,email,,regional_expansion_us_2024,mobile,0,1,0,0,0,0,0,0.0
2025-01-14,facebook,paid_social,CMP-000081,Cart Recovery NA 2024,mobile,1,0,0,0,0,0,0,0.0
2025-01-12,google,cpc,CMP-000052, Holiday Promo US 2025  ,desktop,0,1,0,0,0,0,0,0.0
2025-01-14,partner,referral,CMP-000061, Holiday Promo US Q4  ,desktop,0,1,0,0,0,0,0,0.0
2025-01-16,partner,referral,CMP-000073,COMPETITOR SEARCH GLOBAL 2024,desktop,1,0,0,0,0,0,0,0.0
2025-01-29,(direct),(none),CMP-000067,BRAND SEARCH US FY25,tablet,0,0,0,0,0,0,1,625.03
2025-01-08,(direct),(none),CMP-000042,Regional Expansion EMEA Q4,mobile,1,0,0,0,0,0,0,0.0
2025-01-16,google,cpc,CMP-000061,REGIONAL EXPANSION GLOBAL FY25,mobile,1,0,0,0,0,0,0,0.0
2025-01-29,facebook,paid_social,CMP-000012,Holiday Promotion APAC Q4,desktop,0,0,0,1,0,0,0,0.0
2025-01-06,google,cpc,CMP-000079,Enterprise ABM US FY25,desktop,0,1,0,0,0,0,0,0.0
2025-01-11,google,cpc,CMP-000045,Brand Search APAC FY25,desktop,0,0,0,0,0,1,0,0.0
2025-01-13,(direct),(none),CMP-000065,product_launch_global_fy25,mobile,0,1,0,0,0,0,0,0.0
2025-01-04,tiktok,paid_social,CMP-000019, Brand Search Global 2025  ,desktop,0,1,0,0,0,0,0,0.0
2025-01-21,facebook,paid_social,CMP-000018,BRAND SEARCH GLOBAL Q4,mobile,0,0,0,0,0,0,1,561.46
2025-01-19,google,cpc,CMP-000021, Creator Spark Global 2024  ,mobile,0,0,0,0,0,0,1,649.64
2025-01-01,facebook,paid_social,CMP-000012,Competitor Search US 2025,desktop,1,0,0,0,0,0,0,0.0
2025-01-24,google,cpc,CMP-000048,retargeting_emea_2025,mobile,1,0,0,0,0,0,0,0.0
2025-01-07,(direct),(none),CMP-000033, Brand Search Global Q4  ,desktop,0,0,0,0,1,0,0,0.0
2025-01-26,google,cpc,,Cart Recovery US 2025,mobile,0,1,0,0,0,0,0,0.0
2025-01-07,tiktok,paid_social,CMP-000077,lifecycle_winback_emea_2025,desktop,0,0,1,0,0,0,0,0.0
2025-01-23,facebook,paid_social,CMP-000079,Creator Spark APAC 2024,desktop,0,1,0,0,0,0,0,0.0
2025-01-23,(direct),(none),CMP-000060,Brand Search Global Q4,mobile,0,1,0,0,0,0,0,0.0
2025-01-23,tiktok,paid_social,CMP-000043,retargeting_emea_2024,mobile,1,0,0,0,0,0,0,0.0
2025-01-04,(direct),(none),CMP-000017,REGIONAL EXPANSION NA Q4,mobile,0,1,0,0,0,0,0,0.0
2025-01-27,facebook,paid_social,CMP-000060,Cart Recovery Global FY25,mobile,0,0,1,0,0,0,0,0.0
2025-01-06,tiktok,paid_social,CMP-000002,CREATOR SPARK NA FY25,tablet,0,1,0,0,0,0,0,0.0
2025-01-25,newsletter,email,CMP-000054,Retargeting NA 2025,tablet,0,0,0,1,0,0,0,0.0
2025-01-04,google,cpc,CMP-000038, Brand Search NA FY25  ,desktop,0,1,0,0,0,0,0,0.0
2025-01-17,google,cpc,CMP-000027,Competitor Search Global 2024,mobile,0,0,1,0,0,0,0,0.0
2025-01-22,tiktok,paid_social,CMP-000035,competitor_search_us_q4,desktop,1,0,0,0,0,0,0,0.0
2025-01-25,newsletter,email,,PRODUCT LAUNCH EMEA 2024,mobile,1,0,0,0,0,0,0,0.0
2025-01-06,newsletter,email,,Competitor Search APAC Q4,desktop,0,1,0,0,0,0,0,0.0
2025-01-15,google,cpc,CMP-000053,lifecycle_winback_emea_fy25,desktop,0,1,0,0,0,0,0,0.0
2025-01-27,google,cpc,CMP-000013,Brand Search NA 2024,mobile,0,0,1,0,0,0,0,0.0
2025-01-05,google,cpc,CMP-000052,ENTERPRISE ABM APAC 2025,desktop,1,0,0,0,0,0,0,0.0
2025-01-18,facebook,paid_social,CMP-000079,creator_spark_global_fy25,mobile,0,1,0,0,0,0,0,0.0
2025-01-12,facebook,paid_social,CMP-000004,CART RECOVERY GLOBAL Q4,mobile,0,1,0,0,0,0,0,0.0
2025-01-18,newsletter,email,CMP-000011,Regional Expansion NA Q4,mobile,1,0,0,0,0,0,0,0.0
2025-01-25,google,cpc,,Brand Search Global Q4,mobile,0,1,0,0,0,0,0,0.0
2025-01-20,google,cpc,CMP-000062,Regional Expansion US 2024,desktop,0,1,0,0,0,0,0,0.0
2025-01-02,tiktok,paid_social,CMP-000035, Competitor Search NA 2024  ,desktop,1,0,0,0,0,0,0,0.0
2025-01-11,google,cpc,CMP-000082,Regional Expansion US Q4,desktop,0,0,0,1,0,0,0,0.0
2025-01-12,facebook,paid_social,CMP-000001, Competitor Search US Q4  ,tablet,0,0,0,0,0,0,1,1173.75
2025-01-20,tiktok,paid_social,CMP-000010,REGIONAL EXPANSION APAC 2025,desktop,0,0,0,0,0,1,0,0.0
2025-01-14,google,cpc,CMP-000045,Competitor SEM NA FY25,mobile,1,0,0,0,0,0,0,0.0
2025-01-26,newsletter,email,, Competitor Search APAC Q4  ,mobile,0,1,0,0,0,0,0,0.0
2025-01-28,google,cpc,CMP-000078, Regional Expansion US Q4  ,tablet,0,0,0,1,0,0,0,0.0
2025-01-28,facebook,paid_social,CMP-000003,Creator Spark APAC Q4,desktop,1,0,0,0,0,0,0,0.0
2025-01-14,google,cpc,CMP-000006, Product Launch US 2025  ,desktop,0,1,0,0,0,0,0,0.0
2025-01-21,google,cpc,CMP-000078,REGIONAL EXPANSION US 2024,mobile,0,1,0,0,0,0,0,0.0
2025-01-04,google,cpc,CMP-000027, Regional Expansion Global 2024  ,mobile,0,0,0,0,0,1,0,0.0
2025-01-07,newsletter,email,CMP-000022,cart_recovery_global_2025,desktop,1,0,0,0,0,0,0,0.0
2025-01-04,google,cpc,CMP-000028,Brand SEM APAC FY25,mobile,0,1,0,0,0,0,0,0.0
2025-01-01,google,cpc,CMP-000059, Product Launch APAC 2024  ,desktop,0,1,0,0,0,0,0,0.0
2025-01-25,tiktok,paid_social,CMP-000026,Competitor Search NA 2024,tablet,0,0,1,0,0,0,0,0.0
2025-01-26,google,cpc,CMP-000024,Holiday Promotion US 2024,mobile,0,0,0,1,0,0,0,0.0
2025-01-08,google,cpc,CMP-000074,Enterprise ABM APAC FY25,mobile,0,0,0,0,0,0,1,449.32
2025-01-30,facebook,paid_social,CMP-000021, Brand Search Global 2025  ,mobile,0,0,0,0,0,0,1,403.1
2025-01-07,(direct),(none),CMP-000061,BRAND SEARCH EMEA 2024,desktop,0,1,0,0,0,0,0,0.0
2025-01-25,google,cpc,CMP-000067, Product Launch Global 2025  ,desktop,0,1,0,0,0,0,0,0.0
2025-01-31,newsletter,email,CMP-000062,Regional Expansion US FY25,tablet,0,0,0,0,1,0,0,0.0
2025-01-12,(direct),(none),CMP-000043, Holiday Promo EMEA 2025  ,mobile,1,0,0,0,0,0,0,0.0
2025-01-31,newsletter,email,CMP-000017,PRODUCT LAUNCH EMEA FY25,desktop,0,1,0,0,0,0,0,0.0
2025-01-10,google,cpc,CMP-000062,REGIONAL EXPANSION EMEA 2024,desktop,0,1,0,0,0,0,0,0.0
2025-01-16,tiktok,paid_social,CMP-000067,Enterprise ABM EMEA FY25,desktop,1,0,0,0,0,0,0,0.0
2025-01-16,partner,referral,CMP-000082,Regional Expansion US 2024,mobile,1,0,0,0,0,0,0,0.0
2025-01-04,tiktok,paid_social,CMP-000036,Retargeting US FY25,mobile,0,1,0,0,0,0,0,0.0
2025-01-15,google,cpc,CMP-000035,Competitor SEM NA FY25,desktop,0,0,1,0,0,0,0,0.0
2025-01-30,google,cpc,CMP-000006, Lifecycle Winback Global 2024  ,desktop,0,0,0,0,0,0,1,2008.44
2025-01-27,tiktok,paid_social,CMP-000043,Retargeting Global FY25,desktop,0,0,1,0,0,0,0,0.0
2025-01-12,facebook,paid_social,CMP-000061,Enterprise ABM Global 2024,desktop,0,0,1,0,0,0,0,0.0
2025-01-27,google,cpc,,Cart Recovery US 2025,mobile,0,0,1,0,0,0,0,0.0
2025-01-22,google,cpc,CMP-000040,Lifecycle Winback EMEA 2025,mobile,1,0,0,0,0,0,0,0.0
2025-01-11,google,cpc,CMP-000004,Retargeting Global 2025,mobile,0,1,0,0,0,0,0,0.0
2025-01-11,tiktok,paid_social,CMP-000038,Creator Spark NA Q4,mobile,0,0,0,1,0,0,0,0.0
2025-01-25,facebook,paid_social,CMP-000048,Creator Spark US 2024,mobile,1,0,0,0,0,0,0,0.0
2025-01-16,newsletter,email,,Retargeting US 2024,mobile,0,1,0,0,0,0,0,0.0
2025-01-27,facebook,paid_social,CMP-000063,Holiday Promotion EMEA 2025,desktop,0,0,0,0,1,0,0,0.0
2025-01-07,tiktok,paid_social,,Brand SEM Global Q4,mobile,0,0,0,0,0,0,1,2126.65
2025-01-29,google,cpc,CMP-000061, Competitor Search Global FY25  ,mobile,0,1,0,0,0,0,0,0.0
2025-01-09,google,cpc,, Enterprise ABM NA 2025  ,mobile,0,0,0,0,0,1,0,0.0
2025-01-19,facebook,paid_social,CMP-000063,BRAND SEARCH US 2025,mobile,0,1,0,0,0,0,0,0.0
2025-01-20,(direct),(none),CMP-000030,HOLIDAY PROMO APAC 2024,tablet,0,0,0,0,0,0,1,644.48
2025-01-23,tiktok,paid_social,CMP-000033,Lifecycle Winback APAC 2024,mobile,0,0,0,0,1,0,0,0.0
2025-01-31,google,cpc,CMP-000018, Lifecycle Winback Global FY25  ,desktop,0,0,0,0,0,0,1,1565.6
2025-01-15,newsletter,email,,Regional Expansion Global Q4,mobile,0,1,0,0,0,0,0,0.0
2025-01-10,newsletter,email,CMP-000069,Holiday Promo EMEA 2024,mobile,0,1,0,0,0,0,0,0.0
2025-01-27,facebook,paid_social,CMP-000016,regional_expansion_us_fy25,mobile,0,0,0,0,0,0,1,465.95
2025-01-20,google,cpc,CMP-000013, Competitor Search EMEA 2024  ,mobile,0,0,1,0,0,0,0,0.0
2025-01-08,partner,referral,,Enterprise ABM Global Q4,desktop,0,0,0,0,0,1,0,0.0
2025-01-06,tiktok,paid_social,CMP-000009,Regional Expansion US FY25,desktop,0,1,0,0,0,0,0,0.0
2025-01-26,google,cpc,CMP-000071,COMPETITOR SEARCH NA 2025,mobile,0,0,0,0,0,1,0,0.0
2025-01-24,facebook,paid_social,CMP-000082,Holiday Promotion US FY25,mobile,0,1,0,0,0,0,0,0.0
2025-01-29,(direct),(none),CMP-000073, Enterprise ABM NA FY25  ,desktop,0,0,1,0,0,0,0,0.0
2025-01-03,google,cpc,CMP-000010, Creator Spark EMEA FY25  ,desktop,0,1,0,0,0,0,0,0.0
2025-01-30,facebook,paid_social,CMP-000058,Product Launch EMEA Q4,desktop,0,1,0,0,0,0,0,0.0
2025-01-16,facebook,paid_social,CMP-000006,Retargeting EMEA FY25,mobile,0,0,0,0,1,0,0,0.0
2025-01-09,google,cpc,CMP-000070,Enterprise ABM US FY25,desktop,0,0,0,0,0,0,1,3595.79
2025-01-22,facebook,paid_social,,Retargeting US Q4,desktop,0,1,0,0,0,0,0,0.0
2025-01-31,tiktok,paid_social,CMP-000026,retargeting_na_q4,desktop,0,1,0,0,0,0,0,0.0
2025-01-30,facebook,paid_social,CMP-000048,CART RECOVERY US 2025,desktop,1,0,0,0,0,0,0,0.0
2025-01-08,newsletter,email,CMP-000002,HOLIDAY PROMO EMEA 2024,desktop,0,0,0,0,0,1,0,0.0
2025-01-21,(direct),(none),CMP-000042,Creator Spark EMEA 2025,mobile,0,1,0,0,0,0,0,0.0
2025-01-14,google,cpc,CMP-000052,Product Launch NA FY25,desktop,0,1,0,0,0,0,0,0.0
2025-01-02,tiktok,paid_social,CMP-000034,Cart Recovery NA 2025,mobile,0,1,0,0,0,0,0,0.0
2025-01-24,facebook,paid_social,CMP-000058, Brand Search EMEA 2024  ,desktop,0,0,1,0,0,0,0,0.0
2025-01-11,facebook,paid_social,,CART RECOVERY NA 2025,desktop,0,1,0,0,0,0,0,0.0
2025-01-19,facebook,paid_social,,Retargeting NA 2025,desktop,0,0,0,1,0,0,0,0.0
2025-01-24,google,cpc,,Brand SEM Global 2025,desktop,1,0,0,0,0,0,0,0.0
2025-01-04,tiktok,paid_social,CMP-000057,Regional Expansion EMEA 2024,desktop,0,0,0,0,1,0,0,0.0
2025-01-20,google,cpc,CMP-000076,holiday_promo_us_2025,desktop,0,0,1,0,0,0,0,0.0
2025-01-01,partner,referral,CMP-000048,Competitor Search NA 2025,desktop,1,0,0,0,0,0,0,0.0
2025-01-23,newsletter,email,CMP-000019,LIFECYCLE WINBACK US FY25,mobile,0,1,0,0,0,0,0,0.0
2025-01-20,facebook,paid_social,CMP-000076,COMPETITOR SEARCH EMEA FY25,mobile,0,1,0,0,0,0,0,0.0
2025-01-18,(direct),(none),CMP-000011,product_launch_apac_q4,desktop,1,0,0,0,0,0,0,0.0
2025-01-16,newsletter,email,CMP-000009,Creator Spark APAC FY25,desktop,0,0,1,0,0,0,0,0.0
2025-01-04,google,cpc,CMP-000077, Holiday Promo Global 2025  ,tablet,1,0,0,0,0,0,0,0.0
2025-01-29,newsletter,email,CMP-000046,Cart Recovery NA Q4,desktop,1,0,0,0,0,0,0,0.0
2025-01-10,google,cpc,,Regional Expansion US Q4,mobile,0,1,0,0,0,0,0,0.0
2025-01-05,newsletter,email,CMP-000046,Lifecycle Winback APAC 2024,mobile,1,0,0,0,0,0,0,0.0
2025-01-27,google,cpc,CMP-000027,cart_recovery_emea_fy25,mobile,0,1,0,0,0,0,0,0.0
2025-01-14,google,cpc,CMP-000029,creator_spark_na_q4,desktop,0,0,0,0,0,1,0,0.0
2025-01-08,facebook,paid_social,CMP-000038,Lifecycle Winback US Q4,mobile,0,0,0,1,0,0,0,0.0
2025-01-02,google,cpc,CMP-000062,Competitor Search US Q4,mobile,0,1,0,0,0,0,0,0.0
2025-01-26,google,cpc,CMP-000043,Product Launch US 2025,desktop,0,1,0,0,0,0,0,0.0
2025-01-04,facebook,paid_social,CMP-000055,Creator Spark EMEA Q4,tablet,0,0,1,0,0,0,0,0.0
2025-01-02,google,cpc,,HOLIDAY PROMO GLOBAL 2025,tablet,0,0,1,0,0,0,0,0.0
2025-01-20,(direct),(none),CMP-000033, Creator Spark APAC 2024  ,desktop,1,0,0,0,0,0,0,0.0
2025-01-13,google,cpc,CMP-000019,holiday_promo_na_q4,mobile,0,1,0,0,0,0,0,0.0
2025-01-13,partner,referral,CMP-000036, Creator Spark APAC 2024  ,tablet,1,0,0,0,0,0,0,0.0
2025-01-13,facebook,paid_social,CMP-000054, Creator Spark US 2025  ,mobile,0,0,0,0,0,0,1,985.98
2025-01-08,facebook,paid_social,,Regional Expansion US FY25,mobile,0,1,0,0,0,0,0,0.0
2025-01-25,facebook,paid_social,CMP-000059,HOLIDAY PROMO EMEA Q4,mobile,1,0,0,0,0,0,0,0.0
2025-01-15,google,cpc,CMP-000077,regional_expansion_na_2024,mobile,0,1,0,0,0,0,0,0.0
2025-01-02,newsletter,email,CMP-000063, Creator Spark NA FY25  ,mobile,0,0,0,1,0,0,0,0.0
2025-01-07,tiktok,paid_social,CMP-000047,LIFECYCLE WINBACK APAC 2025,mobile,1,0,0,0,0,0,0,0.0
2025-01-20,google,cpc,CMP-000055,Cart Recovery US Q4,mobile,0,1,0,0,0,0,0,0.0
2025-01-04,google,cpc,CMP-000057,Holiday Promo US FY25,mobile,1,0,0,0,0,0,0,0.0
2025-01-15,google,cpc,CMP-000021,Enterprise ABM APAC Q4,desktop,0,1,0,0,0,0,0,0.0
2025-01-22,facebook,paid_social,CMP-000026, Lifecycle Winback US 2025  ,desktop,0,1,0,0,0,0,0,0.0
2025-01-03,facebook,paid_social,,Competitor Search Global 2024,mobile,0,0,0,0,0,0,1,612.31
2025-01-20,newsletter,email,CMP-000059,Competitor SEM Global FY25,desktop,0,0,1,0,0,0,0,0.0
2025-01-09,tiktok,paid_social,CMP-000008,Creator Spark EMEA FY25,mobile,0,1,0,0,0,0,0,0.0
2025-01-25,google,cpc,CMP-000067,Creator Spark EMEA 2024,tablet,0,1,0,0,0,0,0,0.0
2025-01-08,google,cpc,CMP-000006,lifecycle_winback_global_2024,mobile,0,1,0,0,0,0,0,0.0
2025-01-17,google,cpc,CMP-000030,Cart Recovery US FY25,mobile,0,0,0,0,0,1,0,0.0
2025-01-23,tiktok,paid_social,CMP-000041, Creator Spark EMEA 2024  ,desktop,0,1,0,0,0,0,0,0.0
2025-01-08,google,cpc,CMP-000039,Regional Expansion US 2025,mobile,0,0,0,1,0,0,0,0.0
2025-01-16,(direct),(none),CMP-000001,Regional Expansion NA Q4,desktop,0,1,0,0,0,0,0,0.0
2025-01-26,tiktok,paid_social,CMP-000036, Competitor Search APAC Q4  ,desktop,0,1,0,0,0,0,0,0.0
2025-01-01,tiktok,paid_social,CMP-000070,Enterprise ABM EMEA 2024,mobile,0,0,0,0,0,0,1,1102.33
2025-01-08,facebook,paid_social,CMP-000011,Holiday Promotion EMEA 2024,desktop,0,0,1,0,0,0,0,0.0
2025-01-23,google,cpc,CMP-000020,Competitor SEM NA 2025,mobile,0,1,0,0,0,0,0,0.0
2025-01-25,tiktok,paid_social,CMP-000018, Competitor Search NA FY25  ,desktop,0,0,0,0,0,0,1,498.35
2025-01-06,newsletter,email,CMP-000008, Retargeting NA FY25  ,mobile,1,0,0,0,0,0,0,0.0
2025-01-27,newsletter,email,CMP-000026,PRODUCT LAUNCH APAC FY25,mobile,0,1,0,0,0,0,0,0.0
2025-01-15,google,cpc,CMP-000058,enterprise_abm_global_2024,mobile,0,0,1,0,0,0,0,0.0
2025-01-14,newsletter,email,CMP-000008, Cart Recovery NA FY25  ,desktop,0,1,0,0,0,0,0,0.0
2025-01-01,newsletter,email,CMP-000053,Regional Expansion APAC Q4,desktop,0,1,0,0,0,0,0,0.0
2025-01-14,partner,referral,CMP-000059, Holiday Promo NA 2024  ,desktop,1,0,0,0,0,0,0,0.0
2025-01-22,newsletter,email,CMP-000044,Brand Search US FY25,mobile,0,1,0,0,0,0,0,0.0
2025-01-28,partner,referral,CMP-000077,COMPETITOR SEARCH US 2025,desktop,0,0,0,1,0,0,0,0.0
2025-01-16,google,cpc,CMP-000066,LIFECYCLE WINBACK US Q4,desktop,0,1,0,0,0,0,0,0.0
2025-01-09,google,cpc,CMP-000052,brand_search_us_2024,desktop,0,0,0,0,1,0,0,0.0
2025-01-24,tiktok,paid_social,CMP-000029, Enterprise ABM EMEA FY25  ,mobile,0,0,0,1,0,0,0,0.0
2025-01-11,partner,referral,CMP-000011,CART RECOVERY NA FY25,mobile,0,1,0,0,0,0,0,0.0
2025-01-23,facebook,paid_social,CMP-000060,LIFECYCLE WINBACK EMEA 2025,mobile,0,0,0,1,0,0,0,0.0
2025-01-18,google,cpc,CMP-000074,Creator Spark US 2025,mobile,0,1,0,0,0,0,0,0.0
2025-01-09,google,cpc,,Holiday Promotion Global Q4,desktop,0,0,0,0,0,1,0,0.0
2025-01-08,tiktok,paid_social,CMP-000005,regional_expansion_global_fy25,desktop,0,1,0,0,0,0,0,0.0
2025-01-22,facebook,paid_social,CMP-000071,RETARGETING US 2024,desktop,0,0,0,1,0,0,0,0.0
2025-01-24,tiktok,paid_social,CMP-000043,Lifecycle Winback Global 2025,desktop,0,0,0,0,1,0,0,0.0
2025-01-05,facebook,paid_social,CMP-000034,product_launch_apac_2025,mobile,0,1,0,0,0,0,0,0.0
2025-01-03,google,cpc,CMP-000010,Product Launch Global FY25,mobile,1,0,0,0,0,0,0,0.0
2025-01-11,(direct),(none),CMP-000064,lifecycle_winback_emea_q4,mobile,0,1,0,0,0,0,0,0.0
2025-01-24,(direct),(none),CMP-000030,product_launch_emea_q4,mobile,0,0,0,0,1,0,0,0.0
2025-01-18,google,cpc,CMP-000020,Creator Spark Global Q4,mobile,0,1,0,0,0,0,0,0.0
2025-01-02,facebook,paid_social,CMP-000075,cart_recovery_apac_q4,mobile,0,1,0,0,0,0,0,0.0
2025-01-26,google,cpc,CMP-000015,Competitor SEM US 2024,mobile,0,1,0,0,0,0,0,0.0
2025-01-08,google,cpc,CMP-000046,CART RECOVERY US FY25,mobile,0,0,1,0,0,0,0,0.0
2025-01-29,tiktok,paid_social,CMP-000023,Enterprise ABM Global 2024,mobile,0,0,0,0,0,1,0,0.0
2025-01-29,partner,referral,CMP-000078,Brand SEM APAC 2024,mobile,0,0,0,1,0,0,0,0.0
2025-01-01,facebook,paid_social,CMP-000036,Retargeting NA Q4,mobile,0,1,0,0,0,0,0,0.0
2025-01-22,google,cpc,CMP-000062,CREATOR SPARK NA Q4,mobile,0,1,0,0,0,0,0,0.0
2025-01-10,tiktok,paid_social,CMP-000058, Product Launch US 2025  ,desktop,0,0,0,0,1,0,0,0.0
2025-01-27,newsletter,email,CMP-000026,Lifecycle Winback Global 2024,desktop,0,1,0,0,0,0,0,0.0
2025-01-24,newsletter,email,CMP-000027,regional_expansion_na_2024,mobile,1,0,0,0,0,0,0,0.0
2025-01-09,partner,referral,CMP-000047,COMPETITOR SEARCH EMEA Q4,desktop,0,0,0,1,0,0,0,0.0
2025-01-31,newsletter,email,CMP-000074,Retargeting Global 2024,mobile,0,0,1,0,0,0,0,0.0
2025-01-23,(direct),(none),CMP-000039, Cart Recovery US FY25  ,mobile,0,1,0,0,0,0,0,0.0
2025-01-09,google,cpc,,Brand Search US Q4,desktop,0,1,0,0,0,0,0,0.0
2025-01-09,newsletter,email,CMP-000045,Enterprise ABM EMEA Q4,mobile,0,1,0,0,0,0,0,0.0
2025-01-07,partner,referral,,Competitor Search NA FY25,mobile,0,0,0,0,1,0,0,0.0
2025-01-11,facebook,paid_social,CMP-000014,Retargeting Global 2025,mobile,0,0,1,0,0,0,0,0.0
2025-01-04,google,cpc,,CART RECOVERY US Q4,desktop,1,0,0,0,0,0,0,0.0
2025-01-17,facebook,paid_social,CMP-000020,competitor_search_emea_2025,desktop,1,0,0,0,0,0,0,0.0
2025-01-17,facebook,paid_social,CMP-000024,retargeting_us_q4,tablet,0,0,0,0,1,0,0,0.0
2025-01-03,google,cpc,CMP-000024,COMPETITOR SEARCH US FY25,mobile,0,0,0,0,0,0,1,510.2
2025-01-29,partner,referral,,product_launch_emea_2025,mobile,1,0,0,0,0,0,0,0.0
2025-01-02,google,cpc,CMP-000015, Holiday Promo NA 2025  ,tablet,0,0,0,1,0,0,0,0.0
2025-01-04,facebook,paid_social,CMP-000049,Cart Recovery EMEA FY25,mobile,0,1,0,0,0,0,0,0.0
2025-01-13,google,cpc,CMP-000051,Brand Search NA 2025,mobile,0,1,0,0,0,0,0,0.0
2025-01-08,tiktok,paid_social,CMP-000053,enterprise_abm_na_fy25,mobile,0,1,0,0,0,0,0,0.0
2025-01-15,facebook,paid_social,CMP-000057,LIFECYCLE WINBACK NA 2024,tablet,0,0,0,0,0,1,0,0.0
2025-01-17,facebook,paid_social,CMP-000028,cart_recovery_apac_2025,mobile,0,0,0,0,1,0,0,0.0
2025-01-28,google,cpc,CMP-000026,creator_spark_global_2025,mobile,0,1,0,0,0,0,0,0.0
2025-01-24,facebook,paid_social,CMP-000049, Holiday Promo NA 2024  ,mobile,0,0,0,0,0,0,1,1016.24
2025-01-09,tiktok,paid_social,CMP-000045, Lifecycle Winback EMEA Q4  ,desktop,0,1,0,0,0,0,0,0.0
2025-01-12,google,cpc,,HOLIDAY PROMO GLOBAL 2024,mobile,0,0,0,0,0,0,1,845.96
2025-01-13,tiktok,paid_social,CMP-000079, Retargeting NA FY25  ,desktop,0,0,0,1,0,0,0,0.0
2025-01-15,facebook,paid_social,CMP-000081,Cart Recovery APAC Q4,mobile,0,0,1,0,0,0,0,0.0
2025-01-27,facebook,paid_social,CMP-000065,holiday_promo_na_fy25,tablet,0,1,0,0,0,0,0,0.0
2025-01-10,google,cpc,,Brand Search APAC 2025,tablet,0,0,0,0,0,1,0,0.0
2025-01-07,(direct),(none),CMP-000004,Lifecycle Winback APAC FY25,tablet,0,1,0,0,0,0,0,0.0
2025-01-12,google,cpc,CMP-000004,Enterprise ABM Global FY25,mobile,0,0,1,0,0,0,0,0.0
2025-01-16,tiktok,paid_social,CMP-000059,Enterprise ABM US 2024,desktop,0,0,0,1,0,0,0,0.0
2025-01-26,facebook,paid_social,CMP-000029,ENTERPRISE ABM EMEA FY25,desktop,1,0,0,0,0,0,0,0.0
2025-01-16,facebook,paid_social,CMP-000059,HOLIDAY PROMO EMEA 2025,mobile,0,0,0,0,1,0,0,0.0
2025-01-29,tiktok,paid_social,CMP-000027, Cart Recovery EMEA 2024  ,desktop,0,0,0,1,0,0,0,0.0
2025-01-08,partner,referral,,regional_expansion_emea_fy25,desktop,0,1,0,0,0,0,0,0.0
2025-01-18,google,cpc,CMP-000013,enterprise_abm_apac_2025,mobile,1,0,0,0,0,0,0,0.0
2025-01-14,google,cpc,CMP-000001, Brand Search NA 2025  ,desktop,0,0,1,0,0,0,0,0.0
2025-01-29,google,cpc,CMP-000083,PRODUCT LAUNCH US FY25,desktop,0,0,0,0,0,1,0,0.0
2025-01-13,tiktok,paid_social,CMP-000058,Enterprise ABM APAC FY25,desktop,0,1,0,0,0,0,0,0.0
2025-01-31,google,cpc,CMP-000022,LIFECYCLE WINBACK GLOBAL Q4,mobile,0,1,0,0,0,0,0,0.0
2025-01-24,tiktok,paid_social,CMP-000025,REGIONAL EXPANSION APAC 2025,mobile,1,0,0,0,0,0,0,0.0
2025-01-26,google,cpc,CMP-000024, Creator Spark APAC 2024  ,desktop,1,0,0,0,0,0,0,0.0
2025-01-19,google,cpc,CMP-000004, Competitor Search Global FY25  ,desktop,0,1,0,0,0,0,0,0.0
2025-01-14,(direct),(none),CMP-000037, Enterprise ABM US Q4  ,desktop,1,0,0,0,0,0,0,0.0
2025-01-19,google,cpc,CMP-000014, Cart Recovery US Q4  ,mobile,0,0,0,0,1,0,0,0.0
2025-01-10,facebook,paid_social,CMP-000013,regional_expansion_na_q4,desktop,1,0,0,0,0,0,0,0.0
2025-01-21,facebook,paid_social,CMP-000016,Lifecycle Winback US 2025,mobile,1,0,0,0,0,0,0,0.0
2025-01-15,(direct),(none),CMP-000058,Product Launch EMEA Q4,desktop,0,0,0,0,1,0,0,0.0
2025-01-30,google,cpc,CMP-000014,Enterprise ABM NA FY25,desktop,0,0,0,0,1,0,0,0.0
2025-01-09,google,cpc,CMP-000048, Enterprise ABM APAC 2024  ,mobile,0,0,1,0,0,0,0,0.0
2025-01-29,(direct),(none),, Holiday Promo US FY25  ,desktop,0,0,1,0,0,0,0,0.0
2025-01-02,facebook,paid_social,CMP-000033,Product Launch US 2024,tablet,0,1,0,0,0,0,0,0.0
2025-01-02,tiktok,paid_social,CMP-000026,RETARGETING NA 2025,mobile,0,1,0,0,0,0,0,0.0
2025-01-04,facebook,paid_social,CMP-000047,Cart Recovery NA FY25,tablet,0,0,1,0,0,0,0,0.0
2025-01-23,tiktok,paid_social,CMP-000063,Brand SEM US FY25,tablet,1,0,0,0,0,0,0,0.0
2025-01-02,newsletter,email,CMP-000026,Regional Expansion APAC FY25,desktop,0,0,0,0,0,0,1,498.15
2025-01-27,google,cpc,,Brand Search APAC Q4,mobile,0,1,0,0,0,0,0,0.0
2025-01-02,newsletter,email,CMP-000067,Creator Spark APAC Q4,desktop,0,0,0,0,0,1,0,0.0
2025-01-23,newsletter,email,CMP-000058,BRAND SEARCH EMEA 2024,mobile,1,0,0,0,0,0,0,0.0
2025-01-23,google,cpc,CMP-000068,COMPETITOR SEARCH NA 2024,tablet,1,0,0,0,0,0,0,0.0
2025-01-20,google,cpc,CMP-000020, Cart Recovery NA 2025  ,mobile,0,1,0,0,0,0,0,0.0
2025-01-27,google,cpc,CMP-000058,holiday_promo_global_2024,desktop,0,0,0,0,0,0,1,708.82
2025-01-07,facebook,paid_social,CMP-000011,cart_recovery_us_q4,desktop,0,0,1,0,0,0,0,0.0
2025-01-18,google,cpc,CMP-000072,PRODUCT LAUNCH NA 2024,mobile,0,0,0,0,0,1,0,0.0
2025-01-27,google,cpc,CMP-000040,Competitor Search APAC Q4,desktop,0,0,1,0,0,0,0,0.0
2025-01-15,facebook,paid_social,, Brand Search APAC Q4  ,mobile,0,1,0,0,0,0,0,0.0
2025-01-16,google,cpc,CMP-000029,Cart Recovery EMEA 2024,desktop,0,1,0,0,0,0,0,0.0
2025-01-12,google,cpc,CMP-000018, Retargeting NA 2025  ,desktop,1,0,0,0,0,0,0,0.0
2025-01-03,newsletter,email,CMP-000064,PRODUCT LAUNCH GLOBAL FY25,mobile,0,0,0,1,0,0,0,0.0
2025-01-08,newsletter,email,CMP-000068,CART RECOVERY GLOBAL 2024,mobile,0,1,0,0,0,0,0,0.0
2025-01-16,facebook,paid_social,CMP-000076,LIFECYCLE WINBACK US FY25,desktop,0,0,0,0,1,0,0,0.0
2025-01-26,newsletter,email,CMP-000008,Holiday Promotion US 2025,mobile,0,1,0,0,0,0,0,0.0
2025-01-20,facebook,paid_social,CMP-000066,ENTERPRISE ABM EMEA FY25,desktop,0,0,0,1,0,0,0,0.0
2025-01-07,google,cpc,CMP-000045, Creator Spark US Q4  ,desktop,0,0,0,1,0,0,0,0.0
2025-01-29,google,cpc,,retargeting_global_q4,tablet,0,0,1,0,0,0,0,0.0
2025-01-03,facebook,paid_social,CMP-000060,competitor_search_us_q4,desktop,0,0,0,1,0,0,0,0.0
2025-01-03,tiktok,paid_social,CMP-000057, Creator Spark NA 2025  ,desktop,0,0,0,1,0,0,0,0.0
2025-01-21,google,cpc,CMP-000081, Retargeting Global 2024  ,tablet,1,0,0,0,0,0,0,0.0
2025-01-12,tiktok,paid_social,CMP-000030,creator_spark_apac_q4,mobile,0,0,1,0,0,0,0,0.0
2025-01-20,google,cpc,CMP-000031,Lifecycle Winback EMEA 2024,mobile,1,0,0,0,0,0,0,0.0
2025-01-18,(direct),(none),CMP-000038,Enterprise ABM NA FY25,mobile,0,1,0,0,0,0,0,0.0
2025-01-27,partner,referral,,LIFECYCLE WINBACK US 2025,mobile,0,1,0,0,0,0,0,0.0
2025-01-13,google,cpc,,Cart Recovery Global FY25,mobile,0,1,0,0,0,0,0,0.0
2025-01-04,google,cpc,CMP-000078,retargeting_na_2025,desktop,0,1,0,0,0,0,0,0.0
2025-01-27,(direct),(none),CMP-000058,creator_spark_global_q4,desktop,0,0,0,0,0,0,1,597.02
2025-01-12,facebook,paid_social,CMP-000014,Competitor SEM NA 2025,desktop,1,0,0,0,0,0,0,0.0
2025-01-25,tiktok,paid_social,CMP-000049, Product Launch US Q4  ,desktop,0,1,0,0,0,0,0,0.0
2025-01-17,google,cpc,CMP-000001,Enterprise ABM APAC 2025,mobile,1,0,0,0,0,0,0,0.0
2025-01-12,facebook,paid_social,CMP-000035,RETARGETING NA 2024,desktop,0,1,0,0,0,0,0,0.0
2025-01-09,(direct),(none),CMP-000030,Creator Spark US FY25,mobile,0,0,0,0,0,1,0,0.0
2025-01-23,newsletter,email,CMP-000023,CREATOR SPARK NA FY25,desktop,0,1,0,0,0,0,0,0.0
2025-01-22,google,cpc,CMP-000061,holiday_promo_emea_2025,mobile,0,1,0,0,0,0,0,0.0
2025-01-29,tiktok,paid_social,CMP-000031,RETARGETING APAC Q4,mobile,1,0,0,0,0,0,0,0.0
2025-01-26,(direct),(none),CMP-000043,cart_recovery_na_2025,desktop,0,1,0,0,0,0,0,0.0
2025-01-16,google,cpc,CMP-000079,Lifecycle Winback APAC 2025,desktop,0,1,0,0,0,0,0,0.0
2025-01-26,google,cpc,CMP-000040,Cart Recovery EMEA Q4,mobile,0,0,1,0,0,0,0,0.0
2025-01-31,partner,referral,CMP-000016, Competitor Search APAC 2024  ,mobile,0,0,0,0,0,1,0,0.0
2025-01-26,partner,referral,CMP-000005,Regional Expansion APAC 2025,mobile,0,0,0,1,0,0,0,0.0
2025-01-22,google,cpc,CMP-000043,Enterprise ABM EMEA Q4,mobile,0,1,0,0,0,0,0,0.0
2025-01-29,google,cpc,CMP-000081,LIFECYCLE WINBACK US FY25,mobile,0,1,0,0,0,0,0,0.0
2025-01-30,google,cpc,CMP-000046, Regional Expansion Global FY25  ,mobile,0,1,0,0,0,0,0,0.0
2025-01-17,facebook,paid_social,CMP-000074,Lifecycle Winback US 2025,mobile,1,0,0,0,0,0,0,0.0
2025-01-29,facebook,paid_social,CMP-000009,Creator Spark US 2024,desktop,0,0,0,0,0,1,0,0.0
2025-01-15,google,cpc,CMP-000037, Holiday Promo EMEA FY25  ,desktop,0,0,1,0,0,0,0,0.0
2025-01-18,google,cpc,CMP-000003,ENTERPRISE ABM NA 2024,desktop,0,0,1,0,0,0,0,0.0
2025-01-26,newsletter,email,CMP-000029,CREATOR SPARK US Q4,mobile,0,0,1,0,0,0,0,0.0
2025-01-05,google,cpc,CMP-000023,enterprise_abm_emea_2024,mobile,0,0,0,0,1,0,0,0.0
2025-01-20,facebook,paid_social,CMP-000072,retargeting_apac_2024,desktop,0,0,0,1,0,0,0,0.0
2025-01-31,google,cpc,CMP-000083,Regional Expansion Global 2024,desktop,0,1,0,0,0,0,0,0.0
2025-01-31,google,cpc,CMP-000048,Brand SEM APAC Q4,desktop,1,0,0,0,0,0,0,0.0
2025-01-09,google,cpc,CMP-000071,competitor_search_apac_fy25,desktop,0,0,0,1,0,0,0,0.0
2025-01-27,facebook,paid_social,CMP-000017,Retargeting US Q4,tablet,0,1,0,0,0,0,0,0.0
2025-01-27,facebook,paid_social,CMP-000040,Retargeting US 2024,desktop,0,0,1,0,0,0,0,0.0
2025-01-20,tiktok,paid_social,CMP-000054, Creator Spark EMEA FY25  ,mobile,0,1,0,0,0,0,0,0.0
2025-01-08,tiktok,paid_social,CMP-000022,product_launch_na_2024,mobile,0,0,0,0,1,0,0,0.0
2025-01-03,google,cpc,CMP-000034,regional_expansion_us_fy25,mobile,0,1,0,0,0,0,0,0.0
2025-01-18,tiktok,paid_social,CMP-000014,REGIONAL EXPANSION APAC FY25,mobile,1,0,0,0,0,0,0,0.0
2025-01-24,google,cpc,CMP-000062,cart_recovery_global_2024,tablet,0,1,0,0,0,0,0,0.0
2025-01-24,google,cpc,CMP-000018,Holiday Promotion APAC 2024,desktop,0,0,0,0,0,0,1,1511.53
2025-01-07,facebook,paid_social,CMP-000037,ENTERPRISE ABM APAC 2025,mobile,0,0,1,0,0,0,0,0.0
2025-01-28,(direct),(none),CMP-000013, Brand Search EMEA Q4  ,tablet,0,1,0,0,0,0,0,0.0
2025-01-27,newsletter,email,CMP-000066,Lifecycle Winback APAC 2025,mobile,0,1,0,0,0,0,0,0.0
2025-01-24,google,cpc,CMP-000076,Product Launch APAC FY25,mobile,0,1,0,0,0,0,0,0.0
2025-01-20,google,cpc,CMP-000003,Regional Expansion NA 2024,mobile,1,0,0,0,0,0,0,0.0
2025-01-01,newsletter,email,,Holiday Promo Global FY25,mobile,0,0,0,0,0,0,1,1134.26
2025-01-25,newsletter,email,CMP-000045,Competitor SEM US 2024,desktop,0,0,1,0,0,0,0,0.0
2025-01-05,newsletter,email,CMP-000056,ENTERPRISE ABM APAC Q4,mobile,0,0,1,0,0,0,0,0.0
2025-01-02,google,cpc,, Cart Recovery US Q4  ,desktop,0,0,1,0,0,0,0,0.0
2025-01-01,facebook,paid_social,CMP-000060, Brand Search EMEA Q4  ,mobile,0,0,1,0,0,0,0,0.0
2025-01-18,partner,referral,, Product Launch APAC FY25  ,desktop,0,1,0,0,0,0,0,0.0
2025-01-01,google,cpc,CMP-000048,Competitor SEM APAC 2024,mobile,0,1,0,0,0,0,0,0.0
2025-01-23,google,cpc,CMP-000055, Creator Spark US 2025  ,desktop,0,1,0,0,0,0,0,0.0
2025-01-20,facebook,paid_social,CMP-000052,regional_expansion_na_2025,desktop,0,1,0,0,0,0,0,0.0
2025-01-24,google,cpc,CMP-000068,regional_expansion_emea_2024,mobile,0,0,0,0,0,1,0,0.0
2025-01-14,facebook,paid_social,,Lifecycle Winback US FY25,desktop,0,0,1,0,0,0,0,0.0
2025-01-07,google,cpc,CMP-000036,Lifecycle Winback US 2025,tablet,0,1,0,0,0,0,0,0.0
2025-01-08,google,cpc,CMP-000054,Brand Search US 2024,mobile,0,1,0,0,0,0,0,0.0
2025-01-06,newsletter,email,CMP-000058, Lifecycle Winback EMEA Q4  ,mobile,0,0,0,1,0,0,0,0.0
2025-01-22,newsletter,email,CMP-000007,cart_recovery_apac_2024,mobile,0,0,0,0,1,0,0,0.0
2025-01-22,google,cpc,CMP-000004, Lifecycle Winback US FY25  ,mobile,1,0,0,0,0,0,0,0.0
2025-01-06,facebook,paid_social,CMP-000014,brand_search_apac_fy25,mobile,1,0,0,0,0,0,0,0.0
2025-01-24,google,cpc,CMP-000074,LIFECYCLE WINBACK US 2025,mobile,0,1,0,0,0,0,0,0.0
2025-01-26,facebook,paid_social,CMP-000023,lifecycle_winback_emea_2025,mobile,0,0,0,0,1,0,0,0.0
2025-01-11,facebook,paid_social,CMP-000037,lifecycle_winback_apac_2025,mobile,1,0,0,0,0,0,0,0.0
2025-01-25,google,cpc,CMP-000083, Regional Expansion EMEA 2025  ,desktop,1,0,0,0,0,0,0,0.0
2025-01-11,google,cpc,CMP-000039,HOLIDAY PROMO US FY25,mobile,0,1,0,0,0,0,0,0.0
2025-01-09,google,cpc,CMP-000080,Lifecycle Winback US 2025,mobile,0,1,0,0,0,0,0,0.0
2025-01-24,facebook,paid_social,CMP-000047,CREATOR SPARK US FY25,desktop,0,1,0,0,0,0,0,0.0
2025-01-17,newsletter,email,CMP-000033,lifecycle_winback_na_2025,tablet,0,0,0,1,0,0,0,0.0
2025-01-08,(direct),(none),CMP-000066,Cart Recovery EMEA FY25,desktop,0,1,0,0,0,0,0,0.0
2025-01-04,google,cpc,CMP-000022,Cart Recovery EMEA Q4,mobile,0,1,0,0,0,0,0,0.0
2025-01-25,facebook,paid_social,CMP-000055, Regional Expansion US FY25  ,mobile,0,0,0,0,1,0,0,0.0
2025-01-28,facebook,paid_social,, Lifecycle Winback US 2024  ,desktop,0,0,0,0,0,0,1,715.89
2025-01-22,tiktok,paid_social,CMP-000063,regional_expansion_apac_fy25,mobile,1,0,0,0,0,0,0,0.0
2025-01-07,google,cpc,CMP-000025,Holiday Promotion US 2025,tablet,1,0,0,0,0,0,0,0.0
2025-01-06,google,cpc,CMP-000034,PRODUCT LAUNCH NA 2024,mobile,0,1,0,0,0,0,0,0.0
2025-01-18,google,cpc,CMP-000052,Cart Recovery Global 2025,mobile,0,0,0,0,0,1,0,0.0
2025-01-15,google,cpc,CMP-000039,Retargeting EMEA 2025,tablet,1,0,0,0,0,0,0,0.0
2025-01-21,tiktok,paid_social,CMP-000068, Product Launch APAC FY25  ,mobile,0,0,1,0,0,0,0,0.0
2025-01-10,google,cpc,CMP-000050,PRODUCT LAUNCH US FY25,desktop,0,0,1,0,0,0,0,0.0
2025-01-18,facebook,paid_social,CMP-000055,creator_spark_apac_2024,desktop,0,1,0,0,0,0,0,0.0
2025-01-27,partner,referral,CMP-000041,COMPETITOR SEARCH GLOBAL 2025,mobile,0,0,1,0,0,0,0,0.0
2025-01-27,newsletter,email,CMP-000078,RETARGETING APAC 2025,tablet,0,0,1,0,0,0,0,0.0
2025-01-27,partner,referral,CMP-000056,creator_spark_na_fy25,mobile,0,0,1,0,0,0,0,0.0
2025-01-11,partner,referral,CMP-000080,ENTERPRISE ABM APAC 2025,mobile,0,1,0,0,0,0,0,0.0
2025-01-15,(direct),(none),CMP-000055,Competitor Search APAC FY25,desktop,0,1,0,0,0,0,0,0.0
2025-01-19,newsletter,email,CMP-000043, Holiday Promo APAC FY25  ,mobile,0,1,0,0,0,0,0,0.0
2025-01-08,google,cpc,CMP-000003, Competitor Search EMEA Q4  ,mobile,0,1,0,0,0,0,0,0.0
2025-01-18,facebook,paid_social,CMP-000076,Regional Expansion EMEA 2024,mobile,1,0,0,0,0,0,0,0.0
2025-01-21,facebook,paid_social,CMP-000022,brand_search_emea_2025,mobile,0,1,0,0,0,0,0,0.0
2025-01-08,google,cpc,, Enterprise ABM Global FY25  ,desktop,1,0,0,0,0,0,0,0.0
2025-01-15,google,cpc,CMP-000002,lifecycle_winback_us_2024,mobile,1,0,0,0,0,0,0,0.0
2025-01-14,newsletter,email,CMP-000039,Competitor SEM EMEA 2024,mobile,0,1,0,0,0,0,0,0.0
2025-01-15,partner,referral,CMP-000044, Cart Recovery APAC 2025  ,desktop,0,0,0,0,0,0,1,790.77
2025-01-12,google,cpc,CMP-000055, Cart Recovery Global 2025  ,desktop,0,0,0,0,0,0,1,1291.47
2025-01-16,facebook,paid_social,,CREATOR SPARK APAC Q4,mobile,0,1,0,0,0,0,0,0.0
2025-01-15,google,cpc,CMP-000047,Cart Recovery US 2024,desktop,0,1,0,0,0,0,0,0.0
2025-01-03,google,cpc,CMP-000061,product_launch_us_2025,mobile,0,0,1,0,0,0,0,0.0
2025-01-08,google,cpc,CMP-000075,Retargeting Global 2024,desktop,0,1,0,0,0,0,0,0.0
2025-01-13,tiktok,paid_social,CMP-000028,creator_spark_apac_q4,desktop,1,0,0,0,0,0,0,0.0
2025-01-31,facebook,paid_social,CMP-000073, Product Launch US Q4  ,desktop,0,1,0,0,0,0,0,0.0
2025-01-06,google,cpc,CMP-000039,Product Launch US 2025,mobile,1,0,0,0,0,0,0,0.0
2025-01-09,facebook,paid_social,CMP-000051,Product Launch US Q4,desktop,0,0,0,1,0,0,0,0.0
2025-01-11,tiktok,paid_social,CMP-000083,Brand SEM US Q4,mobile,0,0,0,1,0,0,0,0.0
2025-01-11,google,cpc,, Creator Spark EMEA 2024  ,tablet,0,1,0,0,0,0,0,0.0
2025-01-31,facebook,paid_social,CMP-000041,CREATOR SPARK APAC 2024,desktop,0,1,0,0,0,0,0,0.0
2025-01-09,newsletter,email,CMP-000068,Product Launch Global 2024,desktop,0,0,0,0,0,1,0,0.0
2025-01-19,(direct),(none),CMP-000049,CART RECOVERY US 2025,mobile,0,1,0,0,0,0,0,0.0
2025-01-30,google,cpc,CMP-000020,Retargeting EMEA 2024,mobile,1,0,0,0,0,0,0,0.0
2025-01-24,facebook,paid_social,CMP-000044,Holiday Promo APAC Q4,mobile,0,1,0,0,0,0,0,0.0
2025-01-30,facebook,paid_social,CMP-000001,Retargeting US 2024,mobile,0,1,0,0,0,0,0,0.0
2025-01-28,google,cpc,CMP-000015, Lifecycle Winback US Q4  ,mobile,1,0,0,0,0,0,0,0.0
2025-01-27,newsletter,email,CMP-000051,CREATOR SPARK APAC Q4,mobile,0,0,1,0,0,0,0,0.0
2025-01-12,facebook,paid_social,CMP-000059,Brand SEM EMEA 2024,desktop,0,1,0,0,0,0,0,0.0
2025-01-13,facebook,paid_social,CMP-000047,ENTERPRISE ABM APAC Q4,desktop,1,0,0,0,0,0,0,0.0
2025-01-14,facebook,paid_social,CMP-000070, Competitor Search US FY25  ,desktop,0,0,0,0,0,1,0,0.0
2025-01-08,newsletter,email,CMP-000019, Retargeting US 2024  ,mobile,0,0,0,0,0,1,0,0.0
2025-01-24,google,cpc,CMP-000033,Creator Spark NA FY25,mobile,0,1,0,0,0,0,0,0.0
2025-01-06,newsletter,email,CMP-000028,Brand Search NA 2024,mobile,0,0,0,1,0,0,0,0.0
2025-01-01,tiktok,paid_social,CMP-000043, Regional Expansion Global 2025  ,mobile,0,1,0,0,0,0,0,0.0
2025-01-23,google,cpc,CMP-000052,RETARGETING GLOBAL Q4,desktop,1,0,0,0,0,0,0,0.0
2025-01-16,tiktok,paid_social,CMP-000028, Holiday Promo APAC FY25  ,mobile,0,0,0,0,0,1,0,0.0
2025-01-29,newsletter,email,CMP-000073,Lifecycle Winback NA 2024,mobile,0,1,0,0,0,0,0,0.0
2025-01-11,tiktok,paid_social,CMP-000009,REGIONAL EXPANSION NA 2025,desktop,0,1,0,0,0,0,0,0.0
2025-01-18,tiktok,paid_social,,enterprise_abm_global_fy25,mobile,1,0,0,0,0,0,0,0.0
2025-01-11,facebook,paid_social,CMP-000051,CREATOR SPARK NA 2024,desktop,0,1,0,0,0,0,0,0.0
2025-01-07,partner,referral,CMP-000056,Holiday Promotion Global 2025,mobile,0,1,0,0,0,0,0,0.0
2025-01-29,tiktok,paid_social,CMP-000049,RETARGETING EMEA FY25,mobile,1,0,0,0,0,0,0,0.0
2025-01-24,tiktok,paid_social,CMP-000020, Brand Search APAC 2024  ,mobile,1,0,0,0,0,0,0,0.0
2025-01-28,(direct),(none),CMP-000020,CREATOR SPARK GLOBAL 2025,mobile,0,1,0,0,0,0,0,0.0
2025-01-26,facebook,paid_social,CMP-000050,BRAND SEARCH APAC Q4,desktop,0,0,0,1,0,0,0,0.0
2025-01-11,google,cpc,CMP-000051,Cart Recovery NA 2025,tablet,1,0,0,0,0,0,0,0.0
2025-01-22,partner,referral,CMP-000019, Regional Expansion NA Q4  ,desktop,0,0,1,0,0,0,0,0.0
2025-01-10,facebook,paid_social,CMP-000014,Lifecycle Winback US FY25,mobile,0,0,1,0,0,0,0,0.0
2025-01-11,(direct),(none),CMP-000062,Lifecycle Winback EMEA 2025,mobile,0,0,0,0,1,0,0,0.0
2025-01-08,partner,referral,,Brand Search US 2024,mobile,1,0,0,0,0,0,0,0.0
2025-01-17,google,cpc,CMP-000048,ENTERPRISE ABM GLOBAL 2024,desktop,0,1,0,0,0,0,0,0.0
2025-01-02,tiktok,paid_social,CMP-000080,Lifecycle Winback Global Q4,mobile,1,0,0,0,0,0,0,0.0
2025-01-26,google,cpc,CMP-000020,Cart Recovery Global Q4,desktop,0,0,0,1,0,0,0,0.0
2025-01-12,newsletter,email,CMP-000010,Regional Expansion APAC 2024,desktop,1,0,0,0,0,0,0,0.0
2025-01-14,tiktok,paid_social,CMP-000001,Enterprise ABM APAC Q4,mobile,0,0,0,0,0,1,0,0.0
2025-01-02,google,cpc,CMP-000022,HOLIDAY PROMO EMEA 2024,desktop,0,0,1,0,0,0,0,0.0
2025-01-16,facebook,paid_social,CMP-000038,Enterprise ABM Global Q4,desktop,0,1,0,0,0,0,0,0.0
2025-01-14,google,cpc,, Cart Recovery Global FY25  ,mobile,0,1,0,0,0,0,0,0.0
2025-01-17,google,cpc,CMP-000021,Enterprise ABM NA 2024,desktop,0,1,0,0,0,0,0,0.0
2025-01-19,(direct),(none),CMP-000010,regional_expansion_apac_fy25,mobile,0,1,0,0,0,0,0,0.0
2025-01-10,google,cpc,CMP-000046, Retargeting APAC 2025  ,tablet,1,0,0,0,0,0,0,0.0
2025-01-09,facebook,paid_social,CMP-000018,Competitor Search US Q4,desktop,0,0,1,0,0,0,0,0.0
2025-01-29,tiktok,paid_social,CMP-000050,Competitor Search NA 2024,mobile,1,0,0,0,0,0,0,0.0
2025-01-14,tiktok,paid_social,,BRAND SEARCH NA Q4,mobile,1,0,0,0,0,0,0,0.0
2025-01-08,google,cpc,CMP-000078,Competitor SEM Global 2024,mobile,0,1,0,0,0,0,0,0.0
2025-01-14,google,cpc,CMP-000027, Product Launch APAC 2024  ,mobile,1,0,0,0,0,0,0,0.0
2025-01-18,newsletter,email,, Regional Expansion APAC 2024  ,mobile,1,0,0,0,0,0,0,0.0
2025-01-31,partner,referral,CMP-000003,Creator Spark US 2024,mobile,1,0,0,0,0,0,0,0.0
2025-01-16,google,cpc,CMP-000037,Competitor Search EMEA 2024,desktop,0,0,0,0,1,0,0,0.0
2025-01-09,newsletter,email,CMP-000036,HOLIDAY PROMO US FY25,mobile,1,0,0,0,0,0,0,0.0
2025-01-27,google,cpc,CMP-000031,brand_search_na_2025,desktop,0,1,0,0,0,0,0,0.0
2025-01-14,facebook,paid_social,CMP-000015,holiday_promo_emea_fy25,mobile,0,1,0,0,0,0,0,0.0
2025-01-13,google,cpc,, Cart Recovery Global 2024  ,desktop,0,1,0,0,0,0,0,0.0
2025-01-18,google,cpc,CMP-000068,Holiday Promotion US 2024,mobile,0,0,0,0,1,0,0,0.0
2025-01-28,(direct),(none),,enterprise_abm_us_q4,desktop,1,0,0,0,0,0,0,0.0
2025-01-08,tiktok,paid_social,CMP-000081,Creator Spark Global 2025,desktop,0,0,0,1,0,0,0,0.0
2025-01-11,facebook,paid_social,CMP-000009,PRODUCT LAUNCH APAC FY25,mobile,0,0,1,0,0,0,0,0.0
2025-01-04,google,cpc,CMP-000019,Enterprise ABM US 2025,mobile,0,0,1,0,0,0,0,0.0
2025-01-08,tiktok,paid_social,, Lifecycle Winback EMEA 2025  ,desktop,0,1,0,0,0,0,0,0.0
2025-01-25,google,cpc,CMP-000082,Retargeting US 2025,desktop,0,1,0,0,0,0,0,0.0
2025-01-26,partner,referral,CMP-000051, Retargeting EMEA Q4  ,mobile,0,1,0,0,0,0,0,0.0
2025-01-29,facebook,paid_social,CMP-000007,Regional Expansion Global 2024,desktop,0,1,0,0,0,0,0,0.0
2025-01-05,google,cpc,CMP-000027,Cart Recovery NA 2025,mobile,0,0,0,0,0,1,0,0.0
2025-01-22,facebook,paid_social,CMP-000033,Competitor SEM APAC Q4,mobile,0,1,0,0,0,0,0,0.0
2025-01-18,tiktok,paid_social,,lifecycle_winback_na_2025,tablet,0,0,0,0,0,1,0,0.0
2025-01-27,newsletter,email,CMP-000046,Holiday Promotion US Q4,mobile,0,0,0,0,0,0,1,1299.22
2025-01-16,google,cpc,CMP-000025, Retargeting NA FY25  ,mobile,0,1,0,0,0,0,0,0.0
2025-01-29,facebook,paid_social,CMP-000016,retargeting_emea_fy25,desktop,1,0,0,0,0,0,0,0.0
2025-01-23,partner,referral,CMP-000049,PRODUCT LAUNCH APAC FY25,mobile,0,1,0,0,0,0,0,0.0
2025-01-15,newsletter,email,CMP-000070,regional_expansion_na_2025,mobile,0,0,1,0,0,0,0,0.0
2025-01-30,google,cpc,CMP-000075, Regional Expansion EMEA 2024  ,mobile,0,0,1,0,0,0,0,0.0
2025-01-12,tiktok,paid_social,CMP-000033, Enterprise ABM NA FY25  ,desktop,0,1,0,0,0,0,0,0.0
2025-01-03,google,cpc,CMP-000007,Enterprise ABM NA 2025,mobile,0,0,1,0,0,0,0,0.0
2025-01-16,google,cpc,CMP-000059,CART RECOVERY APAC 2025,mobile,0,1,0,0,0,0,0,0.0
2025-01-13,google,cpc,,CART RECOVERY APAC 2024,mobile,1,0,0,0,0,0,0,0.0
2025-01-28,facebook,paid_social,CMP-000030,Enterprise ABM Global Q4,mobile,0,0,0,0,1,0,0,0.0
2025-01-09,newsletter,email,CMP-000061,Competitor Search EMEA Q4,desktop,0,0,0,0,0,0,1,684.34
2025-01-19,facebook,paid_social,CMP-000016, Brand Search NA Q4  ,desktop,0,1,0,0,0,0,0,0.0
2025-01-10,google,cpc,CMP-000040,cart_recovery_global_2024,desktop,0,0,1,0,0,0,0,0.0
2025-01-19,newsletter,email,CMP-000014, Retargeting NA 2025  ,desktop,0,0,0,1,0,0,0,0.0
2025-01-01,newsletter,email,CMP-000019,Retargeting US FY25,desktop,1,0,0,0,0,0,0,0.0
2025-01-20,newsletter,email,CMP-000019, Competitor Search Global FY25  ,mobile,0,0,1,0,0,0,0,0.0
2025-01-18,google,cpc,CMP-000032, Enterprise ABM US FY25  ,mobile,1,0,0,0,0,0,0,0.0
2025-01-05,(direct),(none),CMP-000070,Retargeting NA FY25,desktop,1,0,0,0,0,0,0,0.0
2025-01-31,(direct),(none),CMP-000057,Brand Search Global Q4,mobile,0,1,0,0,0,0,0,0.0
2025-01-11,facebook,paid_social,CMP-000045, Competitor Search EMEA 2024  ,desktop,0,1,0,0,0,0,0,0.0
2025-01-23,google,cpc,CMP-000083, Product Launch Global FY25  ,desktop,0,1,0,0,0,0,0,0.0
2025-01-11,(direct),(none),CMP-000046,Retargeting NA 2025,desktop,0,1,0,0,0,0,0,0.0
2025-01-16,facebook,paid_social,CMP-000018,HOLIDAY PROMO EMEA 2024,mobile,0,0,1,0,0,0,0,0.0
2025-01-30,google,cpc,, Enterprise ABM Global FY25  ,mobile,0,1,0,0,0,0,0,0.0
2025-01-03,tiktok,paid_social,CMP-000070,Retargeting EMEA 2024,mobile,0,0,0,1,0,0,0,0.0
2025-01-05,google,cpc,CMP-000025,Regional Expansion APAC FY25,mobile,0,1,0,0,0,0,0,0.0
2025-01-18,facebook,paid_social,CMP-000074,HOLIDAY PROMO APAC 2025,desktop,0,1,0,0,0,0,0,0.0
2025-01-23,facebook,paid_social,CMP-000082, Brand Search Global FY25  ,desktop,0,0,0,1,0,0,0,0.0
2025-01-21,tiktok,paid_social,CMP-000041,Lifecycle Winback APAC FY25,mobile,0,0,1,0,0,0,0,0.0
2025-01-21,tiktok,paid_social,CMP-000043,HOLIDAY PROMO GLOBAL FY25,mobile,1,0,0,0,0,0,0,0.0
2025-01-10,google,cpc,,Enterprise ABM NA Q4,desktop,1,0,0,0,0,0,0,0.0
2025-01-31,newsletter,email,CMP-000082,competitor_search_na_q4,desktop,0,1,0,0,0,0,0,0.0
2025-01-02,(direct),(none),CMP-000079,lifecycle_winback_global_2025,desktop,0,1,0,0,0,0,0,0.0
2025-01-13,(direct),(none),CMP-000042,RETARGETING APAC 2025,desktop,1,0,0,0,0,0,0,0.0
2025-01-18,google,cpc,CMP-000067,Cart Recovery APAC Q4,mobile,0,0,0,1,0,0,0,0.0
2025-01-09,google,cpc,CMP-000064,PRODUCT LAUNCH US Q4,desktop,1,0,0,0,0,0,0,0.0
2025-01-26,google,cpc,CMP-000027,retargeting_us_q4,mobile,0,0,1,0,0,0,0,0.0
2025-01-29,google,cpc,CMP-000053,Holiday Promotion NA 2025,mobile,0,0,0,0,1,0,0,0.0
2025-01-25,facebook,paid_social,CMP-000007,HOLIDAY PROMO US 2025,tablet,0,1,0,0,0,0,0,0.0
2025-01-30,google,cpc,CMP-000045,LIFECYCLE WINBACK APAC FY25,desktop,1,0,0,0,0,0,0,0.0
2025-01-24,tiktok,paid_social,CMP-000032, Competitor Search NA 2024  ,mobile,0,0,1,0,0,0,0,0.0
2025-01-05,google,cpc,CMP-000043,regional_expansion_us_fy25,tablet,0,1,0,0,0,0,0,0.0
2025-01-10,facebook,paid_social,,competitor_search_global_fy25,mobile,0,1,0,0,0,0,0,0.0
2025-01-21,facebook,paid_social,CMP-000011,Enterprise ABM NA 2024,mobile,0,0,0,1,0,0,0,0.0
2025-01-22,google,cpc,CMP-000050,creator_spark_apac_2024,mobile,0,0,1,0,0,0,0,0.0
2025-01-15,google,cpc,CMP-000065,Regional Expansion US 2024,mobile,1,0,0,0,0,0,0,0.0
2025-01-24,newsletter,email,CMP-000067,Lifecycle Winback APAC 2024,desktop,0,0,1,0,0,0,0,0.0
2025-01-05,facebook,paid_social,CMP-000048,competitor_search_global_fy25,mobile,0,0,0,1,0,0,0,0.0
2025-01-06,(direct),(none),CMP-000057,regional_expansion_emea_2025,desktop,0,1,0,0,0,0,0,0.0
2025-01-01,partner,referral,CMP-000055,CREATOR SPARK GLOBAL FY25,mobile,0,1,0,0,0,0,0,0.0
2025-01-17,google,cpc,CMP-000043,retargeting_global_2024,mobile,1,0,0,0,0,0,0,0.0
2025-01-30,google,cpc,,Holiday Promotion EMEA Q4,desktop,1,0,0,0,0,0,0,0.0
2025-01-19,google,cpc,CMP-000083,Lifecycle Winback APAC 2024,mobile,0,0,1,0,0,0,0,0.0
2025-01-02,facebook,paid_social,CMP-000021,HOLIDAY PROMO EMEA 2024,desktop,0,0,1,0,0,0,0,0.0
2025-01-19,tiktok,paid_social,CMP-000036,product_launch_emea_2024,desktop,0,1,0,0,0,0,0,0.0
2025-01-02,google,cpc,CMP-000034,Brand Search NA 2025,mobile,0,0,0,0,0,1,0,0.0
2025-01-17,google,cpc,CMP-000065,Holiday Promo NA Q4,mobile,0,0,0,0,0,0,1,275.56
2025-01-20,tiktok,paid_social,CMP-000045,Holiday Promotion NA 2025,desktop,0,1,0,0,0,0,0,0.0
2025-01-05,newsletter,email,CMP-000059,Product Launch APAC 2024,desktop,0,1,0,0,0,0,0,0.0
2025-01-07,facebook,paid_social,CMP-000067,product_launch_apac_q4,mobile,0,1,0,0,0,0,0,0.0
2025-01-19,facebook,paid_social,CMP-000042,Lifecycle Winback APAC Q4,desktop,1,0,0,0,0,0,0,0.0
2025-01-20,tiktok,paid_social,,Holiday Promo NA 2025,mobile,0,0,0,0,1,0,0,0.0
2025-01-30,google,cpc,CMP-000046,HOLIDAY PROMO EMEA Q4,tablet,0,0,0,0,0,1,0,0.0
2025-01-18,facebook,paid_social,CMP-000019,Regional Expansion Global FY25,mobile,0,1,0,0,0,0,0,0.0
2025-01-08,google,cpc,CMP-000058,holiday_promo_na_q4,mobile,0,0,1,0,0,0,0,0.0
2025-01-03,google,cpc,CMP-000026,regional_expansion_us_2024,mobile,0,1,0,0,0,0,0,0.0
2025-01-02,google,cpc,CMP-000005, Creator Spark Global FY25  ,desktop,0,0,0,0,0,1,0,0.0
2025-01-21,newsletter,email,CMP-000049,HOLIDAY PROMO GLOBAL FY25,mobile,0,1,0,0,0,0,0,0.0
2025-01-14,newsletter,email,CMP-000030,regional_expansion_global_q4,mobile,0,1,0,0,0,0,0,0.0
2025-01-14,facebook,paid_social,CMP-000046,Cart Recovery APAC FY25,tablet,0,1,0,0,0,0,0,0.0
2025-01-13,facebook,paid_social,CMP-000080,HOLIDAY PROMO APAC FY25,desktop,0,0,0,0,1,0,0,0.0
2025-01-16,google,cpc,CMP-000077,Holiday Promotion EMEA 2024,mobile,0,1,0,0,0,0,0,0.0
2025-01-17,facebook,paid_social,CMP-000058,Creator Spark Global Q4,mobile,0,0,0,1,0,0,0,0.0
2025-01-08,google,cpc,CMP-000054,product_launch_global_q4,mobile,0,1,0,0,0,0,0,0.0
2025-01-22,google,cpc,CMP-000007,retargeting_us_q4,mobile,1,0,0,0,0,0,0,0.0
2025-01-05,google,cpc,CMP-000031, Competitor Search US 2024  ,mobile,0,0,1,0,0,0,0,0.0
2025-01-02,google,cpc,CMP-000035,PRODUCT LAUNCH NA 2024,mobile,0,0,0,0,0,0,1,1074.01
2025-01-08,(direct),(none),, Competitor Search Global FY25  ,desktop,0,0,0,0,0,1,0,0.0
2025-01-20,facebook,paid_social,CMP-000032,brand_search_us_2025,desktop,0,1,0,0,0,0,0,0.0
2025-01-08,facebook,paid_social,CMP-000036,CART RECOVERY NA Q4,tablet,0,1,0,0,0,0,0,0.0
2025-01-21,(direct),(none),CMP-000006,CART RECOVERY EMEA Q4,mobile,0,0,0,0,1,0,0,0.0
2025-01-17,google,cpc,CMP-000073,cart_recovery_na_2024,mobile,0,0,0,0,0,0,1,1198.64
2025-01-02,newsletter,email,CMP-000001,competitor_search_na_q4,mobile,1,0,0,0,0,0,0,0.0
2025-01-07,facebook,paid_social,,COMPETITOR SEARCH EMEA Q4,desktop,0,1,0,0,0,0,0,0.0
2025-01-27,facebook,paid_social,CMP-000037,Regional Expansion EMEA 2025,mobile,0,0,0,0,0,0,1,1359.72
2025-01-21,newsletter,email,,PRODUCT LAUNCH GLOBAL Q4,desktop,0,0,1,0,0,0,0,0.0
2025-01-04,google,cpc,CMP-000080, Holiday Promo APAC Q4  ,desktop,0,1,0,0,0,0,0,0.0
2025-01-13,(direct),(none),,Competitor Search APAC Q4,mobile,0,1,0,0,0,0,0,0.0
2025-01-07,facebook,paid_social,CMP-000015,retargeting_global_q4,mobile,1,0,0,0,0,0,0,0.0
2025-01-08,google,cpc,CMP-000039, Product Launch EMEA 2025  ,mobile,1,0,0,0,0,0,0,0.0
2025-01-28,google,cpc,CMP-000040,REGIONAL EXPANSION EMEA FY25,desktop,0,1,0,0,0,0,0,0.0
2025-01-08,google,cpc,,Competitor SEM APAC 2025,mobile,0,0,0,1,0,0,0,0.0
2025-01-29,facebook,paid_social,CMP-000063, Brand Search US 2025  ,mobile,0,0,1,0,0,0,0,0.0
2025-01-26,google,cpc,CMP-000070, Enterprise ABM US 2025  ,desktop,0,1,0,0,0,0,0,0.0
2025-01-12,google,cpc,CMP-000064,cart_recovery_na_fy25,desktop,0,1,0,0,0,0,0,0.0
2025-01-28,tiktok,paid_social,CMP-000076,Regional Expansion US 2025,mobile,0,1,0,0,0,0,0,0.0
2025-01-21,tiktok,paid_social,CMP-000067, Enterprise ABM APAC 2024  ,mobile,0,0,1,0,0,0,0,0.0
2025-01-11,tiktok,paid_social,CMP-000070,Holiday Promotion NA Q4,desktop,1,0,0,0,0,0,0,0.0
2025-01-02,facebook,paid_social,CMP-000035,Enterprise ABM Global FY25,desktop,0,1,0,0,0,0,0,0.0
2025-01-28,facebook,paid_social,CMP-000006,COMPETITOR SEARCH US FY25,tablet,0,1,0,0,0,0,0,0.0
2025-01-20,google,cpc,CMP-000012,Enterprise ABM NA 2025,desktop,0,0,0,1,0,0,0,0.0
2025-01-25,google,cpc,CMP-000032,ENTERPRISE ABM APAC Q4,mobile,1,0,0,0,0,0,0,0.0
2025-01-04,(direct),(none),CMP-000011,CART RECOVERY APAC FY25,mobile,0,0,0,1,0,0,0,0.0
2025-01-23,facebook,paid_social,CMP-000035,holiday_promo_us_2025,mobile,0,0,0,0,1,0,0,0.0
2025-01-10,newsletter,email,,creator_spark_emea_2025,mobile,0,0,0,0,1,0,0,0.0
2025-01-04,google,cpc,CMP-000012, Cart Recovery Global Q4  ,mobile,0,1,0,0,0,0,0,0.0
2025-01-05,google,cpc,,ENTERPRISE ABM EMEA 2025,mobile,0,0,0,0,1,0,0,0.0
2025-01-09,google,cpc,CMP-000021,Cart Recovery APAC Q4,mobile,0,0,0,0,1,0,0,0.0
2025-01-19,google,cpc,CMP-000030,regional_expansion_us_fy25,mobile,0,0,0,1,0,0,0,0.0
2025-01-15,newsletter,email,CMP-000016,Creator Spark APAC 2025,mobile,0,0,1,0,0,0,0,0.0
2025-01-28,google,cpc,CMP-000044,LIFECYCLE WINBACK APAC 2025,mobile,0,0,1,0,0,0,0,0.0
2025-01-23,google,cpc,CMP-000004,brand_search_na_2024,mobile,0,1,0,0,0,0,0,0.0
2025-01-12,facebook,paid_social,CMP-000056, Brand Search APAC 2024  ,mobile,0,0,1,0,0,0,0,0.0
2025-01-09,partner,referral,CMP-000051, Competitor Search NA Q4  ,mobile,0,0,0,0,1,0,0,0.0
2025-01-01,tiktok,paid_social,CMP-000081, Holiday Promo NA 2025  ,mobile,0,0,0,0,0,0,1,652.04
2025-01-20,google,cpc,CMP-000036,brand_search_na_q4,mobile,0,0,0,0,1,0,0,0.0
2025-01-13,google,cpc,CMP-000067,competitor_search_global_2025,desktop,0,0,1,0,0,0,0,0.0
2025-01-25,newsletter,email,,Enterprise ABM Global 2024,mobile,0,0,0,1,0,0,0,0.0
2025-01-08,facebook,paid_social,CMP-000016,Enterprise ABM Global 2024,desktop,0,0,1,0,0,0,0,0.0
2025-01-18,(direct),(none),CMP-000057,retargeting_emea_2025,desktop,0,0,0,0,0,0,1,913.87
2025-01-23,google,cpc,CMP-000009,Regional Expansion US 2024,mobile,0,1,0,0,0,0,0,0.0
2025-01-22,newsletter,email,CMP-000022,Regional Expansion APAC FY25,mobile,1,0,0,0,0,0,0,0.0
2025-01-08,google,cpc,CMP-000012, Retargeting APAC FY25  ,desktop,0,1,0,0,0,0,0,0.0
2025-01-08,newsletter,email,CMP-000036,Creator Spark Global FY25,desktop,1,0,0,0,0,0,0,0.0
2025-01-02,google,cpc,CMP-000004, Cart Recovery US Q4  ,mobile,0,0,1,0,0,0,0,0.0
2025-01-22,newsletter,email,CMP-000054,cart_recovery_us_q4,mobile,0,0,0,0,1,0,0,0.0
2025-01-04,newsletter,email,CMP-000047,cart_recovery_na_2025,desktop,0,1,0,0,0,0,0,0.0
2025-01-24,(direct),(none),CMP-000010,creator_spark_global_q4,mobile,0,0,1,0,0,0,0,0.0
2025-01-21,google,cpc,CMP-000039,creator_spark_us_q4,mobile,0,1,0,0,0,0,0,0.0
2025-01-02,facebook,paid_social,CMP-000019,competitor_search_global_2025,desktop,0,1,0,0,0,0,0,0.0
2025-01-12,google,cpc,CMP-000028,Lifecycle Winback APAC 2025,desktop,0,0,1,0,0,0,0,0.0
2025-01-18,google,cpc,CMP-000016,Holiday Promotion Global Q4,desktop,0,1,0,0,0,0,0,0.0
2025-01-26,google,cpc,CMP-000015,PRODUCT LAUNCH NA 2024,tablet,0,0,0,1,0,0,0,0.0
2025-01-26,newsletter,email,CMP-000011,LIFECYCLE WINBACK APAC Q4,tablet,0,1,0,0,0,0,0,0.0
2025-01-29,google,cpc,CMP-000058, Lifecycle Winback US 2024  ,mobile,0,1,0,0,0,0,0,0.0
2025-01-03,google,cpc,CMP-000075, Competitor Search NA Q4  ,tablet,0,0,0,0,0,1,0,0.0
2025-01-13,facebook,paid_social,CMP-000018,cart_recovery_na_2024,desktop,0,1,0,0,0,0,0,0.0
2025-01-07,facebook,paid_social,CMP-000012, Lifecycle Winback EMEA FY25  ,tablet,0,0,0,1,0,0,0,0.0
2025-01-02,(direct),(none),CMP-000071,Product Launch NA FY25,mobile,0,0,1,0,0,0,0,0.0
2025-01-30,google,cpc,CMP-000071,creator_spark_us_fy25,mobile,0,0,1,0,0,0,0,0.0
2025-01-01,google,cpc,CMP-000024,Product Launch NA FY25,mobile,1,0,0,0,0,0,0,0.0
2025-01-05,tiktok,paid_social,,Competitor Search APAC FY25,mobile,1,0,0,0,0,0,0,0.0
2025-01-22,facebook,paid_social,CMP-000057, Regional Expansion APAC 2025  ,desktop,0,1,0,0,0,0,0,0.0
2025-01-26,google,cpc,CMP-000051,BRAND SEARCH US Q4,mobile,0,0,1,0,0,0,0,0.0
2025-01-13,newsletter,email,CMP-000003,Competitor Search US FY25,mobile,0,1,0,0,0,0,0,0.0
2025-01-17,tiktok,paid_social,,PRODUCT LAUNCH GLOBAL 2025,mobile,0,0,1,0,0,0,0,0.0
2025-01-06,facebook,paid_social,CMP-000064,Enterprise ABM EMEA 2024,tablet,0,0,0,1,0,0,0,0.0
2025-01-15,tiktok,paid_social,,Competitor SEM EMEA 2024,desktop,0,0,0,1,0,0,0,0.0
2025-01-25,tiktok,paid_social,CMP-000071,RETARGETING EMEA Q4,mobile,0,1,0,0,0,0,0,0.0
2025-01-12,facebook,paid_social,CMP-000038,creator_spark_us_fy25,mobile,1,0,0,0,0,0,0,0.0
2025-01-27,google,cpc,CMP-000013,Cart Recovery NA 2024,mobile,0,0,0,0,1,0,0,0.0
2025-01-06,google,cpc,CMP-000071,Product Launch Global Q4,mobile,1,0,0,0,0,0,0,0.0
2025-01-15,(direct),(none),CMP-000022,Retargeting US Q4,desktop,0,0,1,0,0,0,0,0.0
2025-01-23,facebook,paid_social,CMP-000040,retargeting_us_2024,mobile,0,1,0,0,0,0,0,0.0
2025-01-07,facebook,paid_social,CMP-000007,Brand SEM EMEA Q4,desktop,0,1,0,0,0,0,0,0.0
2025-01-11,google,cpc,CMP-000063, Product Launch NA FY25  ,mobile,0,1,0,0,0,0,0,0.0
2025-01-29,newsletter,email,CMP-000007, Retargeting Global 2025  ,mobile,0,0,0,0,0,0,1,1039.14
2025-01-01,google,cpc,CMP-000032,Holiday Promotion APAC 2024,desktop,1,0,0,0,0,0,0,0.0
2025-01-11,facebook,paid_social,CMP-000049,Brand Search NA 2025,desktop,0,0,0,1,0,0,0,0.0
2025-01-13,google,cpc,CMP-000044,Product Launch US FY25,desktop,0,0,0,0,1,0,0,0.0
2025-01-21,newsletter,email,CMP-000037, Retargeting NA FY25  ,mobile,0,0,0,1,0,0,0,0.0
2025-01-26,google,cpc,,BRAND SEARCH NA 2024,desktop,0,0,1,0,0,0,0,0.0
2025-01-15,tiktok,paid_social,CMP-000062,enterprise_abm_apac_q4,mobile,0,0,1,0,0,0,0,0.0
2025-01-18,newsletter,email,CMP-000059, Cart Recovery US FY25  ,mobile,0,1,0,0,0,0,0,0.0
2025-01-04,newsletter,email,CMP-000058,CREATOR SPARK NA 2025,desktop,0,1,0,0,0,0,0,0.0
2025-01-01,google,cpc,CMP-000023,Product Launch EMEA FY25,desktop,1,0,0,0,0,0,0,0.0
2025-01-17,facebook,paid_social,,Enterprise ABM NA Q4,mobile,0,1,0,0,0,0,0,0.0
2025-01-28,facebook,paid_social,CMP-000079,Cart Recovery NA Q4,mobile,0,0,0,1,0,0,0,0.0
2025-01-20,tiktok,paid_social,CMP-000062,PRODUCT LAUNCH US 2025,mobile,0,1,0,0,0,0,0,0.0
2025-01-07,tiktok,paid_social,CMP-000028, Competitor Search APAC 2024  ,mobile,0,1,0,0,0,0,0,0.0
2025-01-25,partner,referral,CMP-000012,Product Launch EMEA 2025,tablet,0,1,0,0,0,0,0,0.0
2025-01-02,google,cpc,CMP-000061,Regional Expansion US 2025,tablet,0,0,1,0,0,0,0,0.0
2025-01-31,google,cpc,CMP-000044,Competitor Search APAC Q4,tablet,0,0,0,0,0,0,1,920.43
2025-01-21,tiktok,paid_social,CMP-000080,Competitor Search Global 2025,desktop,0,1,0,0,0,0,0,0.0
2025-01-20,google,cpc,CMP-000025, Brand Search Global Q4  ,tablet,1,0,0,0,0,0,0,0.0
2025-01-12,tiktok,paid_social,CMP-000022,Brand Search NA 2025,desktop,0,0,0,0,0,1,0,0.0
2025-01-31,google,cpc,CMP-000012,Cart Recovery NA FY25,tablet,0,1,0,0,0,0,0,0.0
2025-01-04,google,cpc,,Product Launch US 2024,mobile,0,0,1,0,0,0,0,0.0
2025-01-16,newsletter,email,CMP-000061,PRODUCT LAUNCH US 2025,mobile,0,0,1,0,0,0,0,0.0
2025-01-06,google,cpc,, Lifecycle Winback EMEA Q4  ,mobile,0,0,1,0,0,0,0,0.0
2025-01-03,google,cpc,, Brand Search US 2024  ,desktop,0,0,1,0,0,0,0,0.0
2025-01-31,facebook,paid_social,CMP-000035,PRODUCT LAUNCH APAC FY25,desktop,0,0,1,0,0,0,0,0.0
2025-01-01,tiktok,paid_social,, Enterprise ABM NA FY25  ,desktop,0,0,0,1,0,0,0,0.0
2025-01-26,(direct),(none),CMP-000081,Enterprise ABM APAC 2024,mobile,0,1,0,0,0,0,0,0.0
2025-01-11,(direct),(none),CMP-000002,COMPETITOR SEARCH GLOBAL Q4,mobile,0,1,0,0,0,0,0,0.0
2025-01-07,(direct),(none),CMP-000064,product_launch_emea_fy25,tablet,1,0,0,0,0,0,0,0.0
2025-01-07,google,cpc,,RETARGETING GLOBAL FY25,desktop,0,0,1,0,0,0,0,0.0
2025-01-23,tiktok,paid_social,CMP-000057,Enterprise ABM US Q4,mobile,0,0,1,0,0,0,0,0.0
2025-01-15,google,cpc,,LIFECYCLE WINBACK EMEA 2024,mobile,0,1,0,0,0,0,0,0.0
2025-01-12,partner,referral,CMP-000074,regional_expansion_apac_2025,mobile,0,1,0,0,0,0,0,0.0
2025-01-14,tiktok,paid_social,CMP-000059,Cart Recovery US FY25,desktop,0,0,0,0,1,0,0,0.0
2025-01-20,google,cpc,CMP-000064, Lifecycle Winback NA 2025  ,mobile,1,0,0,0,0,0,0,0.0
2025-01-24,google,cpc,CMP-000033,LIFECYCLE WINBACK US Q4,mobile,0,0,1,0,0,0,0,0.0
2025-01-22,facebook,paid_social,CMP-000039,competitor_search_na_2024,desktop,0,0,1,0,0,0,0,0.0
2025-01-15,google,cpc,,Holiday Promo APAC 2024,mobile,0,1,0,0,0,0,0,0.0
2025-01-15,facebook,paid_social,CMP-000050, Regional Expansion APAC 2025  ,mobile,0,0,0,0,1,0,0,0.0
2025-01-15,google,cpc,CMP-000041, Creator Spark APAC 2025  ,mobile,0,1,0,0,0,0,0,0.0
2025-01-18,tiktok,paid_social,CMP-000082, Product Launch NA FY25  ,desktop,0,0,1,0,0,0,0,0.0
2025-01-31,google,cpc,CMP-000047, Lifecycle Winback Global 2024  ,desktop,1,0,0,0,0,0,0,0.0
2025-01-21,google,cpc,CMP-000015,Regional Expansion US 2025,tablet,0,1,0,0,0,0,0,0.0
2025-01-19,tiktok,paid_social,CMP-000034,Creator Spark Global FY25,desktop,0,1,0,0,0,0,0,0.0
2025-01-13,google,cpc,CMP-000037,Product Launch APAC 2024,desktop,1,0,0,0,0,0,0,0.0
2025-01-18,facebook,paid_social,CMP-000052,Product Launch NA 2024,tablet,0,1,0,0,0,0,0,0.0
2025-01-25,facebook,paid_social,,Regional Expansion Global FY25,mobile,0,1,0,0,0,0,0,0.0
2025-01-30,google,cpc,CMP-000049,retargeting_global_q4,mobile,0,1,0,0,0,0,0,0.0
2025-01-15,tiktok,paid_social,,Lifecycle Winback EMEA FY25,mobile,0,0,1,0,0,0,0,0.0
2025-01-15,facebook,paid_social,CMP-000010,brand_search_apac_2025,mobile,1,0,0,0,0,0,0,0.0
2025-01-31,(direct),(none),CMP-000040,retargeting_us_2024,mobile,0,1,0,0,0,0,0,0.0
2025-01-19,google,cpc,CMP-000061,holiday_promo_apac_fy25,mobile,0,0,1,0,0,0,0,0.0
2025-01-28,google,cpc,CMP-000022,PRODUCT LAUNCH US Q4,desktop,0,1,0,0,0,0,0,0.0
2025-01-21,google,cpc,CMP-000042,Competitor Search NA 2024,desktop,0,1,0,0,0,0,0,0.0
2025-01-29,google,cpc,CMP-000034,enterprise_abm_global_2024,mobile,0,1,0,0,0,0,0,0.0
2025-01-29,google,cpc,,LIFECYCLE WINBACK APAC Q4,mobile,0,1,0,0,0,0,0,0.0
2025-01-20,google,cpc,CMP-000012,HOLIDAY PROMO NA Q4,tablet,0,1,0,0,0,0,0,0.0
2025-01-11,(direct),(none),CMP-000042,Regional Expansion US 2025,tablet,0,0,0,0,0,1,0,0.0
2025-01-10,newsletter,email,CMP-000009,creator_spark_na_fy25,mobile,1,0,0,0,0,0,0,0.0
2025-01-27,facebook,paid_social,CMP-000004,Lifecycle Winback EMEA 2024,tablet,0,1,0,0,0,0,0,0.0
2025-01-04,google,cpc,CMP-000034,Product Launch EMEA Q4,desktop,0,0,1,0,0,0,0,0.0
2025-01-29,newsletter,email,CMP-000064,Regional Expansion NA FY25,desktop,0,0,1,0,0,0,0,0.0
2025-01-09,google,cpc,CMP-000009,Cart Recovery Global Q4,mobile,1,0,0,0,0,0,0,0.0
2025-01-16,newsletter,email,CMP-000026,Cart Recovery US Q4,mobile,0,1,0,0,0,0,0,0.0
2025-01-02,tiktok,paid_social,,CART RECOVERY APAC 2024,desktop,1,0,0,0,0,0,0,0.0
2025-01-15,google,cpc,CMP-000067,CART RECOVERY EMEA FY25,mobile,1,0,0,0,0,0,0,0.0
2025-01-23,google,cpc,,Product Launch Global Q4,desktop,0,1,0,0,0,0,0,0.0
2025-01-11,google,cpc,CMP-000037,competitor_search_na_fy25,mobile,0,0,0,0,0,0,1,576.88
2025-01-29,google,cpc,CMP-000074,Competitor Search APAC 2024,desktop,0,0,1,0,0,0,0,0.0
2025-01-07,google,cpc,,ENTERPRISE ABM GLOBAL Q4,desktop,0,0,1,0,0,0,0,0.0
2025-01-25,tiktok,paid_social,CMP-000057,cart_recovery_na_q4,desktop,1,0,0,0,0,0,0,0.0
2025-01-20,google,cpc,CMP-000057, Competitor Search US 2025  ,mobile,0,0,0,0,0,1,0,0.0
2025-01-21,facebook,paid_social,CMP-000056,REGIONAL EXPANSION GLOBAL 2025,desktop,0,1,0,0,0,0,0,0.0
2025-01-21,google,cpc,CMP-000044,HOLIDAY PROMO GLOBAL 2024,desktop,0,0,0,0,0,0,1,384.07
2025-01-13,google,cpc,CMP-000042,Creator Spark Global 2024,desktop,1,0,0,0,0,0,0,0.0
2025-01-30,newsletter,email,CMP-000045,creator_spark_na_fy25,desktop,0,0,1,0,0,0,0,0.0
2025-01-19,facebook,paid_social,CMP-000004,Lifecycle Winback EMEA FY25,mobile,1,0,0,0,0,0,0,0.0
2025-01-02,tiktok,paid_social,CMP-000065,Enterprise ABM NA 2024,mobile,0,0,0,0,1,0,0,0.0
2025-01-23,tiktok,paid_social,CMP-000023,Enterprise ABM NA FY25,mobile,0,0,1,0,0,0,0,0.0
2025-01-18,facebook,paid_social,,CART RECOVERY US Q4,desktop,0,0,0,0,0,1,0,0.0
2025-01-08,facebook,paid_social,CMP-000030, Lifecycle Winback US FY25  ,desktop,0,0,0,1,0,0,0,0.0
2025-01-31,(direct),(none),CMP-000060, Holiday Promo Global Q4  ,desktop,1,0,0,0,0,0,0,0.0
2025-01-26,facebook,paid_social,CMP-000037,retargeting_us_fy25,desktop,1,0,0,0,0,0,0,0.0
2025-01-26,newsletter,email,CMP-000034,PRODUCT LAUNCH EMEA 2025,desktop,0,1,0,0,0,0,0,0.0
2025-01-04,facebook,paid_social,CMP-000050,brand_search_emea_2025,desktop,0,1,0,0,0,0,0,0.0
2025-01-22,google,cpc,CMP-000012,Holiday Promotion NA FY25,desktop,0,0,1,0,0,0,0,0.0
2025-01-17,tiktok,paid_social,CMP-000079, Regional Expansion Global FY25  ,mobile,0,1,0,0,0,0,0,0.0
2025-01-06,google,cpc,CMP-000019,Enterprise ABM APAC 2024,tablet,0,0,1,0,0,0,0,0.0
2025-01-22,partner,referral,,PRODUCT LAUNCH APAC Q4,tablet,0,1,0,0,0,0,0,0.0
2025-01-04,facebook,paid_social,CMP-000020,ENTERPRISE ABM EMEA FY25,mobile,0,1,0,0,0,0,0,0.0
2025-01-18,google,cpc,CMP-000057,Competitor SEM EMEA 2025,desktop,0,1,0,0,0,0,0,0.0
2025-01-19,google,cpc,CMP-000010,Retargeting US 2024,desktop,0,0,1,0,0,0,0,0.0
2025-01-22,newsletter,email,CMP-000028,Creator Spark APAC FY25,mobile,0,1,0,0,0,0,0,0.0
2025-01-12,google,cpc,CMP-000077,PRODUCT LAUNCH EMEA FY25,desktop,0,0,1,0,0,0,0,0.0
2025-01-04,(direct),(none),CMP-000046,product_launch_emea_2025,mobile,0,0,0,0,0,1,0,0.0
2025-01-06,google,cpc,CMP-000080, Holiday Promo NA 2025  ,mobile,0,0,1,0,0,0,0,0.0
2025-01-17,facebook,paid_social,CMP-000079,creator_spark_global_q4,tablet,0,0,0,0,1,0,0,0.0
2025-01-05,facebook,paid_social,CMP-000029,Brand Search APAC FY25,desktop,0,1,0,0,0,0,0,0.0
2025-01-05,google,cpc,CMP-000012,CART RECOVERY APAC FY25,mobile,0,0,0,0,0,0,1,547.79
2025-01-14,facebook,paid_social,CMP-000008,ENTERPRISE ABM US FY25,mobile,0,0,0,0,0,1,0,0.0
2025-01-13,google,cpc,CMP-000063, Brand Search EMEA Q4  ,mobile,0,1,0,0,0,0,0,0.0
2025-01-04,facebook,paid_social,CMP-000015, Retargeting Global FY25  ,desktop,0,0,1,0,0,0,0,0.0
2025-01-17,facebook,paid_social,CMP-000017,Brand SEM US FY25,mobile,0,0,0,0,0,0,1,1046.48
2025-01-31,(direct),(none),CMP-000059,PRODUCT LAUNCH GLOBAL FY25,desktop,0,1,0,0,0,0,0,0.0
2025-01-05,tiktok,paid_social,,Retargeting NA FY25,mobile,1,0,0,0,0,0,0,0.0
2025-01-22,google,cpc,CMP-000033, Retargeting NA FY25  ,tablet,0,1,0,0,0,0,0,0.0
2025-01-31,newsletter,email,CMP-000065,REGIONAL EXPANSION GLOBAL Q4,desktop,0,0,1,0,0,0,0,0.0
2025-01-10,facebook,paid_social,CMP-000047,PRODUCT LAUNCH EMEA Q4,mobile,0,1,0,0,0,0,0,0.0
2025-01-26,google,cpc,CMP-000011,Lifecycle Winback Global Q4,desktop,0,1,0,0,0,0,0,0.0
2025-01-23,tiktok,paid_social,,Product Launch Global 2024,desktop,0,1,0,0,0,0,0,0.0
2025-01-19,google,cpc,CMP-000014,creator_spark_us_2024,desktop,0,0,0,0,0,0,1,640.11
2025-01-26,newsletter,email,CMP-000004,Brand SEM APAC Q4,mobile,0,0,0,0,0,1,0,0.0
2025-01-16,newsletter,email,CMP-000025,Competitor SEM NA 2025,mobile,1,0,0,0,0,0,0,0.0
2025-01-02,tiktok,paid_social,CMP-000081,LIFECYCLE WINBACK NA Q4,desktop,0,0,0,0,1,0,0,0.0
2025-01-27,facebook,paid_social,CMP-000074, Regional Expansion Global FY25  ,mobile,1,0,0,0,0,0,0,0.0
2025-01-17,google,cpc,CMP-000022,Enterprise ABM Global Q4,mobile,0,1,0,0,0,0,0,0.0
2025-01-31,(direct),(none),CMP-000010,Enterprise ABM US Q4,mobile,0,0,0,0,1,0,0,0.0
2025-01-25,facebook,paid_social,CMP-000072,Cart Recovery NA 2025,mobile,0,1,0,0,0,0,0,0.0
2025-01-23,google,cpc,CMP-000048,Retargeting EMEA 2025,mobile,0,0,0,0,0,0,1,765.34
2025-01-07,google,cpc,CMP-000013,Creator Spark US 2024,desktop,0,1,0,0,0,0,0,0.0
2025-01-12,partner,referral,CMP-000057,REGIONAL EXPANSION APAC 2024,mobile,0,0,0,0,0,1,0,0.0
2025-01-20,google,cpc,CMP-000003,Product Launch APAC Q4,mobile,0,0,0,0,0,0,1,1597.44
2025-01-12,newsletter,email,CMP-000074, Cart Recovery US 2025  ,desktop,0,0,0,1,0,0,0,0.0
2025-01-16,facebook,paid_social,CMP-000043,cart_recovery_na_fy25,desktop,1,0,0,0,0,0,0,0.0
2025-01-07,google,cpc,CMP-000054,Holiday Promo EMEA 2024,desktop,0,1,0,0,0,0,0,0.0
2025-01-19,(direct),(none),CMP-000031,competitor_search_global_2025,mobile,0,1,0,0,0,0,0,0.0
2025-01-15,partner,referral,,RETARGETING GLOBAL 2025,mobile,0,1,0,0,0,0,0,0.0
2025-01-12,facebook,paid_social,CMP-000017, Product Launch US 2024  ,mobile,0,0,0,0,1,0,0,0.0
2025-01-23,google,cpc,,RETARGETING NA Q4,mobile,0,1,0,0,0,0,0,0.0
2025-01-08,(direct),(none),CMP-000065,Holiday Promotion Global 2024,mobile,0,1,0,0,0,0,0,0.0
2025-01-11,google,cpc,CMP-000020,Competitor SEM US Q4,mobile,1,0,0,0,0,0,0,0.0
2025-01-04,google,cpc,CMP-000007, Holiday Promo US 2025  ,mobile,0,1,0,0,0,0,0,0.0
2025-01-21,facebook,paid_social,CMP-000034,Cart Recovery Global 2024,desktop,0,1,0,0,0,0,0,0.0
2025-01-21,google,cpc,CMP-000060,Lifecycle Winback US Q4,mobile,0,0,0,0,1,0,0,0.0
2025-01-31,newsletter,email,CMP-000015,Regional Expansion US Q4,desktop,0,0,0,1,0,0,0,0.0
2025-01-14,google,cpc,CMP-000020,lifecycle_winback_na_q4,desktop,0,1,0,0,0,0,0,0.0
2025-01-17,newsletter,email,CMP-000018,Cart Recovery NA 2025,desktop,0,1,0,0,0,0,0,0.0
2025-01-10,google,cpc,CMP-000034,Regional Expansion EMEA Q4,mobile,0,0,0,1,0,0,0,0.0
2025-01-27,facebook,paid_social,CMP-000029, Regional Expansion APAC 2025  ,mobile,0,0,0,0,0,1,0,0.0
2025-01-10,newsletter,email,CMP-000017,Brand SEM EMEA Q4,mobile,0,1,0,0,0,0,0,0.0
2025-01-10,(direct),(none),CMP-000037, Competitor Search US 2024  ,desktop,0,0,0,0,1,0,0,0.0
2025-01-31,facebook,paid_social,CMP-000061, Brand Search NA 2024  ,desktop,0,0,0,1,0,0,0,0.0
2025-01-08,google,cpc,CMP-000039,Creator Spark EMEA 2024,mobile,0,0,0,0,0,0,1,412.69
2025-01-09,tiktok,paid_social,CMP-000038,Retargeting Global 2024,mobile,0,1,0,0,0,0,0,0.0
2025-01-03,newsletter,email,CMP-000078,HOLIDAY PROMO EMEA 2024,desktop,0,0,1,0,0,0,0,0.0
2025-01-14,google,cpc,CMP-000075,lifecycle_winback_us_2024,desktop,0,1,0,0,0,0,0,0.0
2025-01-28,tiktok,paid_social,CMP-000040, Product Launch US Q4  ,mobile,0,0,0,0,0,1,0,0.0
2025-01-01,facebook,paid_social,CMP-000043,Lifecycle Winback NA Q4,desktop,0,1,0,0,0,0,0,0.0
2025-01-10,google,cpc,CMP-000048,enterprise_abm_apac_2025,mobile,0,1,0,0,0,0,0,0.0
2025-01-12,tiktok,paid_social,CMP-000037,Creator Spark APAC FY25,mobile,1,0,0,0,0,0,0,0.0
2025-01-21,facebook,paid_social,CMP-000034, Holiday Promo US FY25  ,mobile,0,0,0,0,0,1,0,0.0
2025-01-07,google,cpc,CMP-000009,REGIONAL EXPANSION US Q4,desktop,0,1,0,0,0,0,0,0.0
2025-01-11,google,cpc,CMP-000062,lifecycle_winback_apac_2025,mobile,1,0,0,0,0,0,0,0.0
2025-01-09,tiktok,paid_social,CMP-000014,regional_expansion_global_fy25,mobile,0,1,0,0,0,0,0,0.0
2025-01-18,tiktok,paid_social,CMP-000077,Lifecycle Winback EMEA FY25,mobile,0,0,1,0,0,0,0,0.0
2025-01-20,newsletter,email,CMP-000007,ENTERPRISE ABM US Q4,mobile,0,1,0,0,0,0,0,0.0
2025-01-20,google,cpc,CMP-000035,Competitor SEM Global 2024,desktop,0,1,0,0,0,0,0,0.0
2025-01-05,tiktok,paid_social,CMP-000067,enterprise_abm_global_2024,mobile,0,1,0,0,0,0,0,0.0
2025-01-21,google,cpc,CMP-000004, Holiday Promo NA 2024  ,mobile,1,0,0,0,0,0,0,0.0
2025-01-18,google,cpc,CMP-000069,Holiday Promo APAC 2025,mobile,0,0,1,0,0,0,0,0.0
2025-01-21,tiktok,paid_social,CMP-000027,Cart Recovery US 2024,mobile,0,1,0,0,0,0,0,0.0
2025-01-17,facebook,paid_social,CMP-000055,RETARGETING EMEA Q4,mobile,0,1,0,0,0,0,0,0.0
2025-01-14,tiktok,paid_social,,Holiday Promotion EMEA Q4,mobile,0,0,0,1,0,0,0,0.0
2025-01-07,google,cpc,CMP-000082,BRAND SEARCH GLOBAL Q4,desktop,1,0,0,0,0,0,0,0.0
2025-01-17,google,cpc,CMP-000069, Regional Expansion APAC Q4  ,desktop,1,0,0,0,0,0,0,0.0
2025-01-09,google,cpc,, Competitor Search EMEA 2024  ,mobile,1,0,0,0,0,0,0,0.0
2025-01-02,google,cpc,CMP-000039,Product Launch APAC Q4,mobile,1,0,0,0,0,0,0,0.0
2025-01-11,google,cpc,CMP-000079,Holiday Promotion NA 2024,mobile,0,0,1,0,0,0,0,0.0
2025-01-01,facebook,paid_social,CMP-000011,REGIONAL EXPANSION GLOBAL 2024,desktop,0,1,0,0,0,0,0,0.0
2025-01-30,google,cpc,CMP-000049, Enterprise ABM APAC 2024  ,desktop,0,0,1,0,0,0,0,0.0
2025-01-26,tiktok,paid_social,CMP-000033,HOLIDAY PROMO APAC Q4,mobile,1,0,0,0,0,0,0,0.0
2025-01-15,newsletter,email,CMP-000030, Regional Expansion US Q4  ,mobile,0,1,0,0,0,0,0,0.0
2025-01-16,google,cpc,CMP-000063,competitor_search_emea_2024,desktop,1,0,0,0,0,0,0,0.0
2025-01-14,facebook,paid_social,,Retargeting US 2025,desktop,0,0,0,1,0,0,0,0.0
2025-01-22,facebook,paid_social,,Retargeting NA FY25,desktop,0,0,0,0,0,0,1,1063.62
2025-01-26,google,cpc,CMP-000083, Regional Expansion APAC Q4  ,desktop,0,0,0,1,0,0,0,0.0
2025-01-15,(direct),(none),CMP-000036,Holiday Promo APAC 2025,mobile,0,1,0,0,0,0,0,0.0
2025-01-17,facebook,paid_social,CMP-000050,Creator Spark APAC 2024,desktop,0,0,1,0,0,0,0,0.0
2025-01-23,google,cpc,CMP-000054, Retargeting EMEA 2025  ,tablet,1,0,0,0,0,0,0,0.0
2025-01-27,google,cpc,CMP-000051,Retargeting US 2024,desktop,0,1,0,0,0,0,0,0.0
2025-01-31,tiktok,paid_social,CMP-000039,Regional Expansion EMEA FY25,mobile,0,1,0,0,0,0,0,0.0
2025-01-18,(direct),(none),CMP-000001,retargeting_us_fy25,desktop,0,0,1,0,0,0,0,0.0
2025-01-24,facebook,paid_social,CMP-000073,lifecycle_winback_na_2024,mobile,0,0,1,0,0,0,0,0.0
2025-01-12,newsletter,email,CMP-000040,Product Launch Global FY25,mobile,0,0,0,1,0,0,0,0.0
2025-01-17,google,cpc,CMP-000011,RETARGETING EMEA FY25,mobile,0,0,1,0,0,0,0,0.0
2025-01-14,partner,referral,CMP-000042, Retargeting APAC FY25  ,mobile,0,1,0,0,0,0,0,0.0
2025-01-02,facebook,paid_social,CMP-000034,CREATOR SPARK APAC FY25,mobile,1,0,0,0,0,0,0,0.0
2025-01-12,newsletter,email,CMP-000016,BRAND SEARCH GLOBAL 2025,tablet,0,1,0,0,0,0,0,0.0
2025-01-17,facebook,paid_social,CMP-000040, Competitor Search Global 2024  ,mobile,0,1,0,0,0,0,0,0.0
2025-01-19,newsletter,email,,Holiday Promo NA 2024,mobile,0,0,0,0,0,1,0,0.0
2025-01-31,google,cpc,CMP-000045,RETARGETING APAC 2024,desktop,0,0,1,0,0,0,0,0.0
2025-01-19,newsletter,email,CMP-000025,Holiday Promotion Global FY25,mobile,0,1,0,0,0,0,0,0.0
2025-01-04,facebook,paid_social,CMP-000015,Regional Expansion EMEA 2025,desktop,0,1,0,0,0,0,0,0.0
2025-01-04,google,cpc,CMP-000010, Enterprise ABM NA Q4  ,desktop,0,1,0,0,0,0,0,0.0
2025-01-06,facebook,paid_social,,Creator Spark APAC 2025,desktop,0,0,0,0,1,0,0,0.0
2025-01-24,google,cpc,CMP-000025,Product Launch EMEA FY25,desktop,0,1,0,0,0,0,0,0.0
2025-01-25,(direct),(none),CMP-000072,CREATOR SPARK US 2025,mobile,0,1,0,0,0,0,0,0.0
2025-01-08,google,cpc,,holiday_promo_apac_2024,desktop,0,0,0,0,0,1,0,0.0
2025-01-06,google,cpc,CMP-000051,PRODUCT LAUNCH GLOBAL FY25,mobile,0,0,1,0,0,0,0,0.0
2025-01-08,google,cpc,CMP-000052,holiday_promo_global_fy25,tablet,0,1,0,0,0,0,0,0.0
2025-01-01,tiktok,paid_social,CMP-000022,creator_spark_us_fy25,mobile,0,0,1,0,0,0,0,0.0
2025-01-04,newsletter,email,CMP-000023,Product Launch Global 2025,desktop,0,1,0,0,0,0,0,0.0
2025-01-21,partner,referral,, Product Launch Global 2024  ,desktop,0,1,0,0,0,0,0,0.0
2025-01-07,partner,referral,CMP-000067,REGIONAL EXPANSION APAC 2024,mobile,0,1,0,0,0,0,0,0.0
2025-01-17,facebook,paid_social,CMP-000068, Retargeting APAC Q4  ,mobile,0,0,1,0,0,0,0,0.0
2025-01-12,google,cpc,CMP-000038,LIFECYCLE WINBACK NA 2024,mobile,0,0,1,0,0,0,0,0.0
2025-01-17,google,cpc,CMP-000007,Enterprise ABM NA Q4,desktop,1,0,0,0,0,0,0,0.0
2025-01-10,newsletter,email,, Cart Recovery Global FY25  ,mobile,1,0,0,0,0,0,0,0.0
2025-01-17,google,cpc,,CART RECOVERY US 2025,desktop,0,1,0,0,0,0,0,0.0
2025-01-20,google,cpc,CMP-000050,Retargeting APAC FY25,mobile,0,1,0,0,0,0,0,0.0
2025-01-31,google,cpc,CMP-000041,Retargeting EMEA 2025,mobile,0,1,0,0,0,0,0,0.0
2025-01-15,google,cpc,CMP-000036,Enterprise ABM US Q4,mobile,1,0,0,0,0,0,0,0.0
2025-01-08,facebook,paid_social,CMP-000028, Cart Recovery US 2025  ,mobile,1,0,0,0,0,0,0,0.0
2025-01-08,facebook,paid_social,CMP-000014,cart_recovery_us_q4,mobile,0,0,1,0,0,0,0,0.0
2025-01-31,google,cpc,,Enterprise ABM US 2024,desktop,0,1,0,0,0,0,0,0.0
2025-01-25,tiktok,paid_social,CMP-000039,Regional Expansion APAC Q4,mobile,0,1,0,0,0,0,0,0.0
2025-01-02,tiktok,paid_social,CMP-000047,Retargeting APAC FY25,mobile,0,0,1,0,0,0,0,0.0
2025-01-26,newsletter,email,CMP-000029,Enterprise ABM NA 2024,mobile,0,1,0,0,0,0,0,0.0
2025-01-27,facebook,paid_social,CMP-000075,cart_recovery_apac_fy25,tablet,1,0,0,0,0,0,0,0.0
2025-01-06,tiktok,paid_social,,LIFECYCLE WINBACK US 2025,mobile,1,0,0,0,0,0,0,0.0
2025-01-27,google,cpc,,Brand SEM APAC FY25,desktop,0,0,0,0,0,0,1,467.6
2025-01-02,google,cpc,CMP-000075, Holiday Promo NA 2024  ,mobile,0,1,0,0,0,0,0,0.0
2025-01-07,google,cpc,CMP-000082,enterprise_abm_emea_2025,desktop,0,0,0,0,1,0,0,0.0
2025-01-03,tiktok,paid_social,CMP-000012,Competitor Search NA Q4,desktop,0,1,0,0,0,0,0,0.0
2025-01-30,google,cpc,CMP-000036, Cart Recovery US 2025  ,desktop,0,0,1,0,0,0,0,0.0
2025-01-09,partner,referral,CMP-000001,RETARGETING NA Q4,mobile,0,1,0,0,0,0,0,0.0
2025-01-04,google,cpc,,Competitor SEM NA 2025,desktop,0,0,1,0,0,0,0,0.0
2025-01-02,newsletter,email,CMP-000056,creator_spark_us_2024,desktop,0,1,0,0,0,0,0,0.0
2025-01-16,newsletter,email,CMP-000031,Enterprise ABM EMEA Q4,mobile,1,0,0,0,0,0,0,0.0
2025-01-12,newsletter,email,,Creator Spark Global FY25,mobile,0,0,0,0,0,0,1,1278.42
2025-01-09,tiktok,paid_social,, Retargeting NA 2024  ,mobile,0,1,0,0,0,0,0,0.0
2025-01-16,newsletter,email,CMP-000075,Competitor SEM EMEA 2024,desktop,0,1,0,0,0,0,0,0.0
2025-01-06,facebook,paid_social,CMP-000077, Enterprise ABM APAC 2024  ,desktop,0,0,1,0,0,0,0,0.0
2025-01-06,google,cpc,CMP-000071,Enterprise ABM EMEA FY25,mobile,0,1,0,0,0,0,0,0.0
2025-01-31,facebook,paid_social,CMP-000019,Cart Recovery EMEA FY25,mobile,0,1,0,0,0,0,0,0.0
2025-01-10,facebook,paid_social,CMP-000026,Holiday Promo Global 2024,mobile,0,0,0,1,0,0,0,0.0
2025-01-28,facebook,paid_social,CMP-000071, Creator Spark Global FY25  ,desktop,0,0,0,0,0,1,0,0.0
2025-01-01,tiktok,paid_social,CMP-000017,cart_recovery_emea_2024,desktop,0,1,0,0,0,0,0,0.0
2025-01-29,google,cpc,CMP-000048,creator_spark_apac_2024,mobile,0,1,0,0,0,0,0,0.0
2025-01-16,partner,referral,CMP-000015, Regional Expansion NA 2025  ,mobile,0,0,1,0,0,0,0,0.0
2025-01-24,facebook,paid_social,CMP-000053,Retargeting EMEA 2024,mobile,1,0,0,0,0,0,0,0.0
2025-01-20,google,cpc,CMP-000068,lifecycle_winback_emea_fy25,mobile,0,0,1,0,0,0,0,0.0
2025-01-29,(direct),(none),CMP-000037, Retargeting US Q4  ,mobile,0,1,0,0,0,0,0,0.0
2025-01-24,tiktok,paid_social,CMP-000039,Lifecycle Winback NA 2025,mobile,0,0,0,1,0,0,0,0.0
2025-01-25,google,cpc,CMP-000019,Enterprise ABM US 2025,desktop,0,1,0,0,0,0,0,0.0
2025-01-31,facebook,paid_social,CMP-000061, Cart Recovery APAC 2025  ,desktop,0,0,1,0,0,0,0,0.0
2025-01-21,tiktok,paid_social,CMP-000051,lifecycle_winback_us_fy25,tablet,1,0,0,0,0,0,0,0.0
2025-01-14,google,cpc,CMP-000058,Competitor SEM EMEA 2024,mobile,0,0,0,0,1,0,0,0.0
2025-01-14,facebook,paid_social,CMP-000019, Competitor Search Global Q4  ,mobile,0,0,0,1,0,0,0,0.0
2025-01-31,newsletter,email,CMP-000048,Creator Spark US Q4,mobile,0,0,0,1,0,0,0,0.0
2025-01-24,(direct),(none),CMP-000027,brand_search_na_2024,desktop,0,0,0,0,0,1,0,0.0
2025-01-02,facebook,paid_social,,enterprise_abm_na_q4,desktop,0,0,0,0,0,1,0,0.0
2025-01-08,partner,referral,CMP-000010,competitor_search_us_2024,mobile,0,0,0,0,0,0,1,505.46
2025-01-30,google,cpc,,Creator Spark US Q4,desktop,0,0,1,0,0,0,0,0.0
2025-01-28,google,cpc,CMP-000072,competitor_search_global_fy25,mobile,1,0,0,0,0,0,0,0.0
2025-01-18,tiktok,paid_social,CMP-000074, Cart Recovery US 2024  ,desktop,0,0,0,0,0,0,1,1087.68
2025-01-13,(direct),(none),CMP-000049,Competitor Search NA 2024,mobile,0,0,0,0,1,0,0,0.0
2025-01-18,google,cpc,CMP-000059,Holiday Promotion NA Q4,mobile,0,1,0,0,0,0,0,0.0
2025-01-23,google,cpc,CMP-000046,Creator Spark Global FY25,desktop,0,1,0,0,0,0,0,0.0
2025-01-21,partner,referral,CMP-000033,Enterprise ABM US FY25,mobile,0,1,0,0,0,0,0,0.0
2025-01-26,newsletter,email,CMP-000003,CART RECOVERY US Q4,mobile,1,0,0,0,0,0,0,0.0
2025-01-08,newsletter,email,CMP-000042, Regional Expansion Global FY25  ,desktop,0,1,0,0,0,0,0,0.0
2025-01-13,newsletter,email,CMP-000043,Retargeting NA 2024,desktop,0,1,0,0,0,0,0,0.0
2025-01-28,facebook,paid_social,CMP-000003,Regional Expansion EMEA FY25,desktop,1,0,0,0,0,0,0,0.0
2025-01-24,google,cpc,CMP-000023, Enterprise ABM Global Q4  ,mobile,0,0,0,0,0,0,1,1346.48
2025-01-10,google,cpc,CMP-000077,Product Launch EMEA Q4,mobile,0,0,0,0,0,1,0,0.0
2025-01-06,facebook,paid_social,CMP-000005,Regional Expansion APAC 2024,desktop,0,0,0,0,0,0,1,734.46
2025-01-17,newsletter,email,CMP-000005,CART RECOVERY NA 2025,tablet,0,1,0,0,0,0,0,0.0
2025-01-14,tiktok,paid_social,CMP-000030,Competitor SEM NA 2024,mobile,0,1,0,0,0,0,0,0.0
2025-01-09,google,cpc,CMP-000056,competitor_search_us_q4,desktop,0,1,0,0,0,0,0,0.0
2025-01-11,google,cpc,CMP-000070,LIFECYCLE WINBACK EMEA FY25,mobile,1,0,0,0,0,0,0,0.0
2025-01-08,google,cpc,CMP-000071, Enterprise ABM Global Q4  ,desktop,0,1,0,0,0,0,0,0.0
2025-01-11,newsletter,email,CMP-000016,Regional Expansion US 2025,desktop,0,1,0,0,0,0,0,0.0
2025-01-29,google,cpc,CMP-000044,Lifecycle Winback NA 2025,mobile,0,1,0,0,0,0,0,0.0
2025-01-03,partner,referral,CMP-000054,Retargeting APAC Q4,mobile,0,0,0,1,0,0,0,0.0
2025-01-24,google,cpc,CMP-000012,Lifecycle Winback US Q4,mobile,1,0,0,0,0,0,0,0.0
2025-01-20,google,cpc,CMP-000039, Creator Spark Global 2025  ,mobile,0,0,0,1,0,0,0,0.0
2025-01-23,google,cpc,CMP-000079,BRAND SEARCH NA 2024,mobile,0,1,0,0,0,0,0,0.0
2025-01-25,tiktok,paid_social,,product_launch_emea_2025,desktop,1,0,0,0,0,0,0,0.0
2025-01-05,partner,referral,CMP-000006, Regional Expansion Global 2025  ,desktop,0,0,0,0,0,1,0,0.0
2025-01-30,google,cpc,CMP-000068,competitor_search_emea_2024,mobile,1,0,0,0,0,0,0,0.0
2025-01-12,google,cpc,CMP-000053,Retargeting US 2025,mobile,1,0,0,0,0,0,0,0.0
2025-01-10,facebook,paid_social,CMP-000073,Competitor SEM US 2025,mobile,0,0,1,0,0,0,0,0.0
2025-01-01,newsletter,email,CMP-000048,PRODUCT LAUNCH EMEA 2024,desktop,0,0,0,1,0,0,0,0.0
2025-01-25,google,cpc,CMP-000004,Retargeting NA 2024,desktop,0,0,0,0,1,0,0,0.0
2025-01-05,google,cpc,,Enterprise ABM Global 2024,desktop,1,0,0,0,0,0,0,0.0
2025-01-26,(direct),(none),CMP-000046,Brand SEM NA 2025,desktop,0,0,1,0,0,0,0,0.0
2025-01-09,tiktok,paid_social,CMP-000030,cart_recovery_emea_2025,mobile,0,1,0,0,0,0,0,0.0
2025-01-13,(direct),(none),,BRAND SEARCH APAC Q4,mobile,0,1,0,0,0,0,0,0.0
2025-01-01,tiktok,paid_social,CMP-000076,Brand Search APAC 2025,tablet,0,1,0,0,0,0,0,0.0
2025-01-11,tiktok,paid_social,CMP-000022,BRAND SEARCH US 2024,desktop,1,0,0,0,0,0,0,0.0
2025-01-02,newsletter,email,CMP-000067,CART RECOVERY NA Q4,mobile,0,0,1,0,0,0,0,0.0
2025-01-19,facebook,paid_social,CMP-000079,Creator Spark EMEA 2025,mobile,0,1,0,0,0,0,0,0.0
2025-01-05,facebook,paid_social,CMP-000032, Creator Spark Global FY25  ,desktop,1,0,0,0,0,0,0,0.0
2025-01-10,google,cpc,CMP-000003,CREATOR SPARK GLOBAL FY25,mobile,0,1,0,0,0,0,0,0.0
2025-01-13,google,cpc,CMP-000057,product_launch_us_fy25,tablet,0,0,0,0,1,0,0,0.0
2025-01-13,google,cpc,CMP-000070,COMPETITOR SEARCH US FY25,mobile,1,0,0,0,0,0,0,0.0
2025-01-24,google,cpc,CMP-000014,Regional Expansion NA FY25,mobile,0,1,0,0,0,0,0,0.0
2025-01-22,facebook,paid_social,CMP-000012,Brand SEM US 2024,desktop,0,0,1,0,0,0,0,0.0
2025-01-20,google,cpc,, Cart Recovery Global 2024  ,desktop,0,0,1,0,0,0,0,0.0
2025-01-01,tiktok,paid_social,CMP-000011,Lifecycle Winback US 2024,mobile,0,1,0,0,0,0,0,0.0
2025-01-17,(direct),(none),CMP-000014,PRODUCT LAUNCH APAC 2024,mobile,0,0,0,1,0,0,0,0.0
2025-01-12,tiktok,paid_social,,Competitor Search APAC 2025,tablet,1,0,0,0,0,0,0,0.0
2025-01-13,google,cpc,CMP-000063,Retargeting EMEA Q4,desktop,0,0,0,1,0,0,0,0.0
2025-01-30,google,cpc,CMP-000080,Brand Search US Q4,desktop,0,1,0,0,0,0,0,0.0
2025-01-13,tiktok,paid_social,CMP-000009, Product Launch US Q4  ,tablet,0,0,1,0,0,0,0,0.0
2025-01-27,facebook,paid_social,CMP-000026, Lifecycle Winback EMEA FY25  ,desktop,0,1,0,0,0,0,0,0.0
2025-01-05,google,cpc,CMP-000008,regional_expansion_na_2025,desktop,0,0,0,0,1,0,0,0.0
2025-01-30,google,cpc,CMP-000055,Holiday Promotion EMEA 2025,mobile,0,0,0,0,1,0,0,0.0
2025-01-16,tiktok,paid_social,CMP-000060,ENTERPRISE ABM APAC 2025,desktop,0,1,0,0,0,0,0,0.0
2025-01-16,(direct),(none),,CREATOR SPARK EMEA 2024,desktop,1,0,0,0,0,0,0,0.0
2025-01-28,tiktok,paid_social,CMP-000011,LIFECYCLE WINBACK APAC FY25,desktop,0,1,0,0,0,0,0,0.0
2025-01-23,google,cpc,CMP-000054,PRODUCT LAUNCH GLOBAL 2024,mobile,1,0,0,0,0,0,0,0.0
2025-01-04,google,cpc,CMP-000081,REGIONAL EXPANSION APAC 2025,desktop,1,0,0,0,0,0,0,0.0
2025-01-09,google,cpc,CMP-000035,Regional Expansion EMEA FY25,desktop,0,0,1,0,0,0,0,0.0
2025-01-14,partner,referral,CMP-000006,Cart Recovery EMEA Q4,desktop,0,0,0,0,1,0,0,0.0
2025-01-07,google,cpc,CMP-000030,holiday_promo_na_fy25,desktop,0,0,0,0,1,0,0,0.0
2025-01-28,(direct),(none),CMP-000083,BRAND SEARCH US 2025,mobile,0,0,0,0,0,1,0,0.0
2025-01-12,facebook,paid_social,CMP-000041,Regional Expansion Global 2025,desktop,0,0,1,0,0,0,0,0.0
2025-01-10,google,cpc,CMP-000080,Holiday Promo US 2025,desktop,0,1,0,0,0,0,0,0.0
2025-01-19,google,cpc,CMP-000068,Holiday Promo NA Q4,mobile,0,0,1,0,0,0,0,0.0
2025-01-06,(direct),(none),CMP-000037,holiday_promo_emea_q4,mobile,0,1,0,0,0,0,0,0.0
2025-01-02,google,cpc,CMP-000066,Competitor SEM NA Q4,mobile,1,0,0,0,0,0,0,0.0
2025-01-23,facebook,paid_social,CMP-000052,COMPETITOR SEARCH APAC Q4,mobile,1,0,0,0,0,0,0,0.0
2025-01-30,newsletter,email,CMP-000017, Brand Search EMEA 2024  ,mobile,0,1,0,0,0,0,0,0.0
2025-01-25,google,cpc,CMP-000011,Regional Expansion NA 2024,mobile,1,0,0,0,0,0,0,0.0
2025-01-15,tiktok,paid_social,,regional_expansion_us_fy25,mobile,0,1,0,0,0,0,0,0.0
2025-01-10,google,cpc,CMP-000018,Enterprise ABM EMEA FY25,desktop,0,1,0,0,0,0,0,0.0
2025-01-03,tiktok,paid_social,CMP-000031,Brand Search EMEA FY25,mobile,0,0,0,1,0,0,0,0.0
2025-01-10,google,cpc,CMP-000054, Cart Recovery NA 2025  ,desktop,0,0,0,0,0,0,1,1399.77
2025-01-13,facebook,paid_social,CMP-000012,ENTERPRISE ABM NA 2025,mobile,0,0,0,0,0,1,0,0.0
2025-01-01,google,cpc,CMP-000035,CREATOR SPARK NA FY25,mobile,1,0,0,0,0,0,0,0.0
2025-01-16,facebook,paid_social,,Lifecycle Winback Global Q4,desktop,0,0,1,0,0,0,0,0.0
2025-01-01,tiktok,paid_social,CMP-000005, Holiday Promo NA 2024  ,desktop,0,0,0,0,0,1,0,0.0
2025-01-31,facebook,paid_social,CMP-000055,RETARGETING NA Q4,desktop,0,1,0,0,0,0,0,0.0
2025-01-12,google,cpc,CMP-000001,Creator Spark EMEA FY25,mobile,0,1,0,0,0,0,0,0.0
2025-01-26,newsletter,email,CMP-000024, Enterprise ABM NA 2024  ,tablet,0,0,0,0,0,0,1,1204.19
2025-01-19,(direct),(none),CMP-000033,LIFECYCLE WINBACK US FY25,mobile,0,0,0,0,0,0,1,1256.16
2025-01-02,facebook,paid_social,,Cart Recovery EMEA FY25,tablet,0,1,0,0,0,0,0,0.0
2025-01-07,facebook,paid_social,CMP-000017,Brand SEM APAC 2025,desktop,1,0,0,0,0,0,0,0.0
2025-01-25,partner,referral,,Cart Recovery EMEA FY25,mobile,0,1,0,0,0,0,0,0.0
2025-01-11,google,cpc,CMP-000006,Enterprise ABM NA 2024,mobile,0,0,1,0,0,0,0,0.0
2025-01-23,google,cpc,CMP-000038,Creator Spark APAC FY25,mobile,0,1,0,0,0,0,0,0.0
2025-01-10,newsletter,email,CMP-000077,Competitor SEM NA Q4,desktop,0,1,0,0,0,0,0,0.0
2025-01-11,newsletter,email,CMP-000058,enterprise_abm_emea_fy25,mobile,1,0,0,0,0,0,0,0.0
2025-01-21,google,cpc,CMP-000081, Holiday Promo EMEA FY25  ,mobile,1,0,0,0,0,0,0,0.0
2025-01-30,facebook,paid_social,CMP-000075,Regional Expansion EMEA 2025,mobile,0,0,1,0,0,0,0,0.0
2025-01-03,(direct),(none),CMP-000013, Enterprise ABM EMEA 2025  ,desktop,0,0,1,0,0,0,0,0.0
2025-01-19,google,cpc,CMP-000072,creator_spark_us_q4,mobile,0,1,0,0,0,0,0,0.0
2025-01-11,facebook,paid_social,CMP-000030,competitor_search_us_2025,desktop,0,1,0,0,0,0,0,0.0
2025-01-10,tiktok,paid_social,,retargeting_na_q4,tablet,0,0,1,0,0,0,0,0.0
2025-01-25,tiktok,paid_social,CMP-000021, Creator Spark APAC 2025  ,mobile,0,1,0,0,0,0,0,0.0
2025-01-08,partner,referral,CMP-000062,Enterprise ABM NA FY25,mobile,0,1,0,0,0,0,0,0.0
2025-01-10,tiktok,paid_social,CMP-000033, Competitor Search Global 2024  ,desktop,0,1,0,0,0,0,0,0.0
2025-01-07,google,cpc,CMP-000036, Holiday Promo APAC 2024  ,mobile,0,0,0,1,0,0,0,0.0
2025-01-10,facebook,paid_social,CMP-000058,ENTERPRISE ABM NA FY25,desktop,0,0,0,0,1,0,0,0.0
2025-01-23,facebook,paid_social,CMP-000024,PRODUCT LAUNCH EMEA FY25,desktop,0,1,0,0,0,0,0,0.0
2025-01-26,google,cpc,CMP-000008,CREATOR SPARK US 2024,mobile,0,1,0,0,0,0,0,0.0
2025-01-23,facebook,paid_social,CMP-000076, Creator Spark Global 2025  ,desktop,0,0,1,0,0,0,0,0.0
2025-01-05,partner,referral,,Holiday Promotion US 2024,tablet,0,0,1,0,0,0,0,0.0
2025-01-23,google,cpc,CMP-000051, Product Launch Global 2024  ,desktop,0,1,0,0,0,0,0,0.0
2025-01-14,partner,referral,CMP-000047,Brand SEM APAC 2024,desktop,0,1,0,0,0,0,0,0.0
2025-01-31,(direct),(none),CMP-000009,Holiday Promotion APAC Q4,desktop,0,1,0,0,0,0,0,0.0
2025-01-18,google,cpc,,Enterprise ABM US FY25,desktop,0,1,0,0,0,0,0,0.0
2025-01-12,newsletter,email,CMP-000033,Enterprise ABM NA 2025,mobile,0,1,0,0,0,0,0,0.0
2025-01-20,google,cpc,CMP-000070, Lifecycle Winback EMEA Q4  ,mobile,1,0,0,0,0,0,0,0.0
2025-01-17,(direct),(none),CMP-000082,regional_expansion_us_2024,desktop,0,0,1,0,0,0,0,0.0
2025-01-18,google,cpc,CMP-000079,Product Launch APAC Q4,mobile,0,0,1,0,0,0,0,0.0
2025-01-08,google,cpc,CMP-000083, Holiday Promo NA 2025  ,mobile,0,0,0,1,0,0,0,0.0
2025-01-15,newsletter,email,CMP-000037, Lifecycle Winback EMEA 2024  ,desktop,0,0,0,1,0,0,0,0.0
2025-01-17,google,cpc,CMP-000072,Holiday Promo APAC 2025,mobile,0,1,0,0,0,0,0,0.0
2025-01-27,partner,referral,CMP-000005,Creator Spark APAC 2024,mobile,0,1,0,0,0,0,0,0.0
2025-01-21,tiktok,paid_social,CMP-000074,product_launch_emea_q4,desktop,0,0,1,0,0,0,0,0.0
2025-01-03,facebook,paid_social,CMP-000045,Lifecycle Winback EMEA FY25,desktop,0,0,1,0,0,0,0,0.0
2025-01-24,partner,referral,CMP-000083,holiday_promo_apac_2025,tablet,0,0,0,0,1,0,0,0.0
2025-01-28,tiktok,paid_social,,Holiday Promotion EMEA 2025,mobile,0,0,1,0,0,0,0,0.0
2025-01-05,google,cpc,CMP-000027,brand_search_apac_2024,desktop,0,0,0,0,0,1,0,0.0
2025-01-28,google,cpc,CMP-000060,Holiday Promo APAC 2024,desktop,0,1,0,0,0,0,0,0.0
2025-01-09,tiktok,paid_social,CMP-000017,Regional Expansion EMEA 2025,mobile,0,1,0,0,0,0,0,0.0
2025-01-20,google,cpc,CMP-000052,Retargeting NA Q4,mobile,0,1,0,0,0,0,0,0.0
2025-01-19,tiktok,paid_social,CMP-000026,LIFECYCLE WINBACK APAC 2024,desktop,0,0,1,0,0,0,0,0.0
2025-01-31,facebook,paid_social,CMP-000019,COMPETITOR SEARCH US 2025,mobile,1,0,0,0,0,0,0,0.0
2025-01-10,newsletter,email,CMP-000030, Competitor Search NA Q4  ,desktop,0,1,0,0,0,0,0,0.0
2025-01-23,facebook,paid_social,CMP-000070,Enterprise ABM APAC Q4,tablet,0,0,1,0,0,0,0,0.0
2025-01-18,facebook,paid_social,CMP-000061,Creator Spark Global 2024,mobile,0,0,0,0,0,0,1,1782.96
2025-01-11,google,cpc,CMP-000051,Brand Search EMEA FY25,desktop,0,1,0,0,0,0,0,0.0
2025-01-18,(direct),(none),CMP-000054,brand_search_global_2025,desktop,0,1,0,0,0,0,0,0.0
2025-01-19,google,cpc,CMP-000076,HOLIDAY PROMO NA Q4,desktop,0,1,0,0,0,0,0,0.0
2025-01-17,google,cpc,CMP-000073,Enterprise ABM Global 2024,mobile,0,1,0,0,0,0,0,0.0
2025-01-30,google,cpc,CMP-000010,Regional Expansion US 2025,mobile,0,1,0,0,0,0,0,0.0
2025-01-08,google,cpc,CMP-000061,Holiday Promotion US 2024,mobile,0,1,0,0,0,0,0,0.0
2025-01-19,newsletter,email,CMP-000077,Brand SEM Global 2025,desktop,1,0,0,0,0,0,0,0.0
2025-01-15,facebook,paid_social,CMP-000081,Cart Recovery NA 2024,desktop,0,0,1,0,0,0,0,0.0
2025-01-03,google,cpc,CMP-000024,brand_search_us_2024,mobile,0,0,1,0,0,0,0,0.0
2025-01-16,tiktok,paid_social,,creator_spark_apac_q4,desktop,0,1,0,0,0,0,0,0.0
2025-01-06,google,cpc,CMP-000030,holiday_promo_apac_q4,mobile,1,0,0,0,0,0,0,0.0
2025-01-16,google,cpc,CMP-000022,creator_spark_us_fy25,desktop,0,0,0,0,1,0,0,0.0
2025-01-31,google,cpc,CMP-000034,holiday_promo_us_fy25,desktop,0,0,0,1,0,0,0,0.0
2025-01-18,tiktok,paid_social,CMP-000037,Holiday Promotion APAC 2025,mobile,0,1,0,0,0,0,0,0.0
2025-01-25,google,cpc,CMP-000068, Cart Recovery Global 2024  ,mobile,0,0,1,0,0,0,0,0.0
2025-01-14,newsletter,email,CMP-000016,product_launch_na_2025,desktop,0,1,0,0,0,0,0,0.0
2025-01-11,newsletter,email,, Cart Recovery US Q4  ,tablet,0,1,0,0,0,0,0,0.0
2025-01-19,google,cpc,CMP-000019,LIFECYCLE WINBACK NA 2025,mobile,1,0,0,0,0,0,0,0.0
2025-01-22,tiktok,paid_social,CMP-000063,creator_spark_global_fy25,mobile,0,0,0,0,1,0,0,0.0
2025-01-10,google,cpc,CMP-000069,Competitor SEM US FY25,mobile,0,0,0,0,1,0,0,0.0
2025-01-24,facebook,paid_social,CMP-000027,product_launch_global_fy25,tablet,1,0,0,0,0,0,0,0.0
2025-01-19,google,cpc,CMP-000061,Brand Search NA FY25,desktop,0,1,0,0,0,0,0,0.0
2025-01-28,google,cpc,,Competitor Search NA 2024,mobile,0,1,0,0,0,0,0,0.0
2025-01-29,newsletter,email,CMP-000058,Product Launch NA 2024,tablet,0,0,1,0,0,0,0,0.0
2025-01-20,newsletter,email,CMP-000063, Enterprise ABM NA 2024  ,mobile,0,0,1,0,0,0,0,0.0
2025-01-05,(direct),(none),CMP-000071, Regional Expansion APAC 2025  ,mobile,1,0,0,0,0,0,0,0.0
2025-01-10,google,cpc,CMP-000072, Brand Search NA 2025  ,mobile,0,0,0,0,1,0,0,0.0
2025-01-25,tiktok,paid_social,CMP-000015, Competitor Search Global 2024  ,mobile,0,0,0,0,0,1,0,0.0
2025-01-25,google,cpc,CMP-000074,CREATOR SPARK NA Q4,desktop,0,0,0,1,0,0,0,0.0
2025-01-26,google,cpc,CMP-000042, Creator Spark Global Q4  ,mobile,1,0,0,0,0,0,0,0.0
2025-01-17,google,cpc,,Product Launch APAC Q4,mobile,0,1,0,0,0,0,0,0.0
2025-01-07,google,cpc,CMP-000004,Creator Spark APAC FY25,mobile,0,0,0,0,0,1,0,0.0
2025-01-04,newsletter,email,CMP-000005,Creator Spark APAC Q4,desktop,0,0,0,0,0,1,0,0.0
2025-01-25,google,cpc,CMP-000081,retargeting_us_2025,mobile,1,0,0,0,0,0,0,0.0
2025-01-09,google,cpc,CMP-000001,creator_spark_na_q4,desktop,1,0,0,0,0,0,0,0.0
2025-01-24,tiktok,paid_social,CMP-000079,Lifecycle Winback NA FY25,mobile,0,1,0,0,0,0,0,0.0
2025-01-15,google,cpc,CMP-000004,Regional Expansion NA Q4,mobile,0,0,0,0,1,0,0,0.0
2025-01-21,google,cpc,CMP-000040,Regional Expansion US 2024,desktop,0,1,0,0,0,0,0,0.0
2025-01-12,tiktok,paid_social,CMP-000021,creator_spark_us_q4,mobile,0,1,0,0,0,0,0,0.0
2025-01-27,google,cpc,CMP-000011,competitor_search_apac_fy25,desktop,0,1,0,0,0,0,0,0.0
2025-01-24,google,cpc,CMP-000056,Regional Expansion EMEA Q4,desktop,1,0,0,0,0,0,0,0.0
2025-01-18,google,cpc,CMP-000008,Retargeting NA Q4,desktop,0,1,0,0,0,0,0,0.0
2025-01-01,facebook,paid_social,CMP-000002,Regional Expansion Global FY25,mobile,0,1,0,0,0,0,0,0.0
2025-01-24,newsletter,email,CMP-000046,Retargeting US 2024,mobile,0,0,0,1,0,0,0,0.0
2025-01-09,facebook,paid_social,CMP-000025, Holiday Promo APAC 2024  ,tablet,0,1,0,0,0,0,0,0.0
2025-01-07,google,cpc,CMP-000031,Holiday Promo US 2024,mobile,1,0,0,0,0,0,0,0.0
2025-01-23,facebook,paid_social,CMP-000003,Competitor Search APAC Q4,desktop,1,0,0,0,0,0,0,0.0
2025-01-02,facebook,paid_social,CMP-000039,product_launch_global_2024,mobile,0,1,0,0,0,0,0,0.0
2025-01-17,google,cpc,CMP-000015, Cart Recovery Global FY25  ,mobile,0,1,0,0,0,0,0,0.0
2025-01-22,google,cpc,CMP-000056,Enterprise ABM NA FY25,mobile,0,0,0,0,0,0,1,680.63
2025-01-11,(direct),(none),CMP-000050,Holiday Promo US FY25,desktop,0,1,0,0,0,0,0,0.0
2025-01-19,google,cpc,CMP-000022,Cart Recovery Global 2025,mobile,0,0,1,0,0,0,0,0.0
2025-01-14,google,cpc,CMP-000042,Creator Spark Global Q4,mobile,0,0,1,0,0,0,0,0.0
2025-01-01,facebook,paid_social,CMP-000022,RETARGETING EMEA 2025,desktop,0,0,0,1,0,0,0,0.0
2025-01-06,google,cpc,CMP-000081,Creator Spark APAC Q4,desktop,0,1,0,0,0,0,0,0.0
2025-01-28,tiktok,paid_social,CMP-000077,enterprise_abm_us_2025,tablet,0,0,0,1,0,0,0,0.0
2025-01-03,google,cpc,CMP-000004,competitor_search_us_fy25,mobile,0,0,0,0,0,0,1,418.63
2025-01-30,tiktok,paid_social,,Brand Search NA FY25,mobile,0,1,0,0,0,0,0,0.0
2025-01-04,partner,referral,CMP-000039,enterprise_abm_us_2024,desktop,0,1,0,0,0,0,0,0.0
2025-01-22,facebook,paid_social,CMP-000055,Lifecycle Winback Global 2025,desktop,0,1,0,0,0,0,0,0.0
2025-01-24,newsletter,email,CMP-000016, Creator Spark US 2025  ,desktop,0,0,0,0,0,1,0,0.0
2025-01-12,google,cpc,CMP-000003,holiday_promo_apac_fy25,mobile,0,0,0,0,0,1,0,0.0
2025-01-01,google,cpc,CMP-000026,product_launch_global_2024,mobile,0,0,0,0,0,0,1,1165.42
2025-01-11,(direct),(none),CMP-000003,Enterprise ABM Global FY25,mobile,0,0,1,0,0,0,0,0.0
2025-01-31,google,cpc,CMP-000004,CREATOR SPARK GLOBAL FY25,mobile,0,1,0,0,0,0,0,0.0
2025-01-15,google,cpc,,Lifecycle Winback US 2025,desktop,0,0,0,0,0,0,1,1297.38
2025-01-29,google,cpc,CMP-000031,Creator Spark EMEA 2025,desktop,0,0,0,1,0,0,0,0.0
2025-01-13,google,cpc,,Brand Search EMEA 2024,mobile,1,0,0,0,0,0,0,0.0
2025-01-07,facebook,paid_social,CMP-000064,brand_search_na_q4,desktop,0,0,1,0,0,0,0,0.0
2025-01-05,google,cpc,CMP-000049,Retargeting NA 2025,tablet,0,1,0,0,0,0,0,0.0
2025-01-29,google,cpc,CMP-000039,creator_spark_us_q4,desktop,0,0,1,0,0,0,0,0.0
2025-01-15,facebook,paid_social,CMP-000066,CREATOR SPARK US 2024,mobile,0,1,0,0,0,0,0,0.0
2025-01-03,google,cpc,, Holiday Promo US 2025  ,mobile,0,0,1,0,0,0,0,0.0
2025-01-31,google,cpc,,brand_search_us_2025,desktop,1,0,0,0,0,0,0,0.0
2025-01-04,google,cpc,CMP-000078,Product Launch APAC Q4,mobile,0,0,0,0,0,0,1,1150.85
2025-01-29,google,cpc,CMP-000028,CART RECOVERY NA 2025,desktop,1,0,0,0,0,0,0,0.0
2025-01-14,newsletter,email,CMP-000019,CART RECOVERY EMEA Q4,desktop,0,1,0,0,0,0,0,0.0
2025-01-20,google,cpc,CMP-000068,Cart Recovery NA 2024,mobile,0,0,0,1,0,0,0,0.0
2025-01-16,newsletter,email,CMP-000075,Retargeting EMEA FY25,desktop,0,0,0,1,0,0,0,0.0
2025-01-12,facebook,paid_social,CMP-000067, Creator Spark Global FY25  ,mobile,0,1,0,0,0,0,0,0.0
2025-01-01,partner,referral,CMP-000043,Retargeting EMEA FY25,desktop,1,0,0,0,0,0,0,0.0
2025-01-04,facebook,paid_social,CMP-000083,RETARGETING GLOBAL 2025,tablet,0,0,0,0,0,0,1,1433.09
2025-01-14,(direct),(none),CMP-000006,REGIONAL EXPANSION US 2024,desktop,1,0,0,0,0,0,0,0.0
2025-01-16,google,cpc,CMP-000075,Lifecycle Winback NA Q4,mobile,0,1,0,0,0,0,0,0.0
2025-01-05,google,cpc,CMP-000067,competitor_search_apac_q4,desktop,0,1,0,0,0,0,0,0.0
2025-01-12,facebook,paid_social,,Holiday Promo EMEA 2024,tablet,0,1,0,0,0,0,0,0.0
2025-01-12,google,cpc,CMP-000064,regional_expansion_emea_2025,desktop,0,0,1,0,0,0,0,0.0
2025-01-16,facebook,paid_social,CMP-000068,HOLIDAY PROMO GLOBAL Q4,desktop,1,0,0,0,0,0,0,0.0
2025-01-02,facebook,paid_social,CMP-000033,Creator Spark APAC Q4,desktop,0,1,0,0,0,0,0,0.0
2025-01-27,tiktok,paid_social,CMP-000072,lifecycle_winback_global_q4,mobile,0,1,0,0,0,0,0,0.0
2025-01-30,facebook,paid_social,CMP-000029, Enterprise ABM NA 2025  ,desktop,0,1,0,0,0,0,0,0.0
2025-01-07,google,cpc,CMP-000044,HOLIDAY PROMO EMEA 2025,desktop,0,0,0,1,0,0,0,0.0
2025-01-18,google,cpc,,brand_search_global_q4,mobile,0,0,1,0,0,0,0,0.0
2025-01-29,newsletter,email,,Enterprise ABM Global 2024,desktop,0,1,0,0,0,0,0,0.0
2025-01-06,google,cpc,CMP-000083,product_launch_emea_fy25,mobile,1,0,0,0,0,0,0,0.0
2025-01-02,facebook,paid_social,CMP-000014, Competitor Search US 2025  ,desktop,0,1,0,0,0,0,0,0.0
2025-01-09,google,cpc,CMP-000010,Retargeting NA FY25,mobile,0,1,0,0,0,0,0,0.0
2025-01-27,google,cpc,CMP-000020,cart_recovery_us_2025,mobile,1,0,0,0,0,0,0,0.0
2025-01-20,facebook,paid_social,CMP-000006,cart_recovery_global_fy25,mobile,0,1,0,0,0,0,0,0.0
2025-01-06,facebook,paid_social,CMP-000053, Regional Expansion NA 2024  ,desktop,0,0,0,1,0,0,0,0.0
2025-01-02,facebook,paid_social,CMP-000006, Retargeting APAC FY25  ,desktop,1,0,0,0,0,0,0,0.0
2025-01-06,facebook,paid_social,CMP-000005, Cart Recovery US FY25  ,mobile,0,0,0,0,0,0,1,774.7
2025-01-12,google,cpc,CMP-000058,COMPETITOR SEARCH EMEA 2024,mobile,0,1,0,0,0,0,0,0.0
2025-01-08,facebook,paid_social,CMP-000021,REGIONAL EXPANSION US FY25,mobile,0,1,0,0,0,0,0,0.0
2025-01-24,(direct),(none),CMP-000033,enterprise_abm_global_fy25,desktop,0,0,0,1,0,0,0,0.0
2025-01-07,tiktok,paid_social,CMP-000021,CART RECOVERY EMEA Q4,desktop,0,0,0,0,0,1,0,0.0
2025-01-05,google,cpc,CMP-000017,Cart Recovery Global 2025,mobile,0,1,0,0,0,0,0,0.0
2025-01-29,google,cpc,CMP-000052,Competitor SEM EMEA 2025,desktop,1,0,0,0,0,0,0,0.0
2025-01-15,google,cpc,CMP-000060,LIFECYCLE WINBACK US FY25,desktop,0,1,0,0,0,0,0,0.0
2025-01-24,facebook,paid_social,CMP-000024,Cart Recovery APAC FY25,mobile,0,0,0,0,1,0,0,0.0
2025-01-19,google,cpc,CMP-000026,cart_recovery_us_2025,mobile,0,0,1,0,0,0,0,0.0
2025-01-30,google,cpc,CMP-000046,HOLIDAY PROMO US 2024,mobile,0,0,0,1,0,0,0,0.0
2025-01-31,tiktok,paid_social,CMP-000051, Brand Search Global 2024  ,mobile,0,1,0,0,0,0,0,0.0
2025-01-07,google,cpc,CMP-000017,Competitor Search NA Q4,mobile,0,1,0,0,0,0,0,0.0
2025-01-09,partner,referral,, Competitor Search Global Q4  ,mobile,0,0,0,0,1,0,0,0.0
2025-01-25,google,cpc,CMP-000006,Retargeting EMEA FY25,mobile,1,0,0,0,0,0,0,0.0
2025-01-21,google,cpc,CMP-000015,Product Launch EMEA Q4,mobile,0,0,0,0,1,0,0,0.0
2025-01-27,google,cpc,CMP-000023,Holiday Promotion Global 2025,desktop,1,0,0,0,0,0,0,0.0
2025-01-09,(direct),(none),,retargeting_na_q4,mobile,0,0,0,0,0,1,0,0.0
2025-01-01,google,cpc,CMP-000051,CART RECOVERY EMEA FY25,mobile,0,1,0,0,0,0,0,0.0
2025-01-15,newsletter,email,CMP-000080,Lifecycle Winback EMEA 2025,mobile,0,0,1,0,0,0,0,0.0
2025-01-20,tiktok,paid_social,CMP-000021,Product Launch US 2024,desktop,0,0,0,1,0,0,0,0.0
2025-01-20,(direct),(none),CMP-000014,Regional Expansion Global 2025,desktop,0,0,1,0,0,0,0,0.0
2025-01-29,facebook,paid_social,,product_launch_na_2024,mobile,0,1,0,0,0,0,0,0.0
2025-01-03,google,cpc,CMP-000081,Brand SEM APAC Q4,desktop,1,0,0,0,0,0,0,0.0
2025-01-01,tiktok,paid_social,CMP-000048,LIFECYCLE WINBACK NA 2025,desktop,1,0,0,0,0,0,0,0.0
2025-01-05,(direct),(none),CMP-000050,Product Launch EMEA 2024,desktop,0,0,0,1,0,0,0,0.0
2025-01-30,newsletter,email,CMP-000077,cart_recovery_us_2024,desktop,0,1,0,0,0,0,0,0.0
2025-01-14,newsletter,email,CMP-000043, Cart Recovery Global 2024  ,desktop,1,0,0,0,0,0,0,0.0
2025-01-19,google,cpc,CMP-000056,Holiday Promo US 2024,mobile,0,0,0,0,0,1,0,0.0
2025-01-27,tiktok,paid_social,CMP-000013,product_launch_emea_2025,mobile,0,1,0,0,0,0,0,0.0
2025-01-17,newsletter,email,CMP-000015, Competitor Search EMEA 2024  ,mobile,0,0,1,0,0,0,0,0.0
2025-01-03,(direct),(none),CMP-000028,CART RECOVERY US FY25,desktop,0,1,0,0,0,0,0,0.0
2025-01-18,google,cpc,,Retargeting Global 2024,mobile,0,0,0,0,1,0,0,0.0
2025-01-30,newsletter,email,CMP-000024,Cart Recovery Global Q4,mobile,1,0,0,0,0,0,0,0.0
2025-01-07,facebook,paid_social,CMP-000040,REGIONAL EXPANSION EMEA 2024,mobile,0,0,0,0,1,0,0,0.0
2025-01-27,google,cpc,CMP-000012,Holiday Promo EMEA 2025,mobile,0,1,0,0,0,0,0,0.0
2025-01-17,facebook,paid_social,CMP-000047,Cart Recovery US 2025,mobile,1,0,0,0,0,0,0,0.0
2025-01-10,google,cpc,CMP-000020, Competitor Search NA 2024  ,mobile,0,0,1,0,0,0,0,0.0
2025-01-22,facebook,paid_social,CMP-000048,ENTERPRISE ABM EMEA Q4,mobile,1,0,0,0,0,0,0,0.0
2025-01-02,partner,referral,CMP-000032,Product Launch NA 2025,mobile,0,1,0,0,0,0,0,0.0
2025-01-26,facebook,paid_social,,Regional Expansion US 2025,desktop,1,0,0,0,0,0,0,0.0
2025-01-21,google,cpc,CMP-000014,lifecycle_winback_na_2025,desktop,1,0,0,0,0,0,0,0.0
2025-01-20,tiktok,paid_social,CMP-000022, Regional Expansion US Q4  ,mobile,0,0,1,0,0,0,0,0.0
2025-01-14,google,cpc,CMP-000016,Enterprise ABM NA 2025,desktop,0,1,0,0,0,0,0,0.0
2025-01-18,(direct),(none),CMP-000005,REGIONAL EXPANSION US 2024,mobile,1,0,0,0,0,0,0,0.0
2025-01-22,(direct),(none),CMP-000071,Competitor SEM EMEA 2024,desktop,0,1,0,0,0,0,0,0.0
2025-01-06,facebook,paid_social,CMP-000046, Holiday Promo Global 2024  ,desktop,0,0,0,0,0,1,0,0.0
2025-01-26,facebook,paid_social,CMP-000026,Creator Spark US FY25,mobile,0,1,0,0,0,0,0,0.0
2025-01-27,google,cpc,CMP-000071,product_launch_apac_2024,desktop,0,1,0,0,0,0,0,0.0
2025-01-25,facebook,paid_social,CMP-000025,Lifecycle Winback US 2024,mobile,1,0,0,0,0,0,0,0.0
2025-01-19,google,cpc,CMP-000075,creator_spark_us_2025,mobile,0,1,0,0,0,0,0,0.0
2025-01-16,google,cpc,CMP-000065,Enterprise ABM EMEA 2025,desktop,0,1,0,0,0,0,0,0.0
2025-01-25,(direct),(none),CMP-000027, Product Launch EMEA 2025  ,tablet,0,0,0,0,1,0,0,0.0
2025-01-19,newsletter,email,CMP-000046,Creator Spark EMEA 2025,desktop,0,1,0,0,0,0,0,0.0
2025-01-19,google,cpc,CMP-000065,holiday_promo_emea_2025,mobile,0,1,0,0,0,0,0,0.0
2025-01-29,facebook,paid_social,CMP-000020,CART RECOVERY US 2025,mobile,0,0,0,1,0,0,0,0.0
2025-01-11,tiktok,paid_social,CMP-000075,Cart Recovery APAC 2024,tablet,0,1,0,0,0,0,0,0.0
2025-01-12,google,cpc,, Product Launch APAC FY25  ,tablet,0,0,0,1,0,0,0,0.0
2025-01-30,newsletter,email,CMP-000017,product_launch_apac_2025,mobile,0,0,0,0,1,0,0,0.0
2025-01-22,google,cpc,CMP-000008,BRAND SEARCH EMEA 2024,mobile,0,0,0,0,1,0,0,0.0
2025-01-28,tiktok,paid_social,CMP-000082,LIFECYCLE WINBACK US Q4,mobile,0,1,0,0,0,0,0,0.0
2025-01-07,facebook,paid_social,CMP-000074,Regional Expansion APAC FY25,mobile,0,0,0,1,0,0,0,0.0
2025-01-31,newsletter,email,CMP-000051,competitor_search_global_fy25,mobile,1,0,0,0,0,0,0,0.0
2025-01-29,newsletter,email,CMP-000026, Holiday Promo NA Q4  ,tablet,0,0,1,0,0,0,0,0.0
2025-01-18,facebook,paid_social,CMP-000068,CART RECOVERY EMEA Q4,desktop,0,1,0,0,0,0,0,0.0
2025-01-25,newsletter,email,CMP-000070,Cart Recovery US FY25,mobile,1,0,0,0,0,0,0,0.0
2025-01-11,google,cpc,CMP-000045,regional_expansion_emea_fy25,mobile,1,0,0,0,0,0,0,0.0
2025-01-17,newsletter,email,CMP-000013,Brand Search US 2024,desktop,0,0,0,0,1,0,0,0.0
2025-01-21,google,cpc,CMP-000047,LIFECYCLE WINBACK GLOBAL Q4,desktop,0,0,0,1,0,0,0,0.0
2025-01-16,tiktok,paid_social,CMP-000020,HOLIDAY PROMO NA Q4,mobile,0,1,0,0,0,0,0,0.0
2025-01-26,tiktok,paid_social,CMP-000034, Regional Expansion NA Q4  ,mobile,0,1,0,0,0,0,0,0.0
2025-01-07,google,cpc,CMP-000080,Lifecycle Winback NA FY25,desktop,0,0,0,1,0,0,0,0.0
2025-01-16,facebook,paid_social,CMP-000033,Cart Recovery EMEA Q4,desktop,0,1,0,0,0,0,0,0.0
2025-01-15,facebook,paid_social,CMP-000001,regional_expansion_apac_2025,desktop,0,1,0,0,0,0,0,0.0
2025-01-14,google,cpc,CMP-000055,Lifecycle Winback APAC FY25,mobile,0,0,0,0,0,1,0,0.0
2025-01-18,(direct),(none),CMP-000055,Regional Expansion Global 2024,desktop,0,1,0,0,0,0,0,0.0
2025-01-26,(direct),(none),CMP-000015,Creator Spark NA 2025,tablet,0,1,0,0,0,0,0,0.0
2025-01-06,google,cpc,CMP-000013, Enterprise ABM US Q4  ,tablet,1,0,0,0,0,0,0,0.0
2025-01-14,newsletter,email,CMP-000080,holiday_promo_emea_2025,mobile,1,0,0,0,0,0,0,0.0
2025-01-16,facebook,paid_social,CMP-000062,Cart Recovery EMEA 2025,desktop,0,1,0,0,0,0,0,0.0
2025-01-09,facebook,paid_social,CMP-000003,Retargeting NA Q4,mobile,0,1,0,0,0,0,0,0.0
2025-01-13,(direct),(none),CMP-000064, Brand Search APAC Q4  ,desktop,1,0,0,0,0,0,0,0.0
2025-01-07,partner,referral,CMP-000015,creator_spark_na_2024,mobile,1,0,0,0,0,0,0,0.0
2025-01-16,google,cpc,CMP-000058,competitor_search_emea_fy25,mobile,0,1,0,0,0,0,0,0.0
2025-01-19,google,cpc,,Enterprise ABM APAC 2025,desktop,0,0,0,0,0,1,0,0.0
2025-01-27,tiktok,paid_social,CMP-000048,Retargeting APAC Q4,mobile,0,0,1,0,0,0,0,0.0
2025-01-20,facebook,paid_social,CMP-000050,Regional Expansion EMEA 2025,desktop,0,0,1,0,0,0,0,0.0
2025-01-27,newsletter,email,CMP-000067,enterprise_abm_global_2024,mobile,1,0,0,0,0,0,0,0.0
2025-01-14,google,cpc,CMP-000040,holiday_promo_apac_2024,mobile,0,0,1,0,0,0,0,0.0
2025-01-06,google,cpc,CMP-000041,Product Launch APAC Q4,desktop,0,1,0,0,0,0,0,0.0
2025-01-13,facebook,paid_social,CMP-000005,Brand SEM APAC 2025,mobile,1,0,0,0,0,0,0,0.0
2025-01-17,tiktok,paid_social,CMP-000032,Product Launch APAC 2025,desktop,0,1,0,0,0,0,0,0.0
2025-01-02,tiktok,paid_social,CMP-000074,cart_recovery_us_q4,desktop,0,1,0,0,0,0,0,0.0
2025-01-01,newsletter,email,CMP-000038,Retargeting NA 2024,tablet,0,0,0,0,0,0,1,877.68
2025-01-22,google,cpc,,HOLIDAY PROMO EMEA Q4,tablet,0,0,0,1,0,0,0,0.0
2025-01-10,facebook,paid_social,CMP-000022,retargeting_apac_2024,mobile,0,0,0,0,0,0,1,530.94
2025-01-20,google,cpc,CMP-000021,retargeting_na_2024,mobile,1,0,0,0,0,0,0,0.0
2025-01-19,google,cpc,,Product Launch US FY25,desktop,0,0,1,0,0,0,0,0.0
2025-01-02,google,cpc,CMP-000065, Retargeting APAC Q4  ,desktop,0,0,1,0,0,0,0,0.0
2025-01-12,partner,referral,CMP-000068,BRAND SEARCH EMEA 2025,mobile,0,1,0,0,0,0,0,0.0
2025-01-13,google,cpc,CMP-000066,Holiday Promo EMEA 2024,desktop,0,0,0,1,0,0,0,0.0
2025-01-09,google,cpc,CMP-000073,Retargeting US 2024,tablet,1,0,0,0,0,0,0,0.0
2025-01-06,google,cpc,CMP-000078,BRAND SEARCH EMEA 2024,mobile,0,0,0,0,0,0,1,1673.98
2025-01-02,tiktok,paid_social,,holiday_promo_apac_q4,desktop,0,0,0,1,0,0,0,0.0
2025-01-21,google,cpc,CMP-000073,Competitor Search US 2024,mobile,0,0,0,0,0,1,0,0.0
2025-01-11,tiktok,paid_social,CMP-000049,COMPETITOR SEARCH US 2025,mobile,1,0,0,0,0,0,0,0.0
2025-01-19,facebook,paid_social,CMP-000011,LIFECYCLE WINBACK US Q4,desktop,0,1,0,0,0,0,0,0.0
2025-01-23,newsletter,email,CMP-000005,Creator Spark APAC 2024,desktop,0,1,0,0,0,0,0,0.0
2025-01-02,google,cpc,CMP-000075,Enterprise ABM Global FY25,mobile,1,0,0,0,0,0,0,0.0
2025-01-20,google,cpc,CMP-000069,HOLIDAY PROMO EMEA 2025,desktop,1,0,0,0,0,0,0,0.0
2025-01-18,google,cpc,CMP-000002,COMPETITOR SEARCH GLOBAL FY25,mobile,1,0,0,0,0,0,0,0.0
2025-01-22,google,cpc,CMP-000037,Competitor SEM US 2025,tablet,1,0,0,0,0,0,0,0.0
2025-01-03,newsletter,email,,competitor_search_na_2025,desktop,0,0,1,0,0,0,0,0.0
2025-01-20,google,cpc,CMP-000001,Product Launch APAC 2024,mobile,0,1,0,0,0,0,0,0.0
2025-01-12,tiktok,paid_social,CMP-000060,Lifecycle Winback NA Q4,mobile,0,0,0,0,1,0,0,0.0
2025-01-10,tiktok,paid_social,,Lifecycle Winback Global 2024,mobile,1,0,0,0,0,0,0,0.0
2025-01-25,tiktok,paid_social,CMP-000012, Holiday Promo EMEA 2025  ,mobile,0,1,0,0,0,0,0,0.0
2025-01-20,google,cpc,CMP-000032,cart_recovery_us_2025,tablet,0,0,0,0,1,0,0,0.0
2025-01-11,tiktok,paid_social,CMP-000040,Lifecycle Winback US FY25,mobile,1,0,0,0,0,0,0,0.0
2025-01-17,facebook,paid_social,,BRAND SEARCH GLOBAL Q4,desktop,0,1,0,0,0,0,0,0.0
2025-01-26,facebook,paid_social,CMP-000012,COMPETITOR SEARCH US 2025,mobile,0,1,0,0,0,0,0,0.0
2025-01-30,(direct),(none),CMP-000002, Lifecycle Winback US Q4  ,desktop,0,0,0,1,0,0,0,0.0
2025-01-04,(direct),(none),CMP-000024,Competitor Search US 2025,desktop,1,0,0,0,0,0,0,0.0
2025-01-02,facebook,paid_social,CMP-000040,regional_expansion_apac_2025,desktop,0,0,0,0,0,1,0,0.0
2025-01-14,newsletter,email,CMP-000069, Competitor Search Global Q4  ,mobile,0,1,0,0,0,0,0,0.0
2025-01-22,tiktok,paid_social,CMP-000062,regional_expansion_us_2025,desktop,0,0,1,0,0,0,0,0.0
2025-01-28,facebook,paid_social,CMP-000069,ENTERPRISE ABM NA 2025,desktop,0,0,1,0,0,0,0,0.0
2025-01-23,(direct),(none),CMP-000022,Holiday Promotion Global FY25,desktop,0,0,0,0,1,0,0,0.0
2025-01-20,google,cpc,CMP-000023,Holiday Promotion US FY25,mobile,0,1,0,0,0,0,0,0.0
2025-01-01,facebook,paid_social,CMP-000082, Competitor Search NA 2025  ,desktop,1,0,0,0,0,0,0,0.0
2025-01-19,google,cpc,,competitor_search_global_q4,mobile,0,0,1,0,0,0,0,0.0
2025-01-09,google,cpc,CMP-000023,Holiday Promo US 2024,mobile,1,0,0,0,0,0,0,0.0
2025-01-17,google,cpc,CMP-000045,product_launch_apac_q4,desktop,1,0,0,0,0,0,0,0.0
2025-01-27,google,cpc,,RETARGETING EMEA Q4,mobile,0,1,0,0,0,0,0,0.0
2025-01-08,google,cpc,CMP-000045,Lifecycle Winback US 2025,mobile,1,0,0,0,0,0,0,0.0
2025-01-02,google,cpc,,BRAND SEARCH US FY25,mobile,0,0,1,0,0,0,0,0.0
2025-01-15,(direct),(none),CMP-000075,PRODUCT LAUNCH APAC 2025,desktop,0,1,0,0,0,0,0,0.0
2025-01-06,partner,referral,CMP-000066,HOLIDAY PROMO APAC Q4,mobile,0,1,0,0,0,0,0,0.0
2025-01-18,google,cpc,CMP-000052, Enterprise ABM APAC 2024  ,mobile,0,0,0,0,1,0,0,0.0
2025-01-05,facebook,paid_social,,REGIONAL EXPANSION NA FY25,desktop,0,1,0,0,0,0,0,0.0
2025-01-29,tiktok,paid_social,CMP-000073,Enterprise ABM NA 2025,mobile,0,0,0,0,0,1,0,0.0
2025-01-10,google,cpc,CMP-000053, Competitor Search EMEA Q4  ,mobile,1,0,0,0,0,0,0,0.0
2025-01-12,google,cpc,CMP-000057,Holiday Promo APAC FY25,mobile,0,1,0,0,0,0,0,0.0
2025-01-02,tiktok,paid_social,CMP-000027,Creator Spark NA 2025,desktop,0,1,0,0,0,0,0,0.0
2025-01-26,facebook,paid_social,CMP-000039, Retargeting EMEA 2024  ,mobile,0,0,0,0,0,0,1,610.7
2025-01-01,google,cpc,CMP-000010,product_launch_global_q4,tablet,1,0,0,0,0,0,0,0.0
2025-01-25,partner,referral,CMP-000075,CART RECOVERY US 2024,mobile,0,1,0,0,0,0,0,0.0
2025-01-26,newsletter,email,CMP-000064, Competitor Search Global 2025  ,desktop,1,0,0,0,0,0,0,0.0
2025-01-11,tiktok,paid_social,CMP-000083,Competitor Search APAC FY25,desktop,1,0,0,0,0,0,0,0.0
2025-01-08,tiktok,paid_social,CMP-000031,Brand SEM EMEA 2024,desktop,1,0,0,0,0,0,0,0.0
2025-01-24,facebook,paid_social,CMP-000080,competitor_search_apac_2025,mobile,0,1,0,0,0,0,0,0.0
2025-01-25,facebook,paid_social,CMP-000009,Lifecycle Winback US 2025,mobile,1,0,0,0,0,0,0,0.0
2025-01-10,google,cpc,CMP-000004,holiday_promo_global_2025,desktop,0,0,1,0,0,0,0,0.0
2025-01-03,google,cpc,CMP-000080,CART RECOVERY NA 2025,mobile,0,1,0,0,0,0,0,0.0
2025-01-01,facebook,paid_social,CMP-000032,PRODUCT LAUNCH US 2025,mobile,0,0,0,0,0,1,0,0.0
2025-01-06,tiktok,paid_social,,Creator Spark US FY25,desktop,0,1,0,0,0,0,0,0.0
2025-01-07,facebook,paid_social,CMP-000016,REGIONAL EXPANSION NA 2025,mobile,0,1,0,0,0,0,0,0.0
2025-01-02,newsletter,email,CMP-000069,brand_search_global_q4,tablet,0,0,1,0,0,0,0,0.0
2025-01-01,google,cpc,CMP-000032,Retargeting Global 2025,mobile,0,0,0,0,1,0,0,0.0
2025-01-28,(direct),(none),CMP-000057, Product Launch US FY25  ,mobile,0,1,0,0,0,0,0,0.0
2025-01-17,partner,referral,,regional_expansion_emea_2024,mobile,0,0,0,0,1,0,0,0.0
2025-01-16,tiktok,paid_social,CMP-000074,Lifecycle Winback US 2025,mobile,1,0,0,0,0,0,0,0.0
2025-01-12,google,cpc,CMP-000004, Retargeting US 2025  ,desktop,0,0,1,0,0,0,0,0.0
2025-01-10,google,cpc,,Competitor Search NA 2025,mobile,0,0,0,0,1,0,0,0.0
2025-01-08,newsletter,email,CMP-000005, Lifecycle Winback APAC FY25  ,mobile,1,0,0,0,0,0,0,0.0
2025-01-31,google,cpc,CMP-000046, Competitor Search Global Q4  ,mobile,0,0,0,0,1,0,0,0.0
2025-01-14,google,cpc,CMP-000068,product_launch_global_2025,desktop,0,0,0,1,0,0,0,0.0
2025-01-05,newsletter,email,CMP-000023,creator_spark_us_2024,mobile,0,1,0,0,0,0,0,0.0
2025-01-04,facebook,paid_social,CMP-000051,Lifecycle Winback EMEA FY25,desktop,0,1,0,0,0,0,0,0.0
2025-01-14,facebook,paid_social,CMP-000048,regional_expansion_apac_q4,desktop,0,0,1,0,0,0,0,0.0
2025-01-11,google,cpc,,Creator Spark US 2025,tablet,1,0,0,0,0,0,0,0.0
2025-01-15,google,cpc,CMP-000081,Regional Expansion EMEA FY25,desktop,0,1,0,0,0,0,0,0.0
2025-01-10,partner,referral,CMP-000059, Brand Search US Q4  ,mobile,0,0,0,0,0,0,1,548.59
2025-01-17,google,cpc,,Enterprise ABM Global 2024,desktop,0,1,0,0,0,0,0,0.0
2025-01-26,google,cpc,,Enterprise ABM APAC 2025,mobile,0,0,0,1,0,0,0,0.0
2025-01-24,tiktok,paid_social,CMP-000024,Regional Expansion EMEA Q4,mobile,0,0,0,0,1,0,0,0.0
2025-01-28,facebook,paid_social,,Holiday Promotion Global Q4,desktop,0,0,0,0,0,0,1,592.67
2025-01-05,newsletter,email,CMP-000017,Product Launch Global 2024,mobile,0,0,0,1,0,0,0,0.0
2025-01-17,tiktok,paid_social,CMP-000077,Enterprise ABM EMEA 2024,mobile,0,1,0,0,0,0,0,0.0
2025-01-16,tiktok,paid_social,CMP-000011,Competitor SEM US FY25,desktop,0,0,0,1,0,0,0,0.0
2025-01-30,tiktok,paid_social,CMP-000074, Brand Search Global Q4  ,desktop,0,1,0,0,0,0,0,0.0
2025-01-26,google,cpc,CMP-000049,enterprise_abm_us_q4,mobile,1,0,0,0,0,0,0,0.0
2025-01-20,google,cpc,CMP-000049, Cart Recovery NA 2025  ,mobile,0,0,0,0,0,0,1,766.93
2025-01-30,google,cpc,CMP-000001, Cart Recovery EMEA 2024  ,mobile,0,1,0,0,0,0,0,0.0
2025-01-13,google,cpc,CMP-000062,cart_recovery_emea_q4,mobile,0,1,0,0,0,0,0,0.0
2025-01-13,newsletter,email,CMP-000041, Holiday Promo Global FY25  ,desktop,0,1,0,0,0,0,0,0.0
2025-01-16,facebook,paid_social,CMP-000079,Retargeting APAC 2025,desktop,0,0,1,0,0,0,0,0.0
2025-01-16,facebook,paid_social,CMP-000082,Cart Recovery NA FY25,desktop,0,1,0,0,0,0,0,0.0
2025-01-26,facebook,paid_social,CMP-000022, Lifecycle Winback Global 2025  ,mobile,0,0,0,0,0,0,1,853.8
2025-01-30,(direct),(none),CMP-000033,brand_search_na_2025,mobile,0,1,0,0,0,0,0,0.0
2025-01-15,tiktok,paid_social,CMP-000011,Regional Expansion Global FY25,mobile,0,0,0,1,0,0,0,0.0
2025-01-12,google,cpc,CMP-000032,creator_spark_apac_2025,mobile,0,1,0,0,0,0,0,0.0
2025-01-05,tiktok,paid_social,CMP-000014, Creator Spark NA FY25  ,desktop,0,0,1,0,0,0,0,0.0
2025-01-07,google,cpc,CMP-000057,PRODUCT LAUNCH GLOBAL Q4,desktop,0,0,0,1,0,0,0,0.0
2025-01-09,tiktok,paid_social,CMP-000037,LIFECYCLE WINBACK NA Q4,mobile,0,0,1,0,0,0,0,0.0
2025-01-06,tiktok,paid_social,CMP-000073, Holiday Promo Global FY25  ,mobile,1,0,0,0,0,0,0,0.0
2025-01-30,google,cpc,CMP-000064,creator_spark_na_q4,desktop,1,0,0,0,0,0,0,0.0
2025-01-04,facebook,paid_social,CMP-000004, Competitor Search US FY25  ,mobile,0,0,0,1,0,0,0,0.0
2025-01-27,google,cpc,CMP-000057, Creator Spark APAC Q4  ,desktop,0,1,0,0,0,0,0,0.0
2025-01-23,newsletter,email,CMP-000041, Retargeting US Q4  ,mobile,0,1,0,0,0,0,0,0.0
2025-01-21,google,cpc,,ENTERPRISE ABM GLOBAL 2025,tablet,0,0,1,0,0,0,0,0.0
2025-01-22,google,cpc,CMP-000074,Holiday Promo US 2024,desktop,1,0,0,0,0,0,0,0.0
2025-01-12,facebook,paid_social,CMP-000073,competitor_search_emea_q4,desktop,0,1,0,0,0,0,0,0.0
2025-01-10,facebook,paid_social,CMP-000006,Lifecycle Winback NA 2025,mobile,1,0,0,0,0,0,0,0.0
2025-01-31,facebook,paid_social,CMP-000010,Retargeting APAC 2024,tablet,0,1,0,0,0,0,0,0.0
2025-01-10,tiktok,paid_social,CMP-000044, Competitor Search APAC FY25  ,desktop,0,0,0,0,0,0,1,1709.09
2025-01-03,google,cpc,CMP-000076, Lifecycle Winback EMEA FY25  ,mobile,1,0,0,0,0,0,0,0.0
2025-01-13,google,cpc,CMP-000055,enterprise_abm_apac_2025,desktop,0,0,0,0,0,1,0,0.0
2025-01-03,(direct),(none),CMP-000025,Competitor Search US 2025,desktop,0,1,0,0,0,0,0,0.0
2025-01-10,newsletter,email,CMP-000060,enterprise_abm_apac_fy25,mobile,0,1,0,0,0,0,0,0.0
2025-01-21,google,cpc,CMP-000034,Creator Spark Global Q4,desktop,0,0,0,1,0,0,0,0.0
2025-01-27,google,cpc,CMP-000043,Enterprise ABM US Q4,mobile,0,0,0,0,1,0,0,0.0
2025-01-31,(direct),(none),CMP-000081, Creator Spark US 2024  ,mobile,0,1,0,0,0,0,0,0.0
2025-01-10,google,cpc,,Brand SEM NA 2024,mobile,1,0,0,0,0,0,0,0.0
2025-01-20,google,cpc,CMP-000054,holiday_promo_na_2025,desktop,0,0,0,1,0,0,0,0.0
2025-01-01,google,cpc,CMP-000011, Lifecycle Winback NA 2024  ,mobile,0,1,0,0,0,0,0,0.0
2025-01-08,newsletter,email,, Competitor Search EMEA FY25  ,mobile,0,1,0,0,0,0,0,0.0
2025-01-06,newsletter,email,CMP-000045,retargeting_emea_2025,desktop,0,1,0,0,0,0,0,0.0
2025-01-30,google,cpc,, Holiday Promo NA 2024  ,tablet,0,1,0,0,0,0,0,0.0
2025-01-09,facebook,paid_social,CMP-000050,enterprise_abm_global_2025,mobile,0,1,0,0,0,0,0,0.0
2025-01-20,google,cpc,CMP-000035,Lifecycle Winback APAC 2024,mobile,0,1,0,0,0,0,0,0.0
2025-01-11,google,cpc,,CART RECOVERY US 2024,tablet,0,0,1,0,0,0,0,0.0
2025-01-19,google,cpc,CMP-000036,Retargeting EMEA 2024,desktop,0,0,0,1,0,0,0,0.0
2025-01-29,facebook,paid_social,,Creator Spark APAC 2025,desktop,0,0,0,0,0,0,1,1244.58
2025-01-22,tiktok,paid_social,CMP-000049,Regional Expansion NA Q4,desktop,1,0,0,0,0,0,0,0.0
2025-01-05,facebook,paid_social,CMP-000083,Brand SEM Global Q4,mobile,0,0,1,0,0,0,0,0.0
2025-01-30,(direct),(none),CMP-000017,LIFECYCLE WINBACK EMEA FY25,desktop,0,1,0,0,0,0,0,0.0
2025-01-17,partner,referral,CMP-000038, Product Launch APAC FY25  ,mobile,0,0,0,1,0,0,0,0.0
2025-01-03,google,cpc,,PRODUCT LAUNCH EMEA 2025,desktop,1,0,0,0,0,0,0,0.0
2025-01-13,newsletter,email,CMP-000024, Cart Recovery US 2025  ,desktop,0,1,0,0,0,0,0,0.0
2025-01-20,google,cpc,CMP-000050,Enterprise ABM EMEA 2024,mobile,0,1,0,0,0,0,0,0.0
2025-01-11,tiktok,paid_social,CMP-000063,lifecycle_winback_emea_2025,desktop,0,0,0,1,0,0,0,0.0
2025-01-28,google,cpc,,PRODUCT LAUNCH GLOBAL FY25,desktop,0,0,1,0,0,0,0,0.0
2025-01-07,facebook,paid_social,,Product Launch EMEA FY25,desktop,1,0,0,0,0,0,0,0.0
2025-01-24,tiktok,paid_social,,Product Launch APAC Q4,mobile,0,0,1,0,0,0,0,0.0
2025-01-14,facebook,paid_social,CMP-000038,RETARGETING US Q4,mobile,0,0,1,0,0,0,0,0.0
2025-01-14,facebook,paid_social,CMP-000074,Holiday Promo EMEA 2025,mobile,0,1,0,0,0,0,0,0.0
2025-01-22,google,cpc,CMP-000040,Cart Recovery US Q4,desktop,0,0,0,0,0,1,0,0.0
2025-01-30,google,cpc,CMP-000047,creator_spark_na_2025,mobile,0,1,0,0,0,0,0,0.0
2025-01-05,newsletter,email,CMP-000009,LIFECYCLE WINBACK GLOBAL 2025,mobile,1,0,0,0,0,0,0,0.0
2025-01-18,newsletter,email,CMP-000047,RETARGETING US FY25,mobile,0,1,0,0,0,0,0,0.0
2025-01-10,tiktok,paid_social,CMP-000077,ENTERPRISE ABM APAC Q4,desktop,0,0,0,0,0,0,1,213.7
2025-01-29,tiktok,paid_social,CMP-000059,retargeting_emea_fy25,desktop,0,1,0,0,0,0,0,0.0
2025-01-11,google,cpc,CMP-000080,Cart Recovery EMEA Q4,desktop,0,1,0,0,0,0,0,0.0
2025-01-05,facebook,paid_social,CMP-000043,Enterprise ABM US FY25,mobile,1,0,0,0,0,0,0,0.0
2025-01-16,google,cpc,CMP-000018,CREATOR SPARK APAC 2024,mobile,0,0,1,0,0,0,0,0.0
2025-01-24,google,cpc,CMP-000070,PRODUCT LAUNCH EMEA 2025,desktop,0,0,0,0,0,1,0,0.0
2025-01-06,tiktok,paid_social,CMP-000001,competitor_search_emea_2025,desktop,0,1,0,0,0,0,0,0.0
2025-01-31,tiktok,paid_social,CMP-000026,LIFECYCLE WINBACK US 2024,mobile,0,0,1,0,0,0,0,0.0
2025-01-31,facebook,paid_social,CMP-000080,Holiday Promotion APAC FY25,mobile,0,1,0,0,0,0,0,0.0
2025-01-22,facebook,paid_social,CMP-000043,lifecycle_winback_us_fy25,mobile,0,0,0,1,0,0,0,0.0
2025-01-14,tiktok,paid_social,CMP-000083,creator_spark_apac_2025,desktop,0,0,1,0,0,0,0,0.0
2025-01-12,newsletter,email,CMP-000033, Creator Spark US FY25  ,desktop,1,0,0,0,0,0,0,0.0
2025-01-26,google,cpc,CMP-000044,BRAND SEARCH EMEA Q4,desktop,0,1,0,0,0,0,0,0.0
2025-01-27,newsletter,email,CMP-000030, Competitor Search US Q4  ,desktop,1,0,0,0,0,0,0,0.0
2025-01-05,partner,referral,CMP-000061,Holiday Promotion NA FY25,desktop,0,0,1,0,0,0,0,0.0
2025-01-03,google,cpc,CMP-000067,ENTERPRISE ABM APAC Q4,desktop,0,1,0,0,0,0,0,0.0
2025-01-31,newsletter,email,CMP-000007,Brand SEM NA Q4,mobile,0,0,0,0,1,0,0,0.0
2025-01-06,google,cpc,CMP-000036,Product Launch APAC 2024,mobile,0,1,0,0,0,0,0,0.0
2025-01-31,facebook,paid_social,CMP-000059,ENTERPRISE ABM NA FY25,desktop,1,0,0,0,0,0,0,0.0
2025-01-18,facebook,paid_social,CMP-000075,Regional Expansion APAC Q4,mobile,0,0,0,1,0,0,0,0.0
2025-01-18,facebook,paid_social,CMP-000015, Cart Recovery EMEA 2024  ,mobile,0,0,0,0,1,0,0,0.0
2025-01-11,tiktok,paid_social,CMP-000028,Enterprise ABM US FY25,desktop,0,0,0,0,1,0,0,0.0
2025-01-06,facebook,paid_social,CMP-000054, Brand Search APAC 2024  ,desktop,0,0,0,1,0,0,0,0.0
2025-01-25,google,cpc,CMP-000051, Competitor Search APAC 2024  ,mobile,1,0,0,0,0,0,0,0.0
2025-01-18,tiktok,paid_social,, Creator Spark US FY25  ,tablet,0,0,1,0,0,0,0,0.0
2025-01-12,tiktok,paid_social,CMP-000003,lifecycle_winback_na_2025,mobile,0,1,0,0,0,0,0,0.0
2025-01-31,tiktok,paid_social,CMP-000018,product_launch_apac_q4,desktop,0,0,1,0,0,0,0,0.0
2025-01-01,google,cpc,CMP-000019, Retargeting US FY25  ,mobile,0,1,0,0,0,0,0,0.0
2025-01-25,(direct),(none),CMP-000061,Product Launch US 2024,desktop,0,0,1,0,0,0,0,0.0
2025-01-30,tiktok,paid_social,,Brand Search APAC 2025,mobile,1,0,0,0,0,0,0,0.0
2025-01-31,google,cpc,CMP-000040, Retargeting EMEA FY25  ,mobile,0,0,0,0,0,1,0,0.0
2025-01-11,google,cpc,CMP-000043,retargeting_emea_fy25,desktop,0,1,0,0,0,0,0,0.0
2025-01-31,google,cpc,CMP-000053,RETARGETING APAC FY25,mobile,1,0,0,0,0,0,0,0.0
2025-01-13,google,cpc,CMP-000016,Retargeting Global 2024,desktop,1,0,0,0,0,0,0,0.0
2025-01-25,google,cpc,CMP-000061,Lifecycle Winback US 2024,desktop,1,0,0,0,0,0,0,0.0
2025-01-12,(direct),(none),CMP-000083,Retargeting NA 2024,mobile,0,0,1,0,0,0,0,0.0
2025-01-02,tiktok,paid_social,CMP-000076,Brand SEM NA 2025,desktop,0,1,0,0,0,0,0,0.0
2025-01-23,tiktok,paid_social,CMP-000047,PRODUCT LAUNCH NA 2025,mobile,0,0,0,0,0,0,1,909.93
2025-01-01,tiktok,paid_social,CMP-000005,Cart Recovery US 2024,desktop,0,1,0,0,0,0,0,0.0
2025-01-21,tiktok,paid_social,CMP-000080,competitor_search_apac_2025,mobile,0,0,0,0,0,0,1,343.25
2025-01-29,(direct),(none),CMP-000002,Brand SEM NA 2025,mobile,0,0,0,0,0,1,0,0.0
2025-01-25,facebook,paid_social,CMP-000018, Holiday Promo APAC Q4  ,mobile,0,0,0,0,1,0,0,0.0
2025-01-31,google,cpc,CMP-000011, Retargeting APAC 2024  ,mobile,0,0,0,0,1,0,0,0.0
2025-01-01,newsletter,email,CMP-000067,enterprise_abm_global_2025,mobile,0,1,0,0,0,0,0,0.0
2025-01-14,newsletter,email,,LIFECYCLE WINBACK APAC Q4,desktop,0,0,0,0,1,0,0,0.0
2025-01-25,google,cpc,, Regional Expansion APAC Q4  ,desktop,0,1,0,0,0,0,0,0.0
2025-01-20,google,cpc,CMP-000080,Enterprise ABM US FY25,mobile,0,0,0,0,1,0,0,0.0
2025-01-25,google,cpc,CMP-000035,CREATOR SPARK GLOBAL 2024,desktop,0,0,1,0,0,0,0,0.0
2025-01-04,google,cpc,CMP-000077,regional_expansion_na_fy25,desktop,0,0,0,0,0,0,1,250.38
2025-01-04,(direct),(none),CMP-000032,Holiday Promotion APAC Q4,desktop,0,1,0,0,0,0,0,0.0
2025-01-06,partner,referral,CMP-000011,Retargeting EMEA FY25,mobile,0,1,0,0,0,0,0,0.0
2025-01-13,facebook,paid_social,CMP-000040, Competitor Search Global Q4  ,desktop,0,0,1,0,0,0,0,0.0
2025-01-29,google,cpc,CMP-000010,enterprise_abm_na_fy25,mobile,0,1,0,0,0,0,0,0.0
2025-01-13,partner,referral,CMP-000016,Holiday Promotion EMEA 2024,desktop,0,1,0,0,0,0,0,0.0
2025-01-04,facebook,paid_social,CMP-000050, Lifecycle Winback Global 2024  ,mobile,0,1,0,0,0,0,0,0.0
2025-01-20,tiktok,paid_social,CMP-000004, Holiday Promo EMEA Q4  ,desktop,0,1,0,0,0,0,0,0.0
2025-01-28,google,cpc,CMP-000044,Cart Recovery NA 2025,mobile,1,0,0,0,0,0,0,0.0
2025-01-20,(direct),(none),CMP-000043,Brand Search US 2025,desktop,1,0,0,0,0,0,0,0.0
2025-01-29,(direct),(none),,regional_expansion_na_q4,mobile,0,1,0,0,0,0,0,0.0
2025-01-17,newsletter,email,,Brand Search APAC Q4,mobile,0,0,0,0,1,0,0,0.0
2025-01-09,google,cpc,CMP-000013,enterprise_abm_apac_fy25,desktop,0,0,0,1,0,0,0,0.0
2025-01-14,facebook,paid_social,CMP-000037,Creator Spark Global 2024,desktop,0,0,1,0,0,0,0,0.0
2025-01-10,google,cpc,CMP-000015,Retargeting Global FY25,mobile,1,0,0,0,0,0,0,0.0
2025-01-14,newsletter,email,CMP-000025,Competitor Search Global FY25,mobile,0,0,0,0,1,0,0,0.0
2025-01-20,tiktok,paid_social,CMP-000082, Lifecycle Winback EMEA 2024  ,desktop,0,1,0,0,0,0,0,0.0
2025-01-15,partner,referral,CMP-000050,cart_recovery_na_2024,mobile,0,0,0,1,0,0,0,0.0
2025-01-10,facebook,paid_social,CMP-000053,regional_expansion_apac_fy25,mobile,0,0,0,1,0,0,0,0.0
2025-01-03,google,cpc,,Enterprise ABM NA 2024,mobile,1,0,0,0,0,0,0,0.0
2025-01-12,newsletter,email,CMP-000044,Lifecycle Winback EMEA 2025,desktop,0,0,0,0,0,1,0,0.0
2025-01-15,tiktok,paid_social,CMP-000050,REGIONAL EXPANSION APAC 2024,mobile,0,1,0,0,0,0,0,0.0
2025-01-01,(direct),(none),CMP-000012,retargeting_emea_2024,mobile,1,0,0,0,0,0,0,0.0
2025-01-28,google,cpc,CMP-000051,ENTERPRISE ABM NA Q4,mobile,0,0,0,1,0,0,0,0.0
2025-01-16,(direct),(none),CMP-000051,product_launch_global_fy25,tablet,0,0,0,0,1,0,0,0.0
2025-01-12,google,cpc,CMP-000052,Retargeting US Q4,desktop,0,1,0,0,0,0,0,0.0
2025-01-11,facebook,paid_social,CMP-000041,Holiday Promotion US 2025,mobile,0,0,0,1,0,0,0,0.0
2025-01-29,tiktok,paid_social,,ENTERPRISE ABM NA 2024,tablet,0,0,0,0,1,0,0,0.0
2025-01-07,google,cpc,,REGIONAL EXPANSION GLOBAL FY25,desktop,0,1,0,0,0,0,0,0.0
2025-01-06,tiktok,paid_social,CMP-000042,Retargeting APAC 2025,tablet,0,1,0,0,0,0,0,0.0
2025-01-12,tiktok,paid_social,CMP-000048,product_launch_us_fy25,tablet,0,0,1,0,0,0,0,0.0
2025-01-09,google,cpc,CMP-000054,Regional Expansion APAC 2025,mobile,0,1,0,0,0,0,0,0.0
2025-01-09,google,cpc,,Cart Recovery EMEA 2025,mobile,1,0,0,0,0,0,0,0.0
2025-01-12,newsletter,email,CMP-000015,Holiday Promo US Q4,mobile,0,1,0,0,0,0,0,0.0
2025-01-23,partner,referral,CMP-000038, Creator Spark APAC 2024  ,tablet,0,1,0,0,0,0,0,0.0
2025-01-22,tiktok,paid_social,CMP-000035,regional_expansion_apac_2025,desktop,0,0,0,0,0,1,0,0.0
2025-01-18,facebook,paid_social,CMP-000050,Brand Search EMEA FY25,mobile,0,1,0,0,0,0,0,0.0
2025-01-21,newsletter,email,CMP-000063,HOLIDAY PROMO APAC 2025,desktop,0,1,0,0,0,0,0,0.0
2025-01-02,facebook,paid_social,CMP-000045,HOLIDAY PROMO EMEA Q4,desktop,0,1,0,0,0,0,0,0.0
2025-01-16,(direct),(none),CMP-000070,competitor_search_emea_2025,desktop,0,1,0,0,0,0,0,0.0
2025-01-12,facebook,paid_social,CMP-000083, Regional Expansion NA Q4  ,mobile,1,0,0,0,0,0,0,0.0
2025-01-22,(direct),(none),CMP-000004,REGIONAL EXPANSION EMEA Q4,desktop,0,1,0,0,0,0,0,0.0
2025-01-20,newsletter,email,CMP-000003,PRODUCT LAUNCH US FY25,mobile,0,0,1,0,0,0,0,0.0
2025-01-27,google,cpc,CMP-000017,RETARGETING EMEA FY25,mobile,0,1,0,0,0,0,0,0.0
2025-01-18,google,cpc,CMP-000061,CART RECOVERY EMEA FY25,desktop,0,1,0,0,0,0,0,0.0
2025-01-13,newsletter,email,CMP-000020,RETARGETING EMEA 2024,mobile,0,1,0,0,0,0,0,0.0
2025-01-29,facebook,paid_social,, Creator Spark APAC Q4  ,mobile,0,0,0,0,1,0,0,0.0
2025-01-01,facebook,paid_social,,CREATOR SPARK NA 2025,desktop,0,1,0,0,0,0,0,0.0
2025-01-12,tiktok,paid_social,CMP-000062, Cart Recovery Global Q4  ,desktop,0,0,1,0,0,0,0,0.0
2025-01-10,partner,referral,CMP-000035, Holiday Promo APAC 2024  ,desktop,0,0,0,0,0,0,1,638.9
2025-01-11,google,cpc,CMP-000016,Enterprise ABM US 2024,desktop,0,0,0,0,0,0,1,909.51
2025-01-21,tiktok,paid_social,CMP-000053,Enterprise ABM APAC Q4,desktop,0,1,0,0,0,0,0,0.0
2025-01-22,google,cpc,CMP-000008,Lifecycle Winback US FY25,mobile,0,0,0,0,1,0,0,0.0
2025-01-13,facebook,paid_social,CMP-000019,Cart Recovery EMEA 2025,mobile,0,0,1,0,0,0,0,0.0
2025-01-12,newsletter,email,CMP-000065, Holiday Promo US 2024  ,desktop,1,0,0,0,0,0,0,0.0
2025-01-05,facebook,paid_social,CMP-000004,HOLIDAY PROMO EMEA 2024,mobile,0,1,0,0,0,0,0,0.0
2025-01-06,google,cpc,CMP-000017, Retargeting EMEA 2025  ,desktop,1,0,0,0,0,0,0,0.0
2025-01-23,google,cpc,CMP-000005,CART RECOVERY GLOBAL 2025,desktop,0,0,0,0,0,0,1,561.96
2025-01-14,facebook,paid_social,CMP-000039,Retargeting NA Q4,mobile,0,0,0,0,0,0,1,1221.12
2025-01-30,(direct),(none),CMP-000035,RETARGETING GLOBAL Q4,desktop,0,0,1,0,0,0,0,0.0
2025-01-16,newsletter,email,CMP-000058,holiday_promo_global_q4,mobile,1,0,0,0,0,0,0,0.0
2025-01-24,google,cpc,CMP-000052,Holiday Promo US 2025,mobile,0,1,0,0,0,0,0,0.0
2025-01-14,partner,referral,CMP-000046,holiday_promo_global_fy25,desktop,0,0,1,0,0,0,0,0.0
2025-01-01,google,cpc,CMP-000037,Product Launch Global 2025,desktop,1,0,0,0,0,0,0,0.0
2025-01-19,facebook,paid_social,CMP-000067,Creator Spark NA Q4,desktop,1,0,0,0,0,0,0,0.0
2025-01-19,facebook,paid_social,CMP-000047,Brand Search EMEA FY25,desktop,0,0,0,1,0,0,0,0.0
2025-01-13,google,cpc,CMP-000030,HOLIDAY PROMO EMEA 2024,mobile,0,1,0,0,0,0,0,0.0
2025-01-15,google,cpc,CMP-000083,Retargeting EMEA 2025,desktop,0,1,0,0,0,0,0,0.0
2025-01-08,facebook,paid_social,CMP-000013,cart_recovery_us_2025,mobile,0,1,0,0,0,0,0,0.0
2025-01-20,newsletter,email,CMP-000062,Cart Recovery NA 2024,desktop,0,1,0,0,0,0,0,0.0
2025-01-15,tiktok,paid_social,CMP-000061,REGIONAL EXPANSION GLOBAL Q4,desktop,0,1,0,0,0,0,0,0.0
2025-01-18,partner,referral,CMP-000027, Enterprise ABM NA 2024  ,mobile,0,0,1,0,0,0,0,0.0
2025-01-06,newsletter,email,CMP-000066,LIFECYCLE WINBACK EMEA FY25,mobile,0,0,0,1,0,0,0,0.0
2025-01-27,google,cpc,CMP-000082, Regional Expansion US 2025  ,desktop,0,0,0,0,0,1,0,0.0
2025-01-05,google,cpc,CMP-000006,RETARGETING US 2025,desktop,0,0,1,0,0,0,0,0.0
2025-01-20,facebook,paid_social,CMP-000016,Enterprise ABM Global 2025,mobile,0,0,0,0,1,0,0,0.0
2025-01-24,google,cpc,, Enterprise ABM NA 2025  ,mobile,0,0,0,1,0,0,0,0.0
2025-01-19,google,cpc,CMP-000077,Product Launch APAC 2025,mobile,0,1,0,0,0,0,0,0.0
2025-01-05,newsletter,email,CMP-000039,competitor_search_emea_fy25,mobile,0,1,0,0,0,0,0,0.0
2025-01-14,google,cpc,CMP-000048,Regional Expansion APAC 2025,desktop,1,0,0,0,0,0,0,0.0
2025-01-03,google,cpc,CMP-000035,Holiday Promo EMEA Q4,desktop,0,1,0,0,0,0,0,0.0
2025-01-22,newsletter,email,CMP-000072, Product Launch APAC 2024  ,desktop,0,0,0,1,0,0,0,0.0
2025-01-22,facebook,paid_social,CMP-000022,Lifecycle Winback NA Q4,mobile,0,0,1,0,0,0,0,0.0
2025-01-22,newsletter,email,CMP-000062,lifecycle_winback_global_2025,mobile,0,1,0,0,0,0,0,0.0
2025-01-27,google,cpc,CMP-000073,Holiday Promotion US 2025,mobile,0,0,0,0,0,0,1,1169.15
2025-01-31,(direct),(none),CMP-000069,Retargeting APAC FY25,desktop,1,0,0,0,0,0,0,0.0
2025-01-03,facebook,paid_social,,RETARGETING EMEA 2024,mobile,1,0,0,0,0,0,0,0.0
2025-01-27,google,cpc,CMP-000048,Cart Recovery US 2025,mobile,0,1,0,0,0,0,0,0.0
2025-01-22,tiktok,paid_social,,Brand SEM Global 2024,mobile,1,0,0,0,0,0,0,0.0
2025-01-26,google,cpc,CMP-000063, Product Launch EMEA Q4  ,mobile,0,0,0,1,0,0,0,0.0
2025-01-25,google,cpc,CMP-000083,Creator Spark NA FY25,mobile,0,0,1,0,0,0,0,0.0
2025-01-17,google,cpc,CMP-000037, Enterprise ABM NA FY25  ,mobile,0,1,0,0,0,0,0,0.0
2025-01-21,tiktok,paid_social,CMP-000001,lifecycle_winback_na_q4,mobile,0,0,0,1,0,0,0,0.0
2025-01-29,(direct),(none),CMP-000069,Creator Spark US 2025,mobile,0,0,0,0,0,1,0,0.0
2025-01-02,google,cpc,CMP-000072, Retargeting Global FY25  ,tablet,0,0,1,0,0,0,0,0.0
2025-01-19,tiktok,paid_social,CMP-000038, Lifecycle Winback EMEA FY25  ,desktop,0,0,0,1,0,0,0,0.0
2025-01-14,(direct),(none),CMP-000036,Cart Recovery NA 2025,mobile,0,0,0,1,0,0,0,0.0
2025-01-19,(direct),(none),CMP-000009,enterprise_abm_global_fy25,desktop,0,0,1,0,0,0,0,0.0
2025-01-28,partner,referral,CMP-000041,lifecycle_winback_global_2025,tablet,1,0,0,0,0,0,0,0.0
2025-01-02,tiktok,paid_social,CMP-000045,creator_spark_na_2025,mobile,0,1,0,0,0,0,0,0.0
2025-01-17,google,cpc,CMP-000031,LIFECYCLE WINBACK US FY25,desktop,1,0,0,0,0,0,0,0.0
2025-01-29,google,cpc,CMP-000052,Enterprise ABM NA 2024,desktop,0,1,0,0,0,0,0,0.0
2025-01-12,newsletter,email,CMP-000059,retargeting_emea_q4,desktop,0,0,0,0,0,1,0,0.0
2025-01-24,google,cpc,CMP-000036,HOLIDAY PROMO GLOBAL 2025,desktop,1,0,0,0,0,0,0,0.0
2025-01-22,tiktok,paid_social,CMP-000055,Competitor Search EMEA 2024,mobile,0,0,0,1,0,0,0,0.0
2025-01-12,facebook,paid_social,CMP-000033,holiday_promo_global_2024,desktop,0,1,0,0,0,0,0,0.0
2025-01-06,google,cpc,CMP-000035,Holiday Promotion US 2025,mobile,0,1,0,0,0,0,0,0.0
2025-01-23,newsletter,email,CMP-000069,holiday_promo_emea_2024,mobile,1,0,0,0,0,0,0,0.0
2025-01-08,google,cpc,CMP-000075,enterprise_abm_us_2025,desktop,1,0,0,0,0,0,0,0.0
2025-01-05,partner,referral,CMP-000005,lifecycle_winback_us_2024,desktop,0,1,0,0,0,0,0,0.0
2025-01-21,facebook,paid_social,, Lifecycle Winback US 2025  ,desktop,0,0,0,0,1,0,0,0.0
2025-01-13,partner,referral,CMP-000014,Competitor SEM US 2025,mobile,0,0,0,0,0,0,1,438.34
2025-01-22,facebook,paid_social,CMP-000020,Competitor Search US 2024,desktop,0,0,1,0,0,0,0,0.0
2025-01-18,google,cpc,CMP-000008, Brand Search APAC Q4  ,tablet,0,0,0,1,0,0,0,0.0
2025-01-29,facebook,paid_social,CMP-000073,Cart Recovery Global Q4,mobile,1,0,0,0,0,0,0,0.0
2025-01-28,google,cpc,CMP-000059,REGIONAL EXPANSION GLOBAL 2025,mobile,0,0,1,0,0,0,0,0.0
2025-01-05,google,cpc,CMP-000063,Competitor SEM EMEA FY25,desktop,0,1,0,0,0,0,0,0.0
2025-01-14,facebook,paid_social,CMP-000002,BRAND SEARCH US Q4,mobile,0,1,0,0,0,0,0,0.0
2025-01-09,newsletter,email,CMP-000011,Brand SEM APAC 2025,desktop,0,0,1,0,0,0,0,0.0
2025-01-18,newsletter,email,CMP-000041,holiday_promo_global_2024,mobile,0,0,0,0,0,1,0,0.0
2025-01-12,facebook,paid_social,, Product Launch NA 2025  ,desktop,0,1,0,0,0,0,0,0.0
2025-01-28,google,cpc,CMP-000065, Retargeting US FY25  ,tablet,0,1,0,0,0,0,0,0.0
2025-01-03,google,cpc,CMP-000054, Creator Spark US FY25  ,tablet,0,1,0,0,0,0,0,0.0
2025-01-05,google,cpc,CMP-000064, Holiday Promo Global Q4  ,desktop,0,1,0,0,0,0,0,0.0
2025-01-09,facebook,paid_social,CMP-000050,Brand SEM Global FY25,mobile,0,0,0,0,0,0,1,596.45
2025-01-14,google,cpc,CMP-000019,Lifecycle Winback APAC 2024,mobile,0,1,0,0,0,0,0,0.0
2025-01-05,newsletter,email,CMP-000059,Brand Search Global 2025,mobile,0,1,0,0,0,0,0,0.0
2025-01-31,tiktok,paid_social,CMP-000020,CART RECOVERY GLOBAL 2024,mobile,0,0,0,0,1,0,0,0.0
2025-01-05,google,cpc,CMP-000058,Product Launch NA 2025,mobile,0,0,0,1,0,0,0,0.0
2025-01-31,google,cpc,CMP-000021,Enterprise ABM NA 2024,mobile,0,1,0,0,0,0,0,0.0
2025-01-18,tiktok,paid_social,, Holiday Promo US FY25  ,mobile,0,0,0,0,0,1,0,0.0
2025-01-18,tiktok,paid_social,CMP-000004,regional_expansion_na_2025,mobile,0,1,0,0,0,0,0,0.0
2025-01-26,facebook,paid_social,CMP-000016,PRODUCT LAUNCH NA 2024,mobile,1,0,0,0,0,0,0,0.0
2025-01-19,newsletter,email,CMP-000081,competitor_search_us_2025,mobile,0,1,0,0,0,0,0,0.0
2025-01-16,facebook,paid_social,CMP-000019, Holiday Promo APAC Q4  ,desktop,0,0,1,0,0,0,0,0.0
2025-01-28,(direct),(none),CMP-000053,HOLIDAY PROMO NA 2024,mobile,0,1,0,0,0,0,0,0.0
2025-01-01,facebook,paid_social,,regional_expansion_us_2024,mobile,0,0,0,0,0,0,1,1052.51
2025-01-22,(direct),(none),CMP-000024,LIFECYCLE WINBACK GLOBAL Q4,mobile,1,0,0,0,0,0,0,0.0
2025-01-13,google,cpc,CMP-000007, Brand Search APAC 2025  ,desktop,0,0,0,0,0,0,1,1207.22
2025-01-17,google,cpc,CMP-000052,Enterprise ABM APAC FY25,desktop,0,0,0,0,0,0,1,1233.9
2025-01-21,facebook,paid_social,CMP-000078,REGIONAL EXPANSION NA 2024,mobile,0,0,0,1,0,0,0,0.0
2025-01-24,partner,referral,CMP-000023,Creator Spark NA 2024,desktop,0,0,0,0,0,0,1,638.9
2025-01-18,newsletter,email,CMP-000048, Lifecycle Winback APAC Q4  ,desktop,0,0,0,0,0,0,1,1026.48
2025-01-06,newsletter,email,CMP-000043,CART RECOVERY APAC Q4,mobile,0,0,0,0,0,1,0,0.0
2025-01-15,(direct),(none),CMP-000025,COMPETITOR SEARCH GLOBAL 2024,desktop,0,1,0,0,0,0,0,0.0
2025-01-19,google,cpc,,Holiday Promo APAC 2025,desktop,0,1,0,0,0,0,0,0.0
2025-01-06,facebook,paid_social,CMP-000016,COMPETITOR SEARCH US 2024,desktop,0,0,0,0,0,0,1,491.25
2025-01-25,tiktok,paid_social,CMP-000023, Competitor Search EMEA Q4  ,mobile,1,0,0,0,0,0,0,0.0
2025-01-19,newsletter,email,CMP-000064,holiday_promo_na_q4,mobile,0,0,1,0,0,0,0,0.0
2025-01-28,google,cpc,CMP-000019,Lifecycle Winback Global Q4,mobile,0,1,0,0,0,0,0,0.0
2025-01-02,facebook,paid_social,CMP-000069,Lifecycle Winback NA 2025,desktop,0,1,0,0,0,0,0,0.0
2025-01-19,facebook,paid_social,CMP-000047,LIFECYCLE WINBACK APAC 2024,mobile,0,1,0,0,0,0,0,0.0
2025-01-28,(direct),(none),CMP-000059, Retargeting Global Q4  ,mobile,0,1,0,0,0,0,0,0.0
2025-01-24,tiktok,paid_social,CMP-000042,creator_spark_apac_2024,desktop,0,0,0,0,1,0,0,0.0
2025-01-20,facebook,paid_social,CMP-000002,lifecycle_winback_emea_q4,mobile,0,1,0,0,0,0,0,0.0
2025-01-04,newsletter,email,,holiday_promo_global_2025,desktop,0,1,0,0,0,0,0,0.0
2025-01-19,google,cpc,CMP-000009,Holiday Promo EMEA Q4,mobile,0,1,0,0,0,0,0,0.0
2025-01-15,facebook,paid_social,CMP-000060,BRAND SEARCH US 2024,desktop,0,1,0,0,0,0,0,0.0
2025-01-12,google,cpc,CMP-000038,Brand SEM APAC Q4,mobile,0,1,0,0,0,0,0,0.0
2025-01-27,partner,referral,CMP-000073,regional_expansion_apac_fy25,tablet,0,1,0,0,0,0,0,0.0
2025-01-25,tiktok,paid_social,CMP-000023,holiday_promo_apac_2024,desktop,1,0,0,0,0,0,0,0.0
2025-01-11,google,cpc,,HOLIDAY PROMO US FY25,desktop,1,0,0,0,0,0,0,0.0
2025-01-14,google,cpc,CMP-000005,REGIONAL EXPANSION EMEA 2025,mobile,0,1,0,0,0,0,0,0.0
2025-01-11,(direct),(none),CMP-000077,Cart Recovery Global FY25,mobile,0,0,0,0,0,1,0,0.0
2025-01-14,facebook,paid_social,CMP-000005,competitor_search_global_2024,desktop,1,0,0,0,0,0,0,0.0
2025-01-22,google,cpc,CMP-000008,Competitor Search NA Q4,desktop,0,0,1,0,0,0,0,0.0
2025-01-19,tiktok,paid_social,CMP-000054, Enterprise ABM US Q4  ,desktop,1,0,0,0,0,0,0,0.0
2025-01-07,google,cpc,,CART RECOVERY EMEA Q4,desktop,0,1,0,0,0,0,0,0.0
2025-01-28,facebook,paid_social,CMP-000047,Retargeting APAC 2025,mobile,0,1,0,0,0,0,0,0.0
2025-01-17,(direct),(none),CMP-000028,Holiday Promotion US FY25,mobile,0,0,1,0,0,0,0,0.0
2025-01-17,google,cpc,CMP-000016,Retargeting US Q4,mobile,0,1,0,0,0,0,0,0.0
2025-01-13,facebook,paid_social,CMP-000029,RETARGETING APAC 2025,desktop,0,1,0,0,0,0,0,0.0
2025-01-13,tiktok,paid_social,CMP-000058,Holiday Promotion EMEA 2024,tablet,0,0,1,0,0,0,0,0.0
2025-01-17,google,cpc,CMP-000058,Regional Expansion US FY25,desktop,0,1,0,0,0,0,0,0.0
2025-01-25,tiktok,paid_social,CMP-000057,Competitor Search Global Q4,mobile,1,0,0,0,0,0,0,0.0
2025-01-15,tiktok,paid_social,CMP-000061,Creator Spark EMEA FY25,mobile,0,1,0,0,0,0,0,0.0
2025-01-25,google,cpc,CMP-000057,brand_search_apac_2024,mobile,0,1,0,0,0,0,0,0.0
2025-01-16,newsletter,email,,Brand Search Global 2024,mobile,0,0,0,0,1,0,0,0.0
2025-01-24,tiktok,paid_social,CMP-000003,Brand SEM EMEA Q4,tablet,1,0,0,0,0,0,0,0.0
2025-01-01,partner,referral,CMP-000034, Retargeting Global Q4  ,desktop,0,0,0,0,0,1,0,0.0
2025-01-07,newsletter,email,, Retargeting NA FY25  ,desktop,0,0,1,0,0,0,0,0.0
2025-01-21,google,cpc,CMP-000060,RETARGETING US 2025,mobile,0,0,0,0,0,1,0,0.0
2025-01-05,facebook,paid_social,CMP-000071,Product Launch APAC 2024,mobile,0,0,0,1,0,0,0,0.0
2025-01-12,tiktok,paid_social,, Creator Spark NA FY25  ,desktop,0,0,0,0,0,1,0,0.0
2025-01-18,facebook,paid_social,CMP-000041, Regional Expansion Global 2024  ,mobile,0,0,0,0,0,1,0,0.0
2025-01-06,newsletter,email,CMP-000011,Lifecycle Winback US FY25,mobile,0,0,0,0,0,0,1,247.32
2025-01-11,newsletter,email,CMP-000042,Competitor SEM APAC FY25,mobile,0,1,0,0,0,0,0,0.0
2025-01-03,facebook,paid_social,CMP-000042,Lifecycle Winback APAC 2024,desktop,0,0,0,0,1,0,0,0.0
2025-01-23,facebook,paid_social,CMP-000002,Lifecycle Winback APAC Q4,tablet,1,0,0,0,0,0,0,0.0
2025-01-23,facebook,paid_social,CMP-000031,LIFECYCLE WINBACK US Q4,desktop,0,0,1,0,0,0,0,0.0
2025-01-20,google,cpc,CMP-000016, Brand Search NA FY25  ,desktop,0,0,0,0,1,0,0,0.0
2025-01-26,facebook,paid_social,CMP-000007, Retargeting NA Q4  ,desktop,0,1,0,0,0,0,0,0.0
2025-01-14,facebook,paid_social,CMP-000066,lifecycle_winback_us_2024,mobile,1,0,0,0,0,0,0,0.0
2025-01-03,google,cpc,CMP-000041,retargeting_emea_2024,desktop,0,0,0,1,0,0,0,0.0
2025-01-31,facebook,paid_social,CMP-000031,Regional Expansion US FY25,tablet,1,0,0,0,0,0,0,0.0
2025-01-25,partner,referral,CMP-000039,Enterprise ABM NA Q4,desktop,0,0,1,0,0,0,0,0.0
2025-01-28,google,cpc,,Product Launch EMEA 2024,desktop,0,1,0,0,0,0,0,0.0
2025-01-19,tiktok,paid_social,CMP-000036,CREATOR SPARK APAC Q4,mobile,0,1,0,0,0,0,0,0.0
2025-01-03,facebook,paid_social,CMP-000048,RETARGETING EMEA FY25,desktop,0,0,0,0,1,0,0,0.0
2025-01-25,tiktok,paid_social,CMP-000016,Creator Spark Global Q4,desktop,0,0,0,0,0,1,0,0.0
2025-01-11,facebook,paid_social,CMP-000068,regional_expansion_us_2025,tablet,0,0,0,0,0,0,1,684.32
2025-01-25,(direct),(none),CMP-000001,Competitor Search EMEA FY25,desktop,1,0,0,0,0,0,0,0.0
2025-01-23,google,cpc,CMP-000035,Cart Recovery APAC Q4,mobile,0,1,0,0,0,0,0,0.0
2025-01-03,tiktok,paid_social,CMP-000057,CART RECOVERY NA Q4,desktop,1,0,0,0,0,0,0,0.0
2025-01-11,google,cpc,CMP-000026,brand_search_global_q4,desktop,0,0,0,1,0,0,0,0.0
2025-01-20,google,cpc,CMP-000005, Brand Search APAC Q4  ,desktop,0,1,0,0,0,0,0,0.0
2025-01-31,(direct),(none),CMP-000020,regional_expansion_global_2025,tablet,0,0,1,0,0,0,0,0.0
2025-01-03,google,cpc,CMP-000041,Product Launch NA 2024,desktop,0,1,0,0,0,0,0,0.0
2025-01-10,newsletter,email,,brand_search_apac_2024,desktop,1,0,0,0,0,0,0,0.0
2025-01-21,google,cpc,CMP-000071, Cart Recovery Global 2024  ,mobile,0,1,0,0,0,0,0,0.0
2025-01-30,partner,referral,CMP-000039,Holiday Promotion NA Q4,desktop,0,0,0,1,0,0,0,0.0
2025-01-26,google,cpc,CMP-000040,Regional Expansion EMEA Q4,desktop,0,0,0,0,0,0,1,1795.72
2025-01-04,tiktok,paid_social,CMP-000007,retargeting_apac_q4,tablet,0,0,0,1,0,0,0,0.0
2025-01-02,tiktok,paid_social,CMP-000019,Cart Recovery APAC Q4,mobile,0,0,0,0,0,0,1,786.99
2025-01-26,facebook,paid_social,CMP-000083,Creator Spark US 2025,mobile,0,1,0,0,0,0,0,0.0
2025-01-04,google,cpc,CMP-000028, Enterprise ABM NA 2024  ,mobile,0,0,1,0,0,0,0,0.0
2025-01-13,google,cpc,CMP-000056,Creator Spark NA FY25,desktop,0,0,0,0,0,1,0,0.0
2025-01-08,google,cpc,CMP-000040,Cart Recovery NA 2024,desktop,0,0,0,0,1,0,0,0.0
2025-01-06,google,cpc,CMP-000024,Retargeting Global 2024,tablet,0,0,0,0,0,1,0,0.0
2025-01-26,facebook,paid_social,CMP-000019,Cart Recovery Global 2024,desktop,0,1,0,0,0,0,0,0.0
2025-01-05,tiktok,paid_social,CMP-000003, Retargeting EMEA 2024  ,desktop,0,1,0,0,0,0,0,0.0
2025-01-14,facebook,paid_social,CMP-000002,Product Launch APAC FY25,tablet,0,1,0,0,0,0,0,0.0
2025-01-06,(direct),(none),CMP-000077,Competitor Search NA FY25,desktop,1,0,0,0,0,0,0,0.0
2025-01-12,google,cpc,CMP-000038, Cart Recovery NA FY25  ,mobile,1,0,0,0,0,0,0,0.0
2025-01-23,newsletter,email,, Cart Recovery US Q4  ,mobile,0,1,0,0,0,0,0,0.0
2025-01-17,google,cpc,CMP-000039,Competitor SEM US 2025,desktop,0,1,0,0,0,0,0,0.0
2025-01-07,tiktok,paid_social,CMP-000078,PRODUCT LAUNCH EMEA Q4,mobile,1,0,0,0,0,0,0,0.0
2025-01-01,newsletter,email,CMP-000008,LIFECYCLE WINBACK NA FY25,mobile,0,0,1,0,0,0,0,0.0
2025-01-20,google,cpc,CMP-000021,creator_spark_us_fy25,mobile,0,0,0,0,0,1,0,0.0
2025-01-23,google,cpc,,HOLIDAY PROMO APAC 2025,mobile,0,0,0,0,0,1,0,0.0
2025-01-14,newsletter,email,,BRAND SEARCH US 2024,mobile,0,1,0,0,0,0,0,0.0
2025-01-24,google,cpc,CMP-000081,Creator Spark NA 2025,tablet,0,0,0,1,0,0,0,0.0
2025-01-26,google,cpc,CMP-000022,Enterprise ABM US 2024,mobile,0,0,0,1,0,0,0,0.0
2025-01-29,facebook,paid_social,CMP-000023, Lifecycle Winback Global 2024  ,desktop,0,1,0,0,0,0,0,0.0
2025-01-24,facebook,paid_social,CMP-000001,ENTERPRISE ABM EMEA 2024,tablet,0,1,0,0,0,0,0,0.0
2025-01-09,partner,referral,CMP-000031,Retargeting US 2024,mobile,0,1,0,0,0,0,0,0.0
2025-01-10,(direct),(none),CMP-000008,Creator Spark APAC 2025,mobile,0,1,0,0,0,0,0,0.0
2025-01-17,newsletter,email,CMP-000014,product_launch_apac_2025,mobile,0,0,0,0,0,1,0,0.0
2025-01-18,facebook,paid_social,CMP-000001,Retargeting EMEA 2024,desktop,0,1,0,0,0,0,0,0.0
2025-01-19,google,cpc,,CREATOR SPARK US 2024,desktop,1,0,0,0,0,0,0,0.0
2025-01-11,facebook,paid_social,CMP-000070, Holiday Promo EMEA 2024  ,mobile,1,0,0,0,0,0,0,0.0
2025-01-07,(direct),(none),CMP-000025, Retargeting Global 2024  ,tablet,0,0,0,0,0,0,1,797.52
2025-01-14,(direct),(none),CMP-000004,Holiday Promotion APAC 2024,mobile,1,0,0,0,0,0,0,0.0
2025-01-29,google,cpc,CMP-000046,retargeting_emea_q4,desktop,0,0,0,1,0,0,0,0.0
2025-01-17,google,cpc,CMP-000009,PRODUCT LAUNCH GLOBAL FY25,desktop,0,1,0,0,0,0,0,0.0
2025-01-06,tiktok,paid_social,CMP-000013,PRODUCT LAUNCH NA 2024,tablet,0,0,1,0,0,0,0,0.0
2025-01-27,(direct),(none),CMP-000016,Product Launch NA 2025,mobile,1,0,0,0,0,0,0,0.0
2025-01-14,tiktok,paid_social,CMP-000001,Lifecycle Winback NA FY25,desktop,0,0,0,1,0,0,0,0.0
2025-01-09,google,cpc,CMP-000049,Creator Spark EMEA FY25,desktop,0,1,0,0,0,0,0,0.0
2025-01-15,google,cpc,CMP-000073,Competitor SEM NA FY25,mobile,0,1,0,0,0,0,0,0.0
2025-01-30,newsletter,email,CMP-000020,COMPETITOR SEARCH NA 2025,mobile,1,0,0,0,0,0,0,0.0
2025-01-27,google,cpc,CMP-000044,ENTERPRISE ABM APAC 2025,mobile,0,1,0,0,0,0,0,0.0
2025-01-16,newsletter,email,CMP-000049,creator_spark_emea_2025,mobile,1,0,0,0,0,0,0,0.0
2025-01-23,google,cpc,,ENTERPRISE ABM US Q4,mobile,0,0,1,0,0,0,0,0.0
2025-01-20,facebook,paid_social,CMP-000068,Product Launch EMEA FY25,mobile,1,0,0,0,0,0,0,0.0
2025-01-04,facebook,paid_social,CMP-000031,Brand Search NA FY25,tablet,1,0,0,0,0,0,0,0.0
2025-01-30,google,cpc,CMP-000026,cart_recovery_emea_fy25,mobile,0,0,1,0,0,0,0,0.0
2025-01-06,google,cpc,CMP-000045,Brand SEM EMEA 2024,desktop,1,0,0,0,0,0,0,0.0
2025-01-09,facebook,paid_social,CMP-000025,Enterprise ABM NA FY25,mobile,1,0,0,0,0,0,0,0.0
2025-01-01,facebook,paid_social,CMP-000049,cart_recovery_emea_2025,mobile,0,1,0,0,0,0,0,0.0
2025-01-02,facebook,paid_social,CMP-000046,Lifecycle Winback Global 2025,desktop,0,1,0,0,0,0,0,0.0
2025-01-03,google,cpc,CMP-000037,retargeting_emea_2024,mobile,0,1,0,0,0,0,0,0.0
2025-01-11,google,cpc,CMP-000036,Competitor Search Global 2024,tablet,0,1,0,0,0,0,0,0.0
2025-01-25,facebook,paid_social,CMP-000028,Brand SEM NA Q4,mobile,0,1,0,0,0,0,0,0.0
2025-01-23,facebook,paid_social,CMP-000011,Brand SEM US FY25,mobile,0,1,0,0,0,0,0,0.0
2025-01-29,newsletter,email,CMP-000065,PRODUCT LAUNCH GLOBAL 2024,desktop,0,1,0,0,0,0,0,0.0
2025-01-03,facebook,paid_social,CMP-000064,Lifecycle Winback NA FY25,desktop,1,0,0,0,0,0,0,0.0
2025-01-25,newsletter,email,CMP-000042,Holiday Promotion Global Q4,tablet,0,0,0,0,0,1,0,0.0
2025-01-03,facebook,paid_social,CMP-000004,regional_expansion_apac_2025,mobile,0,0,0,0,0,0,1,845.05
2025-01-05,google,cpc,CMP-000043, Brand Search US FY25  ,mobile,0,0,1,0,0,0,0,0.0
2025-01-16,facebook,paid_social,CMP-000058, Lifecycle Winback Global 2025  ,desktop,1,0,0,0,0,0,0,0.0
2025-01-09,facebook,paid_social,CMP-000011, Regional Expansion Global 2025  ,tablet,0,1,0,0,0,0,0,0.0
2025-01-31,tiktok,paid_social,CMP-000003,Enterprise ABM EMEA 2024,desktop,0,1,0,0,0,0,0,0.0
2025-01-26,google,cpc,CMP-000022,CART RECOVERY EMEA FY25,mobile,0,1,0,0,0,0,0,0.0
2025-01-13,google,cpc,CMP-000013, Lifecycle Winback NA 2025  ,desktop,0,0,1,0,0,0,0,0.0
2025-01-09,tiktok,paid_social,CMP-000014,CART RECOVERY US FY25,mobile,1,0,0,0,0,0,0,0.0
2025-01-18,tiktok,paid_social,CMP-000039,Product Launch Global 2024,desktop,1,0,0,0,0,0,0,0.0
2025-01-04,newsletter,email,CMP-000054,competitor_search_global_2024,mobile,0,0,0,0,0,1,0,0.0
2025-01-03,google,cpc,CMP-000064,Brand SEM Global 2024,mobile,0,0,0,1,0,0,0,0.0
2025-01-22,google,cpc,CMP-000078,lifecycle_winback_emea_2025,mobile,0,1,0,0,0,0,0,0.0
2025-01-23,newsletter,email,CMP-000003,CART RECOVERY NA Q4,mobile,0,0,0,0,0,1,0,0.0
2025-01-10,google,cpc,,regional_expansion_na_fy25,desktop,0,0,1,0,0,0,0,0.0
2025-01-14,(direct),(none),CMP-000018,Creator Spark EMEA 2025,desktop,0,0,1,0,0,0,0,0.0
2025-01-23,google,cpc,CMP-000050,holiday_promo_na_q4,mobile,0,1,0,0,0,0,0,0.0
2025-01-03,facebook,paid_social,CMP-000080, Cart Recovery EMEA 2025  ,desktop,1,0,0,0,0,0,0,0.0
2025-01-20,google,cpc,CMP-000021,Cart Recovery US Q4,mobile,1,0,0,0,0,0,0,0.0
2025-01-10,google,cpc,CMP-000050,Retargeting US FY25,mobile,0,0,0,0,0,1,0,0.0
2025-01-02,google,cpc,CMP-000058,Product Launch Global 2024,desktop,0,1,0,0,0,0,0,0.0
2025-01-24,google,cpc,,Competitor Search NA 2025,mobile,1,0,0,0,0,0,0,0.0
2025-01-06,tiktok,paid_social,CMP-000038,Product Launch EMEA 2024,mobile,1,0,0,0,0,0,0,0.0
2025-01-09,google,cpc,CMP-000058,enterprise_abm_emea_2024,desktop,0,1,0,0,0,0,0,0.0
2025-01-23,google,cpc,CMP-000048,Retargeting EMEA Q4,mobile,0,1,0,0,0,0,0,0.0
2025-01-08,(direct),(none),CMP-000056,BRAND SEARCH APAC 2024,mobile,0,0,0,0,0,0,1,1819.04
2025-01-09,tiktok,paid_social,CMP-000029,brand_search_emea_2024,desktop,1,0,0,0,0,0,0,0.0
2025-01-16,google,cpc,CMP-000050,Lifecycle Winback Global Q4,desktop,0,1,0,0,0,0,0,0.0
2025-01-15,facebook,paid_social,CMP-000058, Creator Spark NA Q4  ,desktop,0,0,0,0,0,0,1,1054.38
2025-01-20,tiktok,paid_social,CMP-000038,Competitor SEM APAC Q4,mobile,0,1,0,0,0,0,0,0.0
2025-01-23,facebook,paid_social,CMP-000029,Cart Recovery Global Q4,mobile,0,1,0,0,0,0,0,0.0
2025-01-15,google,cpc,CMP-000064,CART RECOVERY APAC 2025,mobile,0,0,1,0,0,0,0,0.0
2025-01-24,newsletter,email,CMP-000009,Enterprise ABM APAC 2024,desktop,0,0,0,0,0,0,1,659.18
2025-01-08,tiktok,paid_social,CMP-000008,product_launch_emea_q4,mobile,0,1,0,0,0,0,0,0.0
2025-01-13,tiktok,paid_social,CMP-000008,Lifecycle Winback US 2025,tablet,0,1,0,0,0,0,0,0.0
2025-01-26,google,cpc,CMP-000079,Product Launch EMEA 2025,desktop,0,0,1,0,0,0,0,0.0
2025-01-01,(direct),(none),CMP-000030,cart_recovery_apac_fy25,desktop,0,0,0,1,0,0,0,0.0
2025-01-25,newsletter,email,CMP-000044,enterprise_abm_emea_2024,mobile,1,0,0,0,0,0,0,0.0
2025-01-15,google,cpc,CMP-000018,BRAND SEARCH US Q4,desktop,0,1,0,0,0,0,0,0.0
2025-01-18,newsletter,email,CMP-000082,Product Launch Global Q4,desktop,0,0,0,0,0,1,0,0.0
2025-01-11,google,cpc,CMP-000043,Creator Spark EMEA 2025,tablet,0,0,0,0,0,0,1,952.19
2025-01-22,facebook,paid_social,CMP-000076,ENTERPRISE ABM NA 2024,desktop,0,1,0,0,0,0,0,0.0
2025-01-29,partner,referral,CMP-000004,cart_recovery_us_2024,desktop,0,0,0,0,0,1,0,0.0
2025-01-04,newsletter,email,CMP-000052,Cart Recovery Global 2024,tablet,0,0,0,1,0,0,0,0.0
2025-01-29,tiktok,paid_social,CMP-000059,Competitor SEM EMEA 2024,mobile,0,0,0,0,0,1,0,0.0
2025-01-10,tiktok,paid_social,CMP-000046, Enterprise ABM Global FY25  ,tablet,0,0,0,0,1,0,0,0.0
2025-01-02,partner,referral,CMP-000076,Retargeting NA Q4,tablet,0,1,0,0,0,0,0,0.0
2025-01-30,google,cpc,CMP-000083,holiday_promo_emea_2024,desktop,0,1,0,0,0,0,0,0.0
2025-01-10,tiktok,paid_social,CMP-000042, Enterprise ABM APAC 2025  ,mobile,0,0,0,0,1,0,0,0.0
2025-01-23,newsletter,email,,Competitor SEM Global 2025,mobile,0,1,0,0,0,0,0,0.0
2025-01-14,partner,referral,CMP-000003, Lifecycle Winback APAC 2025  ,mobile,0,0,1,0,0,0,0,0.0
2025-01-25,(direct),(none),CMP-000024,REGIONAL EXPANSION NA Q4,desktop,1,0,0,0,0,0,0,0.0
2025-01-30,google,cpc,CMP-000058,retargeting_global_2024,desktop,0,1,0,0,0,0,0,0.0
2025-01-24,newsletter,email,CMP-000069, Creator Spark APAC FY25  ,mobile,0,1,0,0,0,0,0,0.0
2025-01-30,newsletter,email,CMP-000034, Product Launch US FY25  ,desktop,1,0,0,0,0,0,0,0.0
2025-01-06,tiktok,paid_social,CMP-000019,creator_spark_global_q4,desktop,0,0,0,1,0,0,0,0.0
2025-01-11,facebook,paid_social,CMP-000048,Competitor SEM Global FY25,mobile,0,0,1,0,0,0,0,0.0
2025-01-05,google,cpc,CMP-000034,Brand Search NA FY25,mobile,0,0,1,0,0,0,0,0.0
2025-01-17,tiktok,paid_social,CMP-000027,Holiday Promo APAC FY25,mobile,0,0,0,0,1,0,0,0.0
2025-01-21,google,cpc,CMP-000004,Retargeting NA Q4,mobile,0,1,0,0,0,0,0,0.0
2025-01-27,newsletter,email,CMP-000055, Creator Spark Global FY25  ,tablet,0,0,0,0,0,1,0,0.0
2025-01-09,google,cpc,CMP-000044,cart_recovery_global_2024,desktop,0,0,1,0,0,0,0,0.0
2025-01-27,(direct),(none),CMP-000064,ENTERPRISE ABM APAC 2025,desktop,0,1,0,0,0,0,0,0.0
2025-01-13,google,cpc,,Regional Expansion EMEA FY25,desktop,0,1,0,0,0,0,0,0.0
2025-01-29,google,cpc,CMP-000082,retargeting_us_fy25,mobile,0,0,0,0,0,0,1,673.37
2025-01-10,facebook,paid_social,CMP-000064,CREATOR SPARK GLOBAL 2024,desktop,0,0,1,0,0,0,0,0.0
2025-01-23,tiktok,paid_social,,Creator Spark APAC Q4,mobile,0,0,0,0,0,0,1,504.32
2025-01-25,google,cpc,CMP-000017,Retargeting EMEA Q4,desktop,0,0,0,0,0,1,0,0.0
2025-01-03,google,cpc,CMP-000029,creator_spark_global_2025,mobile,0,1,0,0,0,0,0,0.0
2025-01-29,facebook,paid_social,CMP-000042,Enterprise ABM EMEA 2025,desktop,0,1,0,0,0,0,0,0.0
2025-01-03,facebook,paid_social,, Creator Spark Global 2025  ,desktop,0,1,0,0,0,0,0,0.0
2025-01-28,google,cpc,CMP-000063,BRAND SEARCH APAC FY25,desktop,0,0,0,0,0,1,0,0.0
2025-01-23,google,cpc,CMP-000030,Brand Search EMEA 2025,mobile,1,0,0,0,0,0,0,0.0
2025-01-06,google,cpc,CMP-000023, Brand Search NA 2025  ,desktop,0,1,0,0,0,0,0,0.0
2025-01-08,facebook,paid_social,CMP-000014,REGIONAL EXPANSION APAC Q4,mobile,0,1,0,0,0,0,0,0.0
2025-01-04,google,cpc,CMP-000077,Product Launch Global FY25,desktop,0,1,0,0,0,0,0,0.0
2025-01-05,(direct),(none),CMP-000056,brand_search_na_fy25,desktop,1,0,0,0,0,0,0,0.0
2025-01-04,newsletter,email,CMP-000062,LIFECYCLE WINBACK US FY25,desktop,1,0,0,0,0,0,0,0.0
2025-01-21,google,cpc,CMP-000048,Creator Spark EMEA Q4,mobile,1,0,0,0,0,0,0,0.0
2025-01-19,facebook,paid_social,CMP-000038,Enterprise ABM NA FY25,mobile,1,0,0,0,0,0,0,0.0
2025-01-16,newsletter,email,CMP-000056,Cart Recovery APAC 2024,desktop,1,0,0,0,0,0,0,0.0
2025-01-30,(direct),(none),CMP-000014,RETARGETING APAC Q4,desktop,0,0,0,0,0,1,0,0.0
2025-01-22,(direct),(none),CMP-000034,creator_spark_global_2025,mobile,0,0,0,0,1,0,0,0.0
2025-01-05,newsletter,email,CMP-000059,CREATOR SPARK NA 2024,tablet,0,0,0,0,1,0,0,0.0
2025-01-26,newsletter,email,CMP-000066,Creator Spark NA 2025,mobile,0,0,0,0,1,0,0,0.0
2025-01-30,google,cpc,CMP-000013,retargeting_us_fy25,desktop,1,0,0,0,0,0,0,0.0
2025-01-30,facebook,paid_social,CMP-000034,Cart Recovery NA 2025,desktop,0,0,0,0,0,0,1,374.76
2025-01-14,newsletter,email,,holiday_promo_na_2024,desktop,0,1,0,0,0,0,0,0.0
2025-01-08,tiktok,paid_social,CMP-000011,Competitor SEM US 2025,desktop,0,0,0,1,0,0,0,0.0
2025-01-25,google,cpc,CMP-000072,Regional Expansion US FY25,desktop,0,1,0,0,0,0,0,0.0
2025-01-16,google,cpc,CMP-000067,HOLIDAY PROMO GLOBAL 2025,desktop,0,0,0,1,0,0,0,0.0
2025-01-10,(direct),(none),CMP-000069,Competitor SEM EMEA FY25,mobile,0,0,1,0,0,0,0,0.0
2025-01-15,facebook,paid_social,CMP-000015,Cart Recovery NA 2024,desktop,0,0,0,0,1,0,0,0.0
2025-01-21,tiktok,paid_social,CMP-000070, Regional Expansion APAC Q4  ,tablet,1,0,0,0,0,0,0,0.0
2025-01-26,partner,referral,CMP-000010,Enterprise ABM NA Q4,mobile,0,1,0,0,0,0,0,0.0
2025-01-17,(direct),(none),CMP-000024,enterprise_abm_us_fy25,mobile,0,0,0,0,0,1,0,0.0
2025-01-22,newsletter,email,CMP-000005,Cart Recovery EMEA Q4,desktop,0,1,0,0,0,0,0,0.0
2025-01-23,facebook,paid_social,CMP-000046,LIFECYCLE WINBACK APAC 2025,desktop,0,1,0,0,0,0,0,0.0
2025-01-19,newsletter,email,CMP-000062,REGIONAL EXPANSION NA 2025,mobile,1,0,0,0,0,0,0,0.0
2025-01-19,google,cpc,CMP-000041, Enterprise ABM US 2025  ,mobile,0,1,0,0,0,0,0,0.0
2025-01-20,tiktok,paid_social,,competitor_search_global_2025,mobile,0,1,0,0,0,0,0,0.0
2025-01-26,facebook,paid_social,CMP-000025,retargeting_global_2025,desktop,0,1,0,0,0,0,0,0.0
2025-01-11,facebook,paid_social,CMP-000037,COMPETITOR SEARCH APAC FY25,mobile,0,0,1,0,0,0,0,0.0
2025-01-24,facebook,paid_social,,enterprise_abm_emea_q4,mobile,0,0,0,0,0,1,0,0.0
2025-01-11,google,cpc,CMP-000040, Retargeting US 2024  ,mobile,0,1,0,0,0,0,0,0.0
2025-01-25,partner,referral,CMP-000039, Brand Search EMEA Q4  ,mobile,0,1,0,0,0,0,0,0.0
2025-01-24,facebook,paid_social,CMP-000002, Competitor Search APAC 2024  ,desktop,0,0,0,1,0,0,0,0.0
2025-01-07,google,cpc,CMP-000014,competitor_search_global_fy25,mobile,0,0,1,0,0,0,0,0.0
2025-01-17,newsletter,email,CMP-000016,enterprise_abm_apac_q4,desktop,0,0,0,0,0,1,0,0.0
2025-01-09,facebook,paid_social,,Product Launch Global Q4,mobile,0,1,0,0,0,0,0,0.0
2025-01-27,tiktok,paid_social,CMP-000061,product_launch_apac_2024,mobile,0,1,0,0,0,0,0,0.0
2025-01-13,newsletter,email,CMP-000017,RETARGETING GLOBAL FY25,mobile,0,0,1,0,0,0,0,0.0
2025-01-18,facebook,paid_social,CMP-000058,retargeting_emea_q4,tablet,0,0,0,0,0,0,1,865.34
2025-01-26,google,cpc,CMP-000048,Retargeting APAC Q4,mobile,1,0,0,0,0,0,0,0.0
2025-01-10,facebook,paid_social,CMP-000018,creator_spark_apac_2024,mobile,0,1,0,0,0,0,0,0.0
2025-01-22,newsletter,email,CMP-000071,CREATOR SPARK NA Q4,tablet,0,1,0,0,0,0,0,0.0
2025-01-04,facebook,paid_social,CMP-000067,Regional Expansion Global Q4,mobile,0,1,0,0,0,0,0,0.0
2025-01-05,google,cpc,CMP-000077,lifecycle_winback_emea_q4,desktop,0,0,0,0,0,0,1,717.83
2025-01-17,google,cpc,CMP-000045,enterprise_abm_na_q4,desktop,0,1,0,0,0,0,0,0.0
2025-01-14,(direct),(none),,REGIONAL EXPANSION EMEA FY25,mobile,0,0,1,0,0,0,0,0.0
2025-01-23,partner,referral,CMP-000041,brand_search_emea_fy25,tablet,1,0,0,0,0,0,0,0.0
2025-01-31,newsletter,email,CMP-000026, Cart Recovery EMEA FY25  ,tablet,0,0,1,0,0,0,0,0.0
2025-01-07,google,cpc,CMP-000073,lifecycle_winback_na_2024,mobile,0,0,1,0,0,0,0,0.0
2025-01-29,(direct),(none),CMP-000003,Enterprise ABM NA Q4,mobile,0,0,1,0,0,0,0,0.0
2025-01-28,tiktok,paid_social,CMP-000034,PRODUCT LAUNCH EMEA 2024,mobile,0,1,0,0,0,0,0,0.0
2025-01-17,google,cpc,CMP-000047, Enterprise ABM US FY25  ,mobile,0,0,0,0,0,0,1,422.88
2025-01-19,facebook,paid_social,CMP-000044,Retargeting APAC 2025,desktop,0,1,0,0,0,0,0,0.0
2025-01-06,google,cpc,CMP-000006,Product Launch APAC 2025,mobile,0,0,1,0,0,0,0,0.0
2025-01-05,google,cpc,CMP-000038,Regional Expansion EMEA FY25,desktop,0,1,0,0,0,0,0,0.0
2025-01-30,tiktok,paid_social,CMP-000054,Brand Search Global FY25,desktop,0,1,0,0,0,0,0,0.0
2025-01-27,newsletter,email,CMP-000037,HOLIDAY PROMO APAC 2025,tablet,0,1,0,0,0,0,0,0.0
2025-01-16,facebook,paid_social,CMP-000054,CART RECOVERY EMEA 2025,mobile,0,0,0,0,0,0,1,521.28
2025-01-28,facebook,paid_social,,lifecycle_winback_us_q4,desktop,0,1,0,0,0,0,0,0.0
2025-01-05,google,cpc,CMP-000062,Enterprise ABM EMEA 2024,desktop,0,0,0,0,0,0,1,394.64
2025-01-15,facebook,paid_social,CMP-000048,BRAND SEARCH GLOBAL 2025,desktop,0,1,0,0,0,0,0,0.0
2025-01-12,tiktok,paid_social,CMP-000047,Competitor Search US Q4,mobile,0,1,0,0,0,0,0,0.0
2025-01-19,facebook,paid_social,CMP-000070,Regional Expansion Global Q4,tablet,0,0,0,0,1,0,0,0.0
2025-01-20,facebook,paid_social,,competitor_search_global_2024,mobile,1,0,0,0,0,0,0,0.0
2025-01-31,google,cpc,CMP-000032,creator_spark_emea_fy25,mobile,0,1,0,0,0,0,0,0.0
2025-01-17,google,cpc,CMP-000045, Product Launch EMEA 2025  ,mobile,0,1,0,0,0,0,0,0.0
2025-01-10,google,cpc,CMP-000013, Lifecycle Winback EMEA 2025  ,mobile,0,0,1,0,0,0,0,0.0
2025-01-23,google,cpc,CMP-000020,PRODUCT LAUNCH US Q4,desktop,0,1,0,0,0,0,0,0.0
2025-01-14,newsletter,email,CMP-000036,holiday_promo_global_q4,desktop,0,1,0,0,0,0,0,0.0
2025-01-10,facebook,paid_social,CMP-000046,Competitor Search NA FY25,desktop,0,1,0,0,0,0,0,0.0
2025-01-16,facebook,paid_social,CMP-000036, Cart Recovery EMEA FY25  ,desktop,0,1,0,0,0,0,0,0.0
2025-01-22,google,cpc,,brand_search_apac_q4,desktop,0,1,0,0,0,0,0,0.0
2025-01-11,facebook,paid_social,CMP-000042, Retargeting US Q4  ,mobile,0,1,0,0,0,0,0,0.0
2025-01-17,newsletter,email,CMP-000079,Product Launch Global 2024,desktop,0,0,0,1,0,0,0,0.0
2025-01-13,facebook,paid_social,CMP-000017,holiday_promo_na_q4,desktop,0,1,0,0,0,0,0,0.0
2025-01-30,facebook,paid_social,CMP-000043,Brand SEM APAC 2025,desktop,0,0,0,0,1,0,0,0.0
2025-01-01,google,cpc,CMP-000060, Lifecycle Winback NA FY25  ,desktop,0,1,0,0,0,0,0,0.0
2025-01-11,tiktok,paid_social,CMP-000022,ENTERPRISE ABM EMEA Q4,desktop,0,0,1,0,0,0,0,0.0
2025-01-02,google,cpc,CMP-000078, Product Launch EMEA 2025  ,mobile,0,0,1,0,0,0,0,0.0
2025-01-31,facebook,paid_social,CMP-000023,Enterprise ABM EMEA Q4,desktop,0,0,1,0,0,0,0,0.0
2025-01-30,google,cpc,CMP-000060, Retargeting APAC Q4  ,desktop,0,0,0,1,0,0,0,0.0
2025-01-23,(direct),(none),CMP-000067,Brand Search Global 2024,mobile,0,1,0,0,0,0,0,0.0
2025-01-06,google,cpc,CMP-000026, Regional Expansion US 2025  ,mobile,1,0,0,0,0,0,0,0.0
2025-01-05,tiktok,paid_social,CMP-000068,Competitor Search Global Q4,desktop,1,0,0,0,0,0,0,0.0
2025-01-08,tiktok,paid_social,CMP-000077,COMPETITOR SEARCH NA 2025,mobile,0,1,0,0,0,0,0,0.0
2025-01-21,facebook,paid_social,CMP-000052,Cart Recovery Global 2024,mobile,1,0,0,0,0,0,0,0.0
2025-01-01,google,cpc,CMP-000059,Enterprise ABM Global Q4,mobile,1,0,0,0,0,0,0,0.0
2025-01-12,google,cpc,CMP-000033, Brand Search US Q4  ,tablet,1,0,0,0,0,0,0,0.0
2025-01-06,google,cpc,CMP-000030,product_launch_global_2025,desktop,0,1,0,0,0,0,0,0.0
2025-01-23,facebook,paid_social,CMP-000075,ENTERPRISE ABM APAC 2024,desktop,0,0,1,0,0,0,0,0.0
2025-01-05,google,cpc,CMP-000031,Competitor SEM NA 2024,desktop,0,0,1,0,0,0,0,0.0
2025-01-22,google,cpc,CMP-000047,holiday_promo_emea_2025,mobile,0,0,0,1,0,0,0,0.0
2025-01-10,partner,referral,CMP-000078,Cart Recovery APAC 2025,mobile,0,0,0,0,0,1,0,0.0
2025-01-21,google,cpc,CMP-000029, Competitor Search NA 2024  ,mobile,0,0,1,0,0,0,0,0.0
2025-01-09,partner,referral,CMP-000083, Competitor Search Global 2025  ,mobile,0,0,1,0,0,0,0,0.0
2025-01-23,newsletter,email,,Lifecycle Winback NA 2025,mobile,0,1,0,0,0,0,0,0.0
2025-01-20,tiktok,paid_social,CMP-000035,Regional Expansion APAC Q4,desktop,0,0,1,0,0,0,0,0.0
2025-01-03,(direct),(none),CMP-000052,CREATOR SPARK GLOBAL FY25,mobile,0,1,0,0,0,0,0,0.0
2025-01-21,tiktok,paid_social,CMP-000052,Regional Expansion Global Q4,mobile,0,0,0,0,0,0,1,663.2
2025-01-04,google,cpc,CMP-000028,HOLIDAY PROMO EMEA 2024,desktop,0,1,0,0,0,0,0,0.0
2025-01-05,facebook,paid_social,CMP-000036,Cart Recovery NA Q4,tablet,0,0,0,0,1,0,0,0.0
2025-01-17,facebook,paid_social,CMP-000045, Competitor Search Global Q4  ,desktop,1,0,0,0,0,0,0,0.0
2025-01-12,partner,referral,,Competitor SEM EMEA 2024,mobile,0,0,0,0,0,0,1,632.74
2025-01-30,(direct),(none),,CART RECOVERY US Q4,desktop,0,1,0,0,0,0,0,0.0
2025-01-26,google,cpc,CMP-000034, Competitor Search EMEA 2025  ,mobile,0,1,0,0,0,0,0,0.0
2025-01-21,newsletter,email,CMP-000041,Creator Spark NA FY25,mobile,0,1,0,0,0,0,0,0.0
2025-01-04,tiktok,paid_social,CMP-000019, Brand Search Global 2024  ,mobile,1,0,0,0,0,0,0,0.0
2025-01-07,google,cpc,CMP-000081, Competitor Search EMEA FY25  ,mobile,0,1,0,0,0,0,0,0.0
2025-01-19,google,cpc,CMP-000045, Retargeting US Q4  ,mobile,0,0,0,0,0,1,0,0.0
2025-01-14,facebook,paid_social,CMP-000051,Creator Spark US Q4,desktop,0,0,0,0,1,0,0,0.0
2025-01-17,google,cpc,CMP-000022, Holiday Promo NA 2024  ,mobile,0,0,0,0,0,0,1,1110.19
2025-01-11,facebook,paid_social,CMP-000055,Holiday Promotion EMEA 2024,desktop,0,1,0,0,0,0,0,0.0
2025-01-10,google,cpc,CMP-000066,Regional Expansion NA Q4,tablet,1,0,0,0,0,0,0,0.0
2025-01-01,partner,referral,CMP-000056,product_launch_global_2025,mobile,0,1,0,0,0,0,0,0.0
2025-01-28,google,cpc,,Creator Spark NA 2024,mobile,0,0,1,0,0,0,0,0.0
2025-01-11,newsletter,email,CMP-000069,Retargeting Global 2024,mobile,0,0,0,0,0,0,1,687.04
2025-01-08,(direct),(none),CMP-000070,product_launch_global_2025,mobile,1,0,0,0,0,0,0,0.0
2025-01-07,tiktok,paid_social,CMP-000072,PRODUCT LAUNCH US Q4,mobile,0,0,1,0,0,0,0,0.0
2025-01-18,newsletter,email,CMP-000077,Cart Recovery EMEA 2024,mobile,0,0,1,0,0,0,0,0.0
2025-01-29,facebook,paid_social,,Brand SEM Global FY25,mobile,0,0,1,0,0,0,0,0.0
2025-01-25,google,cpc,CMP-000079,holiday_promo_na_q4,mobile,0,1,0,0,0,0,0,0.0
2025-01-06,facebook,paid_social,CMP-000082,RETARGETING NA 2025,tablet,0,1,0,0,0,0,0,0.0
2025-01-22,google,cpc,CMP-000057,Cart Recovery NA Q4,desktop,0,0,1,0,0,0,0,0.0
2025-01-06,tiktok,paid_social,CMP-000024,retargeting_emea_2025,desktop,0,1,0,0,0,0,0,0.0
2025-01-28,google,cpc,CMP-000005,competitor_search_us_2024,mobile,0,0,0,1,0,0,0,0.0
2025-01-25,google,cpc,CMP-000008,LIFECYCLE WINBACK NA Q4,mobile,0,0,0,0,0,0,1,381.03
2025-01-24,facebook,paid_social,CMP-000051,Regional Expansion Global FY25,desktop,0,0,0,0,1,0,0,0.0
2025-01-08,facebook,paid_social,CMP-000021,Creator Spark NA Q4,mobile,0,0,0,0,0,1,0,0.0
2025-01-27,google,cpc,CMP-000050,CART RECOVERY US 2024,desktop,0,1,0,0,0,0,0,0.0
2025-01-18,newsletter,email,CMP-000080, Regional Expansion APAC Q4  ,tablet,0,1,0,0,0,0,0,0.0
2025-01-29,(direct),(none),CMP-000041,retargeting_emea_q4,mobile,1,0,0,0,0,0,0,0.0
2025-01-09,(direct),(none),CMP-000061,Brand Search US 2024,mobile,0,1,0,0,0,0,0,0.0
2025-01-21,google,cpc,CMP-000027, Cart Recovery Global 2024  ,mobile,0,1,0,0,0,0,0,0.0
2025-01-12,facebook,paid_social,,Brand Search Global FY25,mobile,0,0,0,0,1,0,0,0.0
2025-01-17,google,cpc,CMP-000009, Competitor Search EMEA 2024  ,desktop,0,0,1,0,0,0,0,0.0
2025-01-09,google,cpc,,Regional Expansion NA FY25,mobile,0,0,0,0,0,1,0,0.0
2025-01-06,google,cpc,CMP-000036,CREATOR SPARK EMEA Q4,mobile,0,0,0,0,0,0,1,532.31
2025-01-15,google,cpc,CMP-000057,holiday_promo_global_2024,desktop,0,1,0,0,0,0,0,0.0
2025-01-13,google,cpc,CMP-000061,product_launch_na_2025,mobile,0,0,0,1,0,0,0,0.0
2025-01-18,google,cpc,CMP-000036,cart_recovery_emea_q4,desktop,0,1,0,0,0,0,0,0.0
2025-01-11,google,cpc,CMP-000061,Regional Expansion US Q4,mobile,0,0,1,0,0,0,0,0.0
2025-01-15,facebook,paid_social,CMP-000008,regional_expansion_apac_q4,desktop,0,0,1,0,0,0,0,0.0
2025-01-16,google,cpc,CMP-000019,Retargeting Global 2024,desktop,0,0,0,0,0,0,1,608.88
2025-01-03,tiktok,paid_social,CMP-000064,Retargeting Global 2025,tablet,1,0,0,0,0,0,0,0.0
2025-01-07,google,cpc,CMP-000025,creator_spark_global_q4,mobile,1,0,0,0,0,0,0,0.0
2025-01-26,partner,referral,CMP-000061, Creator Spark Global 2024  ,desktop,0,0,0,0,0,1,0,0.0
2025-01-16,google,cpc,,holiday_promo_apac_fy25,tablet,0,0,0,0,0,1,0,0.0
2025-01-06,partner,referral,CMP-000019,Brand Search NA FY25,mobile,0,1,0,0,0,0,0,0.0
2025-01-22,tiktok,paid_social,CMP-000005,competitor_search_us_fy25,desktop,0,0,0,0,0,0,1,1373.07
2025-01-14,partner,referral,CMP-000029,regional_expansion_global_2025,desktop,0,0,0,1,0,0,0,0.0
2025-01-25,google,cpc,CMP-000014,retargeting_us_fy25,desktop,0,0,0,0,1,0,0,0.0
2025-01-05,google,cpc,CMP-000038,Regional Expansion EMEA 2024,mobile,0,0,0,0,1,0,0,0.0
2025-01-30,facebook,paid_social,CMP-000035,Enterprise ABM APAC FY25,mobile,1,0,0,0,0,0,0,0.0
2025-01-04,google,cpc,CMP-000069, Holiday Promo NA Q4  ,tablet,0,0,0,0,0,0,1,1122.34
2025-01-13,google,cpc,CMP-000001,LIFECYCLE WINBACK GLOBAL 2025,desktop,0,0,1,0,0,0,0,0.0
2025-01-05,(direct),(none),CMP-000001,Holiday Promo APAC 2024,mobile,0,1,0,0,0,0,0,0.0
2025-01-23,(direct),(none),CMP-000078, Competitor Search Global FY25  ,mobile,0,1,0,0,0,0,0,0.0
2025-01-23,facebook,paid_social,CMP-000042, Retargeting Global FY25  ,mobile,0,0,0,1,0,0,0,0.0
2025-01-10,facebook,paid_social,CMP-000068,Product Launch EMEA FY25,mobile,0,1,0,0,0,0,0,0.0
2025-01-09,google,cpc,CMP-000071, Holiday Promo NA Q4  ,desktop,0,1,0,0,0,0,0,0.0
2025-01-15,(direct),(none),CMP-000016,holiday_promo_us_2025,desktop,0,0,1,0,0,0,0,0.0
2025-01-12,newsletter,email,CMP-000082,COMPETITOR SEARCH NA 2025,mobile,1,0,0,0,0,0,0,0.0
2025-01-08,(direct),(none),CMP-000040,COMPETITOR SEARCH US Q4,desktop,0,0,1,0,0,0,0,0.0
2025-01-18,google,cpc,CMP-000069,REGIONAL EXPANSION EMEA 2024,mobile,0,0,1,0,0,0,0,0.0
2025-01-03,google,cpc,CMP-000061,Retargeting APAC 2024,mobile,0,0,0,1,0,0,0,0.0
2025-01-29,google,cpc,CMP-000013,enterprise_abm_us_q4,desktop,0,0,1,0,0,0,0,0.0
2025-01-17,google,cpc,,Creator Spark APAC FY25,mobile,0,0,0,0,0,1,0,0.0
2025-01-02,google,cpc,CMP-000074,REGIONAL EXPANSION NA FY25,mobile,0,0,0,0,0,0,1,657.08
2025-01-22,google,cpc,CMP-000071,Retargeting Global 2025,mobile,0,1,0,0,0,0,0,0.0
2025-01-05,google,cpc,CMP-000030,product_launch_apac_fy25,desktop,0,1,0,0,0,0,0,0.0
2025-01-16,google,cpc,CMP-000006,Competitor SEM US 2024,mobile,0,1,0,0,0,0,0,0.0
2025-01-11,google,cpc,CMP-000065, Lifecycle Winback NA FY25  ,mobile,0,0,1,0,0,0,0,0.0
2025-01-16,google,cpc,,Competitor SEM EMEA FY25,tablet,0,1,0,0,0,0,0,0.0
2025-01-17,(direct),(none),CMP-000065,cart_recovery_na_q4,mobile,0,1,0,0,0,0,0,0.0
2025-01-30,google,cpc,CMP-000042,creator_spark_apac_2025,tablet,1,0,0,0,0,0,0,0.0
2025-01-23,facebook,paid_social,CMP-000018,REGIONAL EXPANSION GLOBAL 2025,mobile,0,0,0,0,1,0,0,0.0
2025-01-15,tiktok,paid_social,CMP-000075,creator_spark_emea_2025,mobile,0,0,1,0,0,0,0,0.0
2025-01-21,facebook,paid_social,,Cart Recovery US FY25,desktop,1,0,0,0,0,0,0,0.0
2025-01-10,google,cpc,CMP-000052,ENTERPRISE ABM EMEA Q4,desktop,1,0,0,0,0,0,0,0.0
2025-01-04,newsletter,email,CMP-000022,PRODUCT LAUNCH NA 2024,desktop,0,0,0,1,0,0,0,0.0
2025-01-29,tiktok,paid_social,CMP-000077,Regional Expansion NA FY25,desktop,0,1,0,0,0,0,0,0.0
2025-01-23,google,cpc,CMP-000033,Cart Recovery APAC 2024,mobile,0,1,0,0,0,0,0,0.0
2025-01-29,facebook,paid_social,CMP-000032,BRAND SEARCH APAC Q4,mobile,1,0,0,0,0,0,0,0.0
2025-01-10,google,cpc,,Holiday Promo US Q4,desktop,0,1,0,0,0,0,0,0.0
2025-01-12,google,cpc,CMP-000048, Competitor Search Global Q4  ,desktop,0,0,0,0,0,0,1,1175.08
2025-01-16,newsletter,email,CMP-000010,Regional Expansion US FY25,tablet,0,0,1,0,0,0,0,0.0
2025-01-20,google,cpc,CMP-000034,competitor_search_emea_fy25,mobile,0,1,0,0,0,0,0,0.0
2025-01-25,tiktok,paid_social,,Retargeting APAC 2024,desktop,0,1,0,0,0,0,0,0.0
2025-01-11,google,cpc,CMP-000082, Holiday Promo NA 2025  ,tablet,0,0,0,1,0,0,0,0.0
2025-01-17,google,cpc,CMP-000020,brand_search_global_q4,tablet,0,1,0,0,0,0,0,0.0
2025-01-17,google,cpc,CMP-000072,Regional Expansion Global 2024,mobile,0,0,1,0,0,0,0,0.0
2025-01-03,google,cpc,CMP-000059,lifecycle_winback_global_2025,mobile,0,0,0,0,0,1,0,0.0
2025-01-10,facebook,paid_social,CMP-000054,Competitor SEM Global Q4,mobile,0,1,0,0,0,0,0,0.0
2025-01-13,google,cpc,CMP-000032,Enterprise ABM EMEA Q4,mobile,0,0,0,0,1,0,0,0.0
2025-01-06,newsletter,email,CMP-000030,COMPETITOR SEARCH NA Q4,mobile,1,0,0,0,0,0,0,0.0
2025-01-05,facebook,paid_social,CMP-000057,RETARGETING US FY25,desktop,1,0,0,0,0,0,0,0.0
2025-01-11,google,cpc,CMP-000076, Competitor Search APAC FY25  ,tablet,0,1,0,0,0,0,0,0.0
2025-01-29,facebook,paid_social,,lifecycle_winback_emea_q4,mobile,1,0,0,0,0,0,0,0.0
2025-01-08,facebook,paid_social,CMP-000024,Holiday Promo US FY25,mobile,0,0,0,0,0,1,0,0.0
2025-01-26,google,cpc,CMP-000071,Lifecycle Winback EMEA Q4,desktop,0,1,0,0,0,0,0,0.0
2025-01-09,google,cpc,CMP-000048,LIFECYCLE WINBACK US FY25,tablet,0,0,0,1,0,0,0,0.0
2025-01-19,(direct),(none),,Brand SEM EMEA FY25,tablet,1,0,0,0,0,0,0,0.0
2025-01-07,facebook,paid_social,CMP-000028,Regional Expansion EMEA FY25,mobile,0,0,0,0,0,0,1,460.08
2025-01-20,google,cpc,CMP-000074,Enterprise ABM Global 2025,desktop,0,0,0,1,0,0,0,0.0
2025-01-18,partner,referral,CMP-000023,Competitor Search NA FY25,desktop,0,1,0,0,0,0,0,0.0
2025-01-20,google,cpc,CMP-000016,Lifecycle Winback NA 2024,mobile,0,1,0,0,0,0,0,0.0
2025-01-09,google,cpc,CMP-000081,Enterprise ABM EMEA 2024,mobile,0,0,0,0,0,1,0,0.0
2025-01-27,facebook,paid_social,CMP-000060,Retargeting US 2025,mobile,0,0,0,0,0,1,0,0.0
2025-01-06,partner,referral,CMP-000014,Cart Recovery Global 2024,desktop,1,0,0,0,0,0,0,0.0
2025-01-01,facebook,paid_social,,Enterprise ABM US 2024,desktop,1,0,0,0,0,0,0,0.0
2025-01-10,facebook,paid_social,CMP-000014, Cart Recovery EMEA Q4  ,mobile,1,0,0,0,0,0,0,0.0
2025-01-18,google,cpc,CMP-000046,enterprise_abm_us_2025,desktop,0,0,0,0,0,1,0,0.0
2025-01-17,newsletter,email,CMP-000027,Competitor SEM NA 2025,mobile,1,0,0,0,0,0,0,0.0
2025-01-05,tiktok,paid_social,CMP-000059,HOLIDAY PROMO EMEA FY25,mobile,0,0,1,0,0,0,0,0.0
2025-01-29,google,cpc,CMP-000070,Brand SEM Global 2024,desktop,0,0,0,1,0,0,0,0.0
2025-01-17,partner,referral,CMP-000001, Competitor Search US 2024  ,tablet,0,0,0,0,0,0,1,357.04
2025-01-05,google,cpc,CMP-000068,enterprise_abm_emea_fy25,mobile,1,0,0,0,0,0,0,0.0
2025-01-22,google,cpc,CMP-000020,Regional Expansion EMEA 2024,tablet,1,0,0,0,0,0,0,0.0
2025-01-31,partner,referral,CMP-000015,CART RECOVERY NA FY25,desktop,0,0,0,0,0,0,1,470.99
2025-01-13,google,cpc,, Regional Expansion APAC FY25  ,tablet,0,1,0,0,0,0,0,0.0
2025-01-20,facebook,paid_social,CMP-000060,COMPETITOR SEARCH US 2025,desktop,0,0,0,0,0,1,0,0.0
2025-01-29,facebook,paid_social,CMP-000028,Cart Recovery APAC 2025,mobile,0,0,1,0,0,0,0,0.0
2025-01-10,tiktok,paid_social,CMP-000058,product_launch_emea_2024,mobile,0,0,0,0,0,1,0,0.0
2025-01-27,google,cpc,CMP-000026, Cart Recovery EMEA 2024  ,mobile,1,0,0,0,0,0,0,0.0
2025-01-26,google,cpc,CMP-000015, Brand Search APAC Q4  ,mobile,0,1,0,0,0,0,0,0.0
2025-01-03,google,cpc,CMP-000003,Competitor Search NA 2024,mobile,0,1,0,0,0,0,0,0.0
2025-01-28,(direct),(none),CMP-000058,Regional Expansion US 2025,tablet,0,1,0,0,0,0,0,0.0
2025-01-23,tiktok,paid_social,CMP-000009,Lifecycle Winback APAC 2025,desktop,0,1,0,0,0,0,0,0.0
2025-01-26,newsletter,email,CMP-000013,Enterprise ABM US 2024,desktop,0,0,0,0,1,0,0,0.0
2025-01-02,newsletter,email,CMP-000008,Creator Spark US 2024,tablet,0,1,0,0,0,0,0,0.0
2025-01-16,google,cpc,CMP-000073, Competitor Search APAC FY25  ,mobile,0,0,0,0,0,1,0,0.0
2025-01-01,google,cpc,CMP-000062,Holiday Promotion EMEA 2025,desktop,0,0,0,1,0,0,0,0.0
2025-01-19,newsletter,email,CMP-000042,Cart Recovery US 2025,tablet,0,0,0,0,1,0,0,0.0
2025-01-18,partner,referral,CMP-000061,enterprise_abm_us_2025,desktop,0,1,0,0,0,0,0,0.0
2025-01-04,google,cpc,CMP-000048, Brand Search Global 2024  ,desktop,0,1,0,0,0,0,0,0.0
2025-01-01,facebook,paid_social,CMP-000062,Cart Recovery US Q4,mobile,0,1,0,0,0,0,0,0.0
2025-01-18,partner,referral,CMP-000022,competitor_search_global_2024,mobile,0,0,1,0,0,0,0,0.0
2025-01-24,(direct),(none),CMP-000057,Cart Recovery Global 2024,mobile,0,0,0,1,0,0,0,0.0
2025-01-21,newsletter,email,CMP-000016, Enterprise ABM EMEA FY25  ,mobile,0,1,0,0,0,0,0,0.0
2025-01-23,google,cpc,CMP-000010,enterprise_abm_global_q4,mobile,0,1,0,0,0,0,0,0.0
2025-01-02,google,cpc,CMP-000062,RETARGETING GLOBAL 2024,mobile,0,1,0,0,0,0,0,0.0
2025-01-23,google,cpc,CMP-000080, Lifecycle Winback APAC 2024  ,desktop,1,0,0,0,0,0,0,0.0
2025-01-31,(direct),(none),CMP-000080,regional_expansion_global_q4,mobile,1,0,0,0,0,0,0,0.0
2025-01-20,facebook,paid_social,CMP-000053,LIFECYCLE WINBACK US 2024,desktop,0,0,0,0,1,0,0,0.0
2025-01-22,google,cpc,CMP-000059,Cart Recovery NA 2024,desktop,0,0,0,0,0,0,1,1102.41
2025-01-04,newsletter,email,CMP-000058,retargeting_global_2024,mobile,0,1,0,0,0,0,0,0.0
2025-01-03,facebook,paid_social,CMP-000079, Enterprise ABM US 2025  ,desktop,0,1,0,0,0,0,0,0.0
2025-01-23,facebook,paid_social,CMP-000083,CART RECOVERY EMEA 2024,tablet,0,0,1,0,0,0,0,0.0
2025-01-01,facebook,paid_social,,Brand Search Global FY25,desktop,0,1,0,0,0,0,0,0.0
2025-01-24,tiktok,paid_social,CMP-000025,cart_recovery_apac_q4,desktop,0,1,0,0,0,0,0,0.0
2025-01-22,google,cpc,CMP-000051,holiday_promo_us_fy25,desktop,0,0,1,0,0,0,0,0.0
2025-01-05,newsletter,email,CMP-000071,retargeting_global_2024,tablet,1,0,0,0,0,0,0,0.0
2025-01-04,google,cpc,CMP-000042, Product Launch APAC 2024  ,mobile,0,1,0,0,0,0,0,0.0
2025-01-12,google,cpc,CMP-000047, Holiday Promo US 2024  ,desktop,1,0,0,0,0,0,0,0.0
2025-01-20,newsletter,email,CMP-000060,Lifecycle Winback Global 2025,desktop,0,1,0,0,0,0,0,0.0
2025-01-12,newsletter,email,CMP-000035,competitor_search_us_2024,mobile,0,0,0,1,0,0,0,0.0
2025-01-19,google,cpc,CMP-000067,Holiday Promotion US FY25,mobile,0,0,1,0,0,0,0,0.0
2025-01-15,tiktok,paid_social,CMP-000004,Enterprise ABM Global FY25,mobile,0,0,0,0,0,1,0,0.0
2025-01-28,google,cpc,CMP-000032,enterprise_abm_na_2025,mobile,0,0,0,1,0,0,0,0.0
2025-01-08,facebook,paid_social,CMP-000013,LIFECYCLE WINBACK APAC FY25,mobile,0,1,0,0,0,0,0,0.0
2025-01-03,facebook,paid_social,CMP-000059,Regional Expansion Global Q4,desktop,0,0,0,0,0,1,0,0.0
2025-01-04,google,cpc,CMP-000035,Product Launch NA FY25,mobile,0,0,0,1,0,0,0,0.0
2025-01-24,google,cpc,CMP-000054,cart_recovery_emea_2024,tablet,0,0,0,0,0,1,0,0.0
2025-01-11,google,cpc,CMP-000065,Retargeting APAC FY25,mobile,0,1,0,0,0,0,0,0.0
2025-01-05,facebook,paid_social,CMP-000064,Lifecycle Winback EMEA FY25,mobile,0,1,0,0,0,0,0,0.0
2025-01-13,facebook,paid_social,CMP-000056,CART RECOVERY US FY25,tablet,0,0,1,0,0,0,0,0.0
2025-01-29,(direct),(none),CMP-000050,Lifecycle Winback Global 2024,mobile,0,1,0,0,0,0,0,0.0
2025-01-11,facebook,paid_social,CMP-000041,holiday_promo_us_2024,mobile,0,0,0,0,0,1,0,0.0
2025-01-11,newsletter,email,CMP-000034,Product Launch US 2025,desktop,0,0,0,0,0,1,0,0.0
2025-01-12,google,cpc,CMP-000013,Lifecycle Winback US 2024,desktop,1,0,0,0,0,0,0,0.0
2025-01-16,facebook,paid_social,CMP-000068,enterprise_abm_na_2025,desktop,1,0,0,0,0,0,0,0.0
2025-01-02,google,cpc,CMP-000011,competitor_search_emea_fy25,desktop,0,0,0,0,0,0,1,388.4
2025-01-13,partner,referral,CMP-000065, Retargeting NA FY25  ,mobile,1,0,0,0,0,0,0,0.0
2025-01-29,google,cpc,CMP-000049, Enterprise ABM US 2024  ,mobile,0,1,0,0,0,0,0,0.0
2025-01-26,facebook,paid_social,CMP-000079,regional_expansion_emea_fy25,desktop,0,0,0,1,0,0,0,0.0
2025-01-02,google,cpc,CMP-000061,Regional Expansion US 2025,desktop,0,1,0,0,0,0,0,0.0
2025-01-21,google,cpc,CMP-000049, Holiday Promo US Q4  ,mobile,0,1,0,0,0,0,0,0.0
2025-01-04,google,cpc,CMP-000001,Brand SEM EMEA 2024,mobile,1,0,0,0,0,0,0,0.0
2025-01-22,facebook,paid_social,CMP-000012,Enterprise ABM EMEA FY25,desktop,0,0,1,0,0,0,0,0.0
2025-01-12,facebook,paid_social,CMP-000037,Enterprise ABM APAC FY25,mobile,0,0,1,0,0,0,0,0.0
2025-01-16,google,cpc,, Creator Spark EMEA Q4  ,mobile,0,0,0,0,0,0,1,627.52
2025-01-23,google,cpc,CMP-000004,Brand SEM US Q4,desktop,0,0,0,0,0,1,0,0.0
2025-01-13,google,cpc,CMP-000046,Enterprise ABM NA 2024,mobile,0,0,0,0,0,1,0,0.0
2025-01-24,facebook,paid_social,,CREATOR SPARK EMEA Q4,mobile,0,0,0,1,0,0,0,0.0
2025-01-09,tiktok,paid_social,CMP-000033,REGIONAL EXPANSION EMEA FY25,mobile,0,0,0,0,0,0,1,1425.1
2025-01-19,google,cpc,CMP-000069,Product Launch APAC Q4,mobile,0,0,0,0,1,0,0,0.0
2025-01-04,google,cpc,CMP-000064,Competitor Search Global FY25,mobile,1,0,0,0,0,0,0,0.0
2025-01-29,facebook,paid_social,,RETARGETING US FY25,desktop,0,1,0,0,0,0,0,0.0
2025-01-07,google,cpc,CMP-000019,PRODUCT LAUNCH EMEA Q4,desktop,0,0,1,0,0,0,0,0.0
2025-01-20,tiktok,paid_social,CMP-000077,creator_spark_na_2025,mobile,0,1,0,0,0,0,0,0.0
2025-01-14,google,cpc,CMP-000032,retargeting_apac_fy25,mobile,0,0,0,0,0,1,0,0.0
2025-01-26,google,cpc,CMP-000027, Enterprise ABM Global 2025  ,desktop,0,0,1,0,0,0,0,0.0
2025-01-18,google,cpc,CMP-000017, Creator Spark APAC FY25  ,desktop,0,0,0,0,1,0,0,0.0
2025-01-16,google,cpc,CMP-000078,Holiday Promotion EMEA Q4,mobile,0,0,0,1,0,0,0,0.0
2025-01-04,facebook,paid_social,CMP-000065, Lifecycle Winback US 2024  ,tablet,0,1,0,0,0,0,0,0.0
2025-01-24,google,cpc,CMP-000076, Creator Spark NA Q4  ,desktop,0,0,1,0,0,0,0,0.0
2025-01-14,newsletter,email,CMP-000019,PRODUCT LAUNCH NA FY25,desktop,0,0,0,0,0,1,0,0.0
2025-01-22,google,cpc,CMP-000014,Product Launch NA FY25,desktop,0,1,0,0,0,0,0,0.0
2025-01-31,google,cpc,CMP-000077,Cart Recovery Global 2024,desktop,0,1,0,0,0,0,0,0.0
2025-01-24,(direct),(none),CMP-000051,Brand SEM Global FY25,mobile,0,0,1,0,0,0,0,0.0
2025-01-03,newsletter,email,CMP-000082,regional_expansion_us_fy25,mobile,0,0,0,0,0,0,1,489.22
2025-01-19,facebook,paid_social,CMP-000075,Holiday Promo APAC 2025,mobile,0,1,0,0,0,0,0,0.0
2025-01-03,tiktok,paid_social,,cart_recovery_us_fy25,mobile,0,1,0,0,0,0,0,0.0
2025-01-25,newsletter,email,CMP-000078,CART RECOVERY EMEA FY25,mobile,1,0,0,0,0,0,0,0.0
2025-01-06,partner,referral,CMP-000016,Product Launch Global 2025,desktop,0,0,0,0,0,0,1,1291.12
2025-01-30,google,cpc,CMP-000032,RETARGETING US FY25,mobile,0,1,0,0,0,0,0,0.0
2025-01-04,(direct),(none),CMP-000069, Enterprise ABM EMEA FY25  ,mobile,0,1,0,0,0,0,0,0.0
2025-01-15,(direct),(none),CMP-000009,BRAND SEARCH GLOBAL FY25,desktop,1,0,0,0,0,0,0,0.0
2025-01-23,newsletter,email,CMP-000035, Product Launch US 2024  ,desktop,0,0,0,1,0,0,0,0.0
2025-01-22,google,cpc,CMP-000082,CREATOR SPARK EMEA 2025,desktop,0,1,0,0,0,0,0,0.0
2025-01-01,facebook,paid_social,CMP-000037,Enterprise ABM US 2024,mobile,1,0,0,0,0,0,0,0.0
2025-01-25,google,cpc,CMP-000057, Regional Expansion NA Q4  ,desktop,1,0,0,0,0,0,0,0.0
2025-01-05,google,cpc,CMP-000003,BRAND SEARCH NA Q4,mobile,0,1,0,0,0,0,0,0.0
2025-01-11,google,cpc,CMP-000063,RETARGETING APAC 2024,desktop,0,0,0,1,0,0,0,0.0
2025-01-11,google,cpc,CMP-000036, Cart Recovery APAC 2025  ,mobile,0,0,0,1,0,0,0,0.0
2025-01-02,tiktok,paid_social,CMP-000007,Retargeting NA 2025,mobile,1,0,0,0,0,0,0,0.0
2025-01-29,(direct),(none),CMP-000050,CREATOR SPARK EMEA 2025,desktop,0,1,0,0,0,0,0,0.0
2025-01-30,facebook,paid_social,CMP-000045,Product Launch EMEA 2024,mobile,0,0,0,0,1,0,0,0.0
2025-01-11,google,cpc,CMP-000017,PRODUCT LAUNCH APAC FY25,tablet,0,0,0,1,0,0,0,0.0
2025-01-17,google,cpc,CMP-000021,RETARGETING US 2024,desktop,0,0,1,0,0,0,0,0.0
2025-01-24,facebook,paid_social,CMP-000011,HOLIDAY PROMO NA FY25,desktop,0,1,0,0,0,0,0,0.0
2025-01-18,google,cpc,,competitor_search_apac_2025,mobile,0,0,0,0,0,1,0,0.0
2025-01-01,facebook,paid_social,CMP-000045,cart_recovery_emea_fy25,mobile,0,0,0,0,0,0,1,797.89
2025-01-30,tiktok,paid_social,CMP-000053,Creator Spark APAC 2024,mobile,0,0,0,0,0,1,0,0.0
2025-01-07,(direct),(none),CMP-000074,enterprise_abm_us_2024,tablet,0,1,0,0,0,0,0,0.0
2025-01-12,newsletter,email,CMP-000023, Regional Expansion EMEA 2025  ,desktop,0,0,0,0,0,0,1,290.84
2025-01-16,newsletter,email,CMP-000072,holiday_promo_global_q4,mobile,0,1,0,0,0,0,0,0.0
2025-01-11,google,cpc,CMP-000058,Regional Expansion Global FY25,mobile,0,1,0,0,0,0,0,0.0
2025-01-05,google,cpc,CMP-000043, Lifecycle Winback NA FY25  ,mobile,0,0,1,0,0,0,0,0.0
2025-01-08,facebook,paid_social,,retargeting_na_2024,desktop,1,0,0,0,0,0,0,0.0
2025-01-24,google,cpc,,Product Launch NA 2025,desktop,0,0,1,0,0,0,0,0.0
2025-01-07,newsletter,email,CMP-000060,competitor_search_na_q4,mobile,0,1,0,0,0,0,0,0.0
2025-01-09,facebook,paid_social,CMP-000083,COMPETITOR SEARCH US FY25,mobile,0,0,0,1,0,0,0,0.0
2025-01-03,newsletter,email,CMP-000072,brand_search_emea_fy25,desktop,0,0,0,0,1,0,0,0.0
2025-01-25,google,cpc,CMP-000012,Cart Recovery APAC FY25,desktop,0,0,0,0,0,1,0,0.0
2025-01-16,facebook,paid_social,CMP-000020,Lifecycle Winback Global 2025,mobile,1,0,0,0,0,0,0,0.0
2025-01-15,google,cpc,CMP-000068,Creator Spark US FY25,mobile,0,0,0,0,0,0,1,1270.04
2025-01-07,google,cpc,CMP-000029,Regional Expansion NA FY25,mobile,0,1,0,0,0,0,0,0.0
2025-01-01,google,cpc,CMP-000002,CART RECOVERY APAC 2024,mobile,0,1,0,0,0,0,0,0.0
2025-01-11,tiktok,paid_social,CMP-000031,RETARGETING NA 2024,desktop,0,0,0,0,0,1,0,0.0
2025-01-02,tiktok,paid_social,,Holiday Promo Global 2025,mobile,0,0,0,0,1,0,0,0.0
2025-01-12,newsletter,email,CMP-000079,Regional Expansion US FY25,desktop,0,0,0,0,0,1,0,0.0
2025-01-21,google,cpc,,BRAND SEARCH EMEA Q4,desktop,0,0,0,0,0,1,0,0.0
2025-01-02,google,cpc,CMP-000076,creator_spark_emea_2025,desktop,0,1,0,0,0,0,0,0.0
2025-01-05,google,cpc,,Brand Search US 2024,desktop,0,0,0,0,0,1,0,0.0
2025-01-23,google,cpc,,holiday_promo_us_2025,desktop,1,0,0,0,0,0,0,0.0
2025-01-08,newsletter,email,CMP-000080,Holiday Promo APAC FY25,mobile,0,0,0,1,0,0,0,0.0
2025-01-19,google,cpc,CMP-000014,Cart Recovery NA FY25,desktop,0,0,1,0,0,0,0,0.0
2025-01-05,google,cpc,CMP-000074,Retargeting EMEA Q4,tablet,0,0,0,0,0,1,0,0.0
2025-01-30,facebook,paid_social,CMP-000046,Lifecycle Winback NA 2024,desktop,0,1,0,0,0,0,0,0.0
2025-01-16,tiktok,paid_social,,product_launch_global_fy25,desktop,1,0,0,0,0,0,0,0.0
2025-01-31,google,cpc,CMP-000043,Regional Expansion APAC 2025,tablet,0,0,0,0,0,0,1,385.21
2025-01-05,facebook,paid_social,CMP-000006, Retargeting APAC 2025  ,desktop,0,1,0,0,0,0,0,0.0
2025-01-27,google,cpc,,Competitor SEM APAC FY25,desktop,0,0,1,0,0,0,0,0.0
2025-01-21,tiktok,paid_social,CMP-000047,Retargeting EMEA 2024,mobile,0,1,0,0,0,0,0,0.0
2025-01-25,facebook,paid_social,CMP-000006,Brand SEM EMEA Q4,desktop,0,1,0,0,0,0,0,0.0
2025-01-28,facebook,paid_social,,PRODUCT LAUNCH APAC FY25,mobile,0,0,1,0,0,0,0,0.0
2025-01-24,facebook,paid_social,CMP-000033,Cart Recovery NA FY25,mobile,0,0,1,0,0,0,0,0.0
2025-01-12,google,cpc,CMP-000081,RETARGETING NA 2024,desktop,0,0,1,0,0,0,0,0.0
2025-01-24,google,cpc,, Holiday Promo Global 2025  ,desktop,0,0,1,0,0,0,0,0.0
2025-01-06,tiktok,paid_social,CMP-000069,CART RECOVERY US FY25,desktop,0,0,0,1,0,0,0,0.0
2025-01-10,facebook,paid_social,CMP-000008,Enterprise ABM NA 2025,mobile,0,1,0,0,0,0,0,0.0
2025-01-22,google,cpc,CMP-000011,Lifecycle Winback EMEA Q4,mobile,0,1,0,0,0,0,0,0.0
2025-01-03,facebook,paid_social,CMP-000037, Regional Expansion APAC Q4  ,mobile,0,0,1,0,0,0,0,0.0
2025-01-01,(direct),(none),CMP-000040,Cart Recovery Global 2024,mobile,1,0,0,0,0,0,0,0.0
2025-01-24,facebook,paid_social,CMP-000053,Cart Recovery NA Q4,mobile,0,1,0,0,0,0,0,0.0
2025-01-23,newsletter,email,CMP-000001, Holiday Promo NA FY25  ,desktop,0,1,0,0,0,0,0,0.0
2025-01-01,newsletter,email,CMP-000033,Enterprise ABM APAC 2025,mobile,0,0,0,0,0,1,0,0.0
2025-01-08,google,cpc,CMP-000073, Enterprise ABM US 2024  ,mobile,1,0,0,0,0,0,0,0.0
2025-01-04,tiktok,paid_social,CMP-000010,lifecycle_winback_emea_2025,mobile,1,0,0,0,0,0,0,0.0
2025-01-13,google,cpc,CMP-000054,Creator Spark US Q4,mobile,1,0,0,0,0,0,0,0.0
2025-01-12,newsletter,email,CMP-000005,Brand SEM NA FY25,desktop,0,0,1,0,0,0,0,0.0
2025-01-09,tiktok,paid_social,CMP-000035, Product Launch APAC Q4  ,desktop,1,0,0,0,0,0,0,0.0
2025-01-19,google,cpc,CMP-000063,COMPETITOR SEARCH NA FY25,mobile,0,0,0,0,1,0,0,0.0
2025-01-14,facebook,paid_social,CMP-000027,Lifecycle Winback Global 2024,desktop,1,0,0,0,0,0,0,0.0
2025-01-03,google,cpc,,lifecycle_winback_us_2025,mobile,0,1,0,0,0,0,0,0.0
2025-01-05,newsletter,email,CMP-000080,lifecycle_winback_apac_fy25,desktop,0,0,1,0,0,0,0,0.0
2025-01-29,facebook,paid_social,CMP-000009,Holiday Promotion EMEA Q4,mobile,0,1,0,0,0,0,0,0.0
2025-01-07,tiktok,paid_social,CMP-000017,ENTERPRISE ABM EMEA 2024,mobile,0,1,0,0,0,0,0,0.0
2025-01-15,tiktok,paid_social,CMP-000008, Product Launch EMEA Q4  ,mobile,0,0,0,0,0,1,0,0.0
2025-01-30,facebook,paid_social,CMP-000023,Brand Search EMEA 2025,desktop,0,1,0,0,0,0,0,0.0
2025-01-20,newsletter,email,CMP-000061,holiday_promo_emea_fy25,desktop,0,0,1,0,0,0,0,0.0
2025-01-15,google,cpc,CMP-000018,regional_expansion_apac_2024,mobile,0,1,0,0,0,0,0,0.0
2025-01-14,google,cpc,CMP-000030,Holiday Promotion EMEA Q4,mobile,0,1,0,0,0,0,0,0.0
2025-01-14,google,cpc,CMP-000055,Retargeting US 2025,mobile,0,1,0,0,0,0,0,0.0
2025-01-01,partner,referral,,lifecycle_winback_na_2025,desktop,0,1,0,0,0,0,0,0.0
2025-01-24,google,cpc,CMP-000075,CART RECOVERY US Q4,desktop,0,1,0,0,0,0,0,0.0
2025-01-30,tiktok,paid_social,CMP-000066, Holiday Promo NA 2024  ,desktop,0,1,0,0,0,0,0,0.0
2025-01-22,google,cpc,CMP-000015, Brand Search EMEA 2024  ,mobile,0,0,0,0,0,0,1,489.02
2025-01-26,google,cpc,, Competitor Search Global FY25  ,mobile,0,0,0,1,0,0,0,0.0
2025-01-03,partner,referral,CMP-000053, Brand Search Global 2024  ,mobile,0,1,0,0,0,0,0,0.0
2025-01-12,newsletter,email,CMP-000034,Enterprise ABM NA Q4,desktop,0,0,0,0,0,1,0,0.0
2025-01-27,newsletter,email,CMP-000036,Cart Recovery US 2025,desktop,0,1,0,0,0,0,0,0.0
2025-01-29,google,cpc,CMP-000049,brand_search_global_2024,desktop,0,0,1,0,0,0,0,0.0
2025-01-31,facebook,paid_social,CMP-000039,product_launch_emea_q4,mobile,0,1,0,0,0,0,0,0.0
2025-01-31,facebook,paid_social,,Holiday Promo APAC FY25,tablet,0,0,0,0,0,1,0,0.0
2025-01-02,facebook,paid_social,CMP-000077,Competitor Search EMEA Q4,mobile,1,0,0,0,0,0,0,0.0
2025-01-24,tiktok,paid_social,CMP-000082,CART RECOVERY APAC Q4,mobile,0,0,0,1,0,0,0,0.0
2025-01-23,google,cpc,,Lifecycle Winback US 2025,mobile,0,1,0,0,0,0,0,0.0
2025-01-06,tiktok,paid_social,CMP-000020,Retargeting EMEA 2025,mobile,1,0,0,0,0,0,0,0.0
2025-01-14,google,cpc,CMP-000029,Competitor Search NA FY25,mobile,1,0,0,0,0,0,0,0.0
2025-01-01,google,cpc,CMP-000071,retargeting_apac_q4,desktop,0,1,0,0,0,0,0,0.0
2025-01-09,google,cpc,CMP-000030,Cart Recovery NA 2025,tablet,0,0,1,0,0,0,0,0.0
2025-01-01,(direct),(none),CMP-000045,Holiday Promotion Global 2025,desktop,0,1,0,0,0,0,0,0.0
2025-01-11,google,cpc,CMP-000025,holiday_promo_us_fy25,mobile,0,0,1,0,0,0,0,0.0
2025-01-28,newsletter,email,, Holiday Promo US 2024  ,desktop,0,1,0,0,0,0,0,0.0
2025-01-01,google,cpc,CMP-000077,Creator Spark Global 2025,mobile,0,0,0,0,0,1,0,0.0
2025-01-09,google,cpc,CMP-000040,Cart Recovery Global FY25,mobile,0,0,0,0,1,0,0,0.0
2025-01-22,facebook,paid_social,CMP-000058,creator_spark_emea_fy25,desktop,0,1,0,0,0,0,0,0.0
2025-01-26,google,cpc,CMP-000061,regional_expansion_apac_2024,mobile,0,1,0,0,0,0,0,0.0
2025-01-18,newsletter,email,CMP-000070,competitor_search_apac_q4,tablet,0,1,0,0,0,0,0,0.0
2025-01-20,google,cpc,CMP-000072,product_launch_apac_2024,desktop,1,0,0,0,0,0,0,0.0
2025-01-13,(direct),(none),CMP-000053, Retargeting US 2024  ,mobile,0,0,0,0,1,0,0,0.0
2025-01-27,google,cpc,CMP-000073,retargeting_emea_q4,mobile,1,0,0,0,0,0,0,0.0
2025-01-26,facebook,paid_social,CMP-000043,Regional Expansion NA Q4,mobile,0,1,0,0,0,0,0,0.0
2025-01-02,google,cpc,,Retargeting APAC FY25,mobile,1,0,0,0,0,0,0,0.0
2025-01-20,tiktok,paid_social,,Brand Search NA 2025,mobile,0,0,1,0,0,0,0,0.0
2025-01-20,facebook,paid_social,CMP-000038,competitor_search_us_2025,desktop,0,1,0,0,0,0,0,0.0
2025-01-07,facebook,paid_social,CMP-000006, Competitor Search NA 2024  ,mobile,0,1,0,0,0,0,0,0.0
