file_path,field_name,pii_classification,matched_pattern,review_status
dbt/models/intermediate/int_attribution_touchpoints.sql,attribution_id,attribution_identifier,(attribution_id|utm_|campaign_id),monitor
dbt/models/intermediate/int_attribution_touchpoints.sql,campaign_id,attribution_identifier,(attribution_id|utm_|campaign_id),monitor
dbt/models/intermediate/int_attribution_touchpoints.sql,conversion_campaign_id,attribution_identifier,(attribution_id|utm_|campaign_id),monitor
dbt/models/intermediate/int_campaign_daily.sql,campaign_id,attribution_identifier,(attribution_id|utm_|campaign_id),monitor
dbt/models/intermediate/int_campaign_spend_unified.sql,attribution_id,attribution_identifier,(attribution_id|utm_|campaign_id),monitor
dbt/models/intermediate/int_campaign_spend_unified.sql,campaign_id,attribution_identifier,(attribution_id|utm_|campaign_id),monitor
dbt/models/intermediate/int_customer_journey.sql,attribution_id,attribution_identifier,(attribution_id|utm_|campaign_id),monitor
dbt/models/intermediate/int_customer_journey.sql,campaign_id,attribution_identifier,(attribution_id|utm_|campaign_id),monitor
dbt/models/intermediate/int_customer_journey.sql,conversion_campaign_id,attribution_identifier,(attribution_id|utm_|campaign_id),monitor
dbt/models/intermediate/int_customer_journey.sql,lead_campaign_id,attribution_identifier,(attribution_id|utm_|campaign_id),monitor
dbt/models/intermediate/int_ga4_sessions.sql,campaign_id,attribution_identifier,(attribution_id|utm_|campaign_id),monitor
dbt/models/marts/core/dim_campaign.sql,campaign_id,attribution_identifier,(attribution_id|utm_|campaign_id),monitor
dbt/models/marts/core/fact_attribution.sql,attribution_id,attribution_identifier,(attribution_id|utm_|campaign_id),monitor
dbt/models/marts/core/fact_attribution.sql,campaign_id,attribution_identifier,(attribution_id|utm_|campaign_id),monitor
dbt/models/marts/core/fact_campaign_performance.sql,campaign_id,attribution_identifier,(attribution_id|utm_|campaign_id),monitor
dbt/models/marts/core/fact_conversions.sql,attribution_id,attribution_identifier,(attribution_id|utm_|campaign_id),monitor
dbt/models/marts/core/fact_conversions.sql,campaign_id,attribution_identifier,(attribution_id|utm_|campaign_id),monitor
dbt/models/marts/core/fact_leads.sql,attribution_id,attribution_identifier,(attribution_id|utm_|campaign_id),monitor
dbt/models/marts/core/fact_leads.sql,campaign_id,attribution_identifier,(attribution_id|utm_|campaign_id),monitor
dbt/models/marts/core/fact_revenue.sql,campaign_id,attribution_identifier,(attribution_id|utm_|campaign_id),monitor
dbt/models/marts/core/fact_sessions.sql,attribution_id,attribution_identifier,(attribution_id|utm_|campaign_id),monitor
dbt/models/marts/core/fact_sessions.sql,campaign_id,attribution_identifier,(attribution_id|utm_|campaign_id),monitor
dbt/models/marts/core/schema.yml,campaign_id,attribution_identifier,(attribution_id|utm_|campaign_id),monitor
dbt/models/marts/reporting/mart_campaign_action_center.sql,campaign_id,attribution_identifier,(attribution_id|utm_|campaign_id),monitor
dbt/models/marts/reporting/mart_campaign_performance.sql,campaign_id,attribution_identifier,(attribution_id|utm_|campaign_id),monitor
dbt/models/marts/reporting/mart_ga4_funnel.sql,campaign_id,attribution_identifier,(attribution_id|utm_|campaign_id),monitor
dbt/models/staging/stg_campaign_mapping.sql,campaign_id,attribution_identifier,(attribution_id|utm_|campaign_id),monitor
dbt/models/staging/stg_crm_leads.sql,attribution_id,attribution_identifier,(attribution_id|utm_|campaign_id),monitor
dbt/models/staging/stg_crm_leads.sql,campaign_id,attribution_identifier,(attribution_id|utm_|campaign_id),monitor
dbt/models/staging/stg_facebook_ads.sql,attribution_id,attribution_identifier,(attribution_id|utm_|campaign_id),monitor
dbt/models/staging/stg_facebook_ads.sql,campaign_id,attribution_identifier,(attribution_id|utm_|campaign_id),monitor
dbt/models/staging/stg_ga4_events.sql,attribution_id,attribution_identifier,(attribution_id|utm_|campaign_id),monitor
dbt/models/staging/stg_ga4_events.sql,campaign_id,attribution_identifier,(attribution_id|utm_|campaign_id),monitor
dbt/models/staging/stg_google_ads.sql,attribution_id,attribution_identifier,(attribution_id|utm_|campaign_id),monitor
dbt/models/staging/stg_google_ads.sql,campaign_id,attribution_identifier,(attribution_id|utm_|campaign_id),monitor
dbt/models/staging/stg_sales_conversions.sql,attribution_id,attribution_identifier,(attribution_id|utm_|campaign_id),monitor
dbt/models/staging/stg_sales_conversions.sql,campaign_id,attribution_identifier,(attribution_id|utm_|campaign_id),monitor
dbt/models/staging/stg_tiktok_ads.sql,attribution_id,attribution_identifier,(attribution_id|utm_|campaign_id),monitor
dbt/models/staging/stg_tiktok_ads.sql,campaign_id,attribution_identifier,(attribution_id|utm_|campaign_id),monitor
dbt/models/staging/stg_website_analytics.sql,attribution_id,attribution_identifier,(attribution_id|utm_|campaign_id),monitor
dbt/models/staging/stg_website_analytics.sql,campaign_id,attribution_identifier,(attribution_id|utm_|campaign_id),monitor
dbt/models/staging/stg_website_analytics.sql,utm_campaign,attribution_identifier,(attribution_id|utm_|campaign_id),monitor
dbt/models/staging/stg_website_analytics.sql,utm_campaign_id,attribution_identifier,(attribution_id|utm_|campaign_id),monitor
governance/generated/data_classification_catalog.csv,attribution_id,attribution_identifier,(attribution_id|utm_|campaign_id),monitor
governance/generated/data_classification_catalog.csv,utm_campaign_id,attribution_identifier,(attribution_id|utm_|campaign_id),monitor
governance/generated/pii_discovery_report.csv,attribution_id,attribution_identifier,(attribution_id|utm_|campaign_id),monitor
governance/generated/pii_discovery_report.csv,attribution_id_hash,attribution_identifier,(attribution_id|utm_|campaign_id),monitor
governance/generated/pii_discovery_report.csv,attribution_identifier,attribution_identifier,(attribution_id|utm_|campaign_id),monitor
governance/generated/pii_discovery_report.csv,campaign_id,attribution_identifier,(attribution_id|utm_|campaign_id),monitor
governance/generated/pii_discovery_report.csv,conversion_campaign_id,attribution_identifier,(attribution_id|utm_|campaign_id),monitor
governance/generated/pii_discovery_report.csv,dim_campaign_campaign_id_to_mart_campaign_action_center_campaign_id,attribution_identifier,(attribution_id|utm_|campaign_id),monitor
governance/generated/pii_discovery_report.csv,dim_campaign_campaign_id_to_mart_ga4_funnel_campaign_id,attribution_identifier,(attribution_id|utm_|campaign_id),monitor
governance/generated/pii_discovery_report.csv,lead_campaign_id,attribution_identifier,(attribution_id|utm_|campaign_id),monitor
governance/generated/pii_discovery_report.csv,utm_,attribution_identifier,(attribution_id|utm_|campaign_id),monitor
governance/generated/pii_discovery_report.csv,utm_campaign,attribution_identifier,(attribution_id|utm_|campaign_id),monitor
governance/generated/pii_discovery_report.csv,utm_campaign_id,attribution_identifier,(attribution_id|utm_|campaign_id),monitor
semantic_layer/powerbi_tmdl/relationships.tmdl,campaign_id,attribution_identifier,(attribution_id|utm_|campaign_id),monitor
semantic_layer/powerbi_tmdl/relationships.tmdl,dim_campaign_campaign_id_to_mart_campaign_action_center_campaign_id,attribution_identifier,(attribution_id|utm_|campaign_id),monitor
semantic_layer/powerbi_tmdl/relationships.tmdl,dim_campaign_campaign_id_to_mart_ga4_funnel_campaign_id,attribution_identifier,(attribution_id|utm_|campaign_id),monitor
semantic_layer/powerbi_tmdl/tables/dim_campaign.tmdl,campaign_id,attribution_identifier,(attribution_id|utm_|campaign_id),monitor
semantic_layer/powerbi_tmdl/tables/mart_campaign_action_center.tmdl,campaign_id,attribution_identifier,(attribution_id|utm_|campaign_id),monitor
semantic_layer/powerbi_tmdl/tables/mart_campaign_performance.tmdl,campaign_id,attribution_identifier,(attribution_id|utm_|campaign_id),monitor
semantic_layer/powerbi_tmdl/tables/mart_ga4_funnel.tmdl,campaign_id,attribution_identifier,(attribution_id|utm_|campaign_id),monitor
warehouse/postgres/init/00_create_schemas.sql,attribution_id,attribution_identifier,(attribution_id|utm_|campaign_id),monitor
warehouse/postgres/init/00_create_schemas.sql,campaign_id,attribution_identifier,(attribution_id|utm_|campaign_id),monitor
warehouse/postgres/init/01_indexes_and_comments.sql,attribution_id,attribution_identifier,(attribution_id|utm_|campaign_id),monitor
warehouse/postgres/init/01_indexes_and_comments.sql,campaign_id,attribution_identifier,(attribution_id|utm_|campaign_id),monitor
warehouse/postgres/views/security_views.sql,attribution_id,attribution_identifier,(attribution_id|utm_|campaign_id),monitor
warehouse/postgres/views/security_views.sql,attribution_id_hash,attribution_identifier,(attribution_id|utm_|campaign_id),monitor
dbt/models/intermediate/int_attribution_touchpoints.sql,deal_value,commercially_sensitive,(deal_value|gross_margin|revenue|margin|budget|spend),needs_review
dbt/models/intermediate/int_attribution_touchpoints.sql,int_campaign_spend_unified,commercially_sensitive,(deal_value|gross_margin|revenue|margin|budget|spend),needs_review
dbt/models/intermediate/int_campaign_daily.sql,int_campaign_spend_unified,commercially_sensitive,(deal_value|gross_margin|revenue|margin|budget|spend),needs_review
dbt/models/intermediate/int_campaign_daily.sql,spend,commercially_sensitive,(deal_value|gross_margin|revenue|margin|budget|spend),needs_review
dbt/models/intermediate/int_campaign_spend_unified.sql,campaign_spend_row_key,commercially_sensitive,(deal_value|gross_margin|revenue|margin|budget|spend),needs_review
dbt/models/intermediate/int_campaign_spend_unified.sql,spend,commercially_sensitive,(deal_value|gross_margin|revenue|margin|budget|spend),needs_review
dbt/models/intermediate/int_customer_journey.sql,deal_value,commercially_sensitive,(deal_value|gross_margin|revenue|margin|budget|spend),needs_review
dbt/models/intermediate/int_customer_journey.sql,gross_margin,commercially_sensitive,(deal_value|gross_margin|revenue|margin|budget|spend),needs_review
dbt/models/intermediate/int_ga4_sessions.sql,revenue,commercially_sensitive,(deal_value|gross_margin|revenue|margin|budget|spend),needs_review
dbt/models/intermediate/int_ga4_sessions.sql,session_revenue,commercially_sensitive,(deal_value|gross_margin|revenue|margin|budget|spend),needs_review
dbt/models/intermediate/schema.yml,campaign_spend_row_key,commercially_sensitive,(deal_value|gross_margin|revenue|margin|budget|spend),needs_review
dbt/models/intermediate/schema.yml,int_campaign_spend_unified,commercially_sensitive,(deal_value|gross_margin|revenue|margin|budget|spend),needs_review
dbt/models/marts/core/dim_campaign.sql,int_campaign_spend_unified,commercially_sensitive,(deal_value|gross_margin|revenue|margin|budget|spend),needs_review
dbt/models/marts/core/dim_customer.sql,deal_value,commercially_sensitive,(deal_value|gross_margin|revenue|margin|budget|spend),needs_review
dbt/models/marts/core/dim_source_system.sql,revenue_operations,commercially_sensitive,(deal_value|gross_margin|revenue|margin|budget|spend),needs_review
dbt/models/marts/core/fact_attribution.sql,attributed_revenue,commercially_sensitive,(deal_value|gross_margin|revenue|margin|budget|spend),needs_review
dbt/models/marts/core/fact_attribution.sql,deal_value,commercially_sensitive,(deal_value|gross_margin|revenue|margin|budget|spend),needs_review
dbt/models/marts/core/fact_campaign_performance.sql,attributed_revenue,commercially_sensitive,(deal_value|gross_margin|revenue|margin|budget|spend),needs_review
dbt/models/marts/core/fact_campaign_performance.sql,deal_value,commercially_sensitive,(deal_value|gross_margin|revenue|margin|budget|spend),needs_review
dbt/models/marts/core/fact_campaign_performance.sql,revenue,commercially_sensitive,(deal_value|gross_margin|revenue|margin|budget|spend),needs_review
dbt/models/marts/core/fact_campaign_performance.sql,spend,commercially_sensitive,(deal_value|gross_margin|revenue|margin|budget|spend),needs_review
dbt/models/marts/core/fact_conversions.sql,deal_value,commercially_sensitive,(deal_value|gross_margin|revenue|margin|budget|spend),needs_review
dbt/models/marts/core/fact_conversions.sql,gross_margin,commercially_sensitive,(deal_value|gross_margin|revenue|margin|budget|spend),needs_review
dbt/models/marts/core/fact_revenue.sql,deal_value,commercially_sensitive,(deal_value|gross_margin|revenue|margin|budget|spend),needs_review
dbt/models/marts/core/fact_revenue.sql,fact_revenue_key,commercially_sensitive,(deal_value|gross_margin|revenue|margin|budget|spend),needs_review
dbt/models/marts/core/fact_revenue.sql,gross_margin,commercially_sensitive,(deal_value|gross_margin|revenue|margin|budget|spend),needs_review
dbt/models/marts/core/fact_revenue.sql,revenue,commercially_sensitive,(deal_value|gross_margin|revenue|margin|budget|spend),needs_review
dbt/models/marts/core/fact_revenue.sql,revenue_date,commercially_sensitive,(deal_value|gross_margin|revenue|margin|budget|spend),needs_review
dbt/models/marts/core/fact_targets.sql,budget_owner,commercially_sensitive,(deal_value|gross_margin|revenue|margin|budget|spend),needs_review
dbt/models/marts/core/fact_targets.sql,target_revenue,commercially_sensitive,(deal_value|gross_margin|revenue|margin|budget|spend),needs_review
dbt/models/marts/core/fact_targets.sql,target_spend,commercially_sensitive,(deal_value|gross_margin|revenue|margin|budget|spend),needs_review
dbt/models/marts/core/schema.yml,revenue,commercially_sensitive,(deal_value|gross_margin|revenue|margin|budget|spend),needs_review
dbt/models/marts/core/schema.yml,spend,commercially_sensitive,(deal_value|gross_margin|revenue|margin|budget|spend),needs_review
dbt/models/marts/reporting/mart_attribution_model_comparison.sql,attributed_revenue,commercially_sensitive,(deal_value|gross_margin|revenue|margin|budget|spend),needs_review
dbt/models/marts/reporting/mart_attribution_model_comparison.sql,first_touch_revenue,commercially_sensitive,(deal_value|gross_margin|revenue|margin|budget|spend),needs_review
dbt/models/marts/reporting/mart_attribution_model_comparison.sql,last_touch_revenue,commercially_sensitive,(deal_value|gross_margin|revenue|margin|budget|spend),needs_review
dbt/models/marts/reporting/mart_attribution_model_comparison.sql,last_vs_first_revenue_delta,commercially_sensitive,(deal_value|gross_margin|revenue|margin|budget|spend),needs_review
dbt/models/marts/reporting/mart_attribution_model_comparison.sql,linear_revenue,commercially_sensitive,(deal_value|gross_margin|revenue|margin|budget|spend),needs_review
dbt/models/marts/reporting/mart_attribution_model_comparison.sql,model_revenue,commercially_sensitive,(deal_value|gross_margin|revenue|margin|budget|spend),needs_review
dbt/models/marts/reporting/mart_attribution_model_comparison.sql,position_based_revenue,commercially_sensitive,(deal_value|gross_margin|revenue|margin|budget|spend),needs_review
dbt/models/marts/reporting/mart_attribution_model_comparison.sql,time_decay_revenue,commercially_sensitive,(deal_value|gross_margin|revenue|margin|budget|spend),needs_review
dbt/models/marts/reporting/mart_attribution_model_comparison.sql,time_decay_vs_linear_revenue_delta,commercially_sensitive,(deal_value|gross_margin|revenue|margin|budget|spend),needs_review
dbt/models/marts/reporting/mart_attribution_model_comparison.sql,u_shaped_revenue,commercially_sensitive,(deal_value|gross_margin|revenue|margin|budget|spend),needs_review
dbt/models/marts/reporting/mart_attribution_model_comparison.sql,u_shaped_vs_linear_revenue_delta,commercially_sensitive,(deal_value|gross_margin|revenue|margin|budget|spend),needs_review
dbt/models/marts/reporting/mart_attribution_summary.sql,attributed_revenue,commercially_sensitive,(deal_value|gross_margin|revenue|margin|budget|spend),needs_review
dbt/models/marts/reporting/mart_budget_efficiency.sql,booked_revenue,commercially_sensitive,(deal_value|gross_margin|revenue|margin|budget|spend),needs_review
dbt/models/marts/reporting/mart_budget_efficiency.sql,budget_recommendation,commercially_sensitive,(deal_value|gross_margin|revenue|margin|budget|spend),needs_review
dbt/models/marts/reporting/mart_budget_efficiency.sql,gross_margin,commercially_sensitive,(deal_value|gross_margin|revenue|margin|budget|spend),needs_review
dbt/models/marts/reporting/mart_budget_efficiency.sql,no_spend,commercially_sensitive,(deal_value|gross_margin|revenue|margin|budget|spend),needs_review
dbt/models/marts/reporting/mart_budget_efficiency.sql,spend,commercially_sensitive,(deal_value|gross_margin|revenue|margin|budget|spend),needs_review
dbt/models/marts/reporting/mart_campaign_action_center.sql,Spend,commercially_sensitive,(deal_value|gross_margin|revenue|margin|budget|spend),needs_review
dbt/models/marts/reporting/mart_campaign_action_center.sql,attributed_revenue,commercially_sensitive,(deal_value|gross_margin|revenue|margin|budget|spend),needs_review
dbt/models/marts/reporting/mart_campaign_action_center.sql,budget,commercially_sensitive,(deal_value|gross_margin|revenue|margin|budget|spend),needs_review
dbt/models/marts/reporting/mart_campaign_action_center.sql,campaign_min_spend_for_action,commercially_sensitive,(deal_value|gross_margin|revenue|margin|budget|spend),needs_review
dbt/models/marts/reporting/mart_campaign_action_center.sql,spend,commercially_sensitive,(deal_value|gross_margin|revenue|margin|budget|spend),needs_review
dbt/models/marts/reporting/mart_campaign_action_center.sql,target_revenue,commercially_sensitive,(deal_value|gross_margin|revenue|margin|budget|spend),needs_review
dbt/models/marts/reporting/mart_campaign_action_center.sql,target_spend,commercially_sensitive,(deal_value|gross_margin|revenue|margin|budget|spend),needs_review
dbt/models/marts/reporting/mart_campaign_performance.sql,attributed_revenue,commercially_sensitive,(deal_value|gross_margin|revenue|margin|budget|spend),needs_review
dbt/models/marts/reporting/mart_campaign_performance.sql,revenue,commercially_sensitive,(deal_value|gross_margin|revenue|margin|budget|spend),needs_review
dbt/models/marts/reporting/mart_campaign_performance.sql,spend,commercially_sensitive,(deal_value|gross_margin|revenue|margin|budget|spend),needs_review
dbt/models/marts/reporting/mart_campaign_performance.sql,waste_budget_flag,commercially_sensitive,(deal_value|gross_margin|revenue|margin|budget|spend),needs_review
dbt/models/marts/reporting/mart_channel_performance.sql,attributed_revenue,commercially_sensitive,(deal_value|gross_margin|revenue|margin|budget|spend),needs_review
dbt/models/marts/reporting/mart_channel_performance.sql,booked_revenue,commercially_sensitive,(deal_value|gross_margin|revenue|margin|budget|spend),needs_review
dbt/models/marts/reporting/mart_channel_performance.sql,deal_value,commercially_sensitive,(deal_value|gross_margin|revenue|margin|budget|spend),needs_review
dbt/models/marts/reporting/mart_channel_performance.sql,gross_margin,commercially_sensitive,(deal_value|gross_margin|revenue|margin|budget|spend),needs_review
dbt/models/marts/reporting/mart_channel_performance.sql,revenue,commercially_sensitive,(deal_value|gross_margin|revenue|margin|budget|spend),needs_review
dbt/models/marts/reporting/mart_channel_performance.sql,spend,commercially_sensitive,(deal_value|gross_margin|revenue|margin|budget|spend),needs_review
dbt/models/marts/reporting/mart_customer_value.sql,acquisition_spend,commercially_sensitive,(deal_value|gross_margin|revenue|margin|budget|spend),needs_review
dbt/models/marts/reporting/mart_customer_value.sql,channel_spend_reference,commercially_sensitive,(deal_value|gross_margin|revenue|margin|budget|spend),needs_review
dbt/models/marts/reporting/mart_customer_value.sql,fact_revenue,commercially_sensitive,(deal_value|gross_margin|revenue|margin|budget|spend),needs_review
dbt/models/marts/reporting/mart_customer_value.sql,first_revenue_date,commercially_sensitive,(deal_value|gross_margin|revenue|margin|budget|spend),needs_review
dbt/models/marts/reporting/mart_customer_value.sql,gross_margin,commercially_sensitive,(deal_value|gross_margin|revenue|margin|budget|spend),needs_review
dbt/models/marts/reporting/mart_customer_value.sql,lifetime_margin,commercially_sensitive,(deal_value|gross_margin|revenue|margin|budget|spend),needs_review
dbt/models/marts/reporting/mart_customer_value.sql,lifetime_revenue,commercially_sensitive,(deal_value|gross_margin|revenue|margin|budget|spend),needs_review
dbt/models/marts/reporting/mart_customer_value.sql,revenue,commercially_sensitive,(deal_value|gross_margin|revenue|margin|budget|spend),needs_review
dbt/models/marts/reporting/mart_customer_value.sql,revenue_date,commercially_sensitive,(deal_value|gross_margin|revenue|margin|budget|spend),needs_review
dbt/models/marts/reporting/mart_customer_value.sql,spend,commercially_sensitive,(deal_value|gross_margin|revenue|margin|budget|spend),needs_review
dbt/models/marts/reporting/mart_funnel_performance.sql,deal_value,commercially_sensitive,(deal_value|gross_margin|revenue|margin|budget|spend),needs_review
dbt/models/marts/reporting/mart_funnel_performance.sql,revenue,commercially_sensitive,(deal_value|gross_margin|revenue|margin|budget|spend),needs_review
dbt/models/marts/reporting/mart_ga4_funnel.sql,purchase_revenue,commercially_sensitive,(deal_value|gross_margin|revenue|margin|budget|spend),needs_review
dbt/models/marts/reporting/mart_ga4_funnel.sql,revenue,commercially_sensitive,(deal_value|gross_margin|revenue|margin|budget|spend),needs_review
dbt/models/marts/reporting/mart_marketing_variance_drivers.sql,REVENUE_CHANGE,commercially_sensitive,(deal_value|gross_margin|revenue|margin|budget|spend),needs_review
dbt/models/marts/reporting/mart_marketing_variance_drivers.sql,SPEND_CHANGE,commercially_sensitive,(deal_value|gross_margin|revenue|margin|budget|spend),needs_review
dbt/models/marts/reporting/mart_marketing_variance_drivers.sql,booked_revenue,commercially_sensitive,(deal_value|gross_margin|revenue|margin|budget|spend),needs_review
dbt/models/marts/reporting/mart_marketing_variance_drivers.sql,budget,commercially_sensitive,(deal_value|gross_margin|revenue|margin|budget|spend),needs_review
dbt/models/marts/reporting/mart_marketing_variance_drivers.sql,current_revenue,commercially_sensitive,(deal_value|gross_margin|revenue|margin|budget|spend),needs_review
dbt/models/marts/reporting/mart_marketing_variance_drivers.sql,current_spend,commercially_sensitive,(deal_value|gross_margin|revenue|margin|budget|spend),needs_review
dbt/models/marts/reporting/mart_marketing_variance_drivers.sql,prior_revenue,commercially_sensitive,(deal_value|gross_margin|revenue|margin|budget|spend),needs_review
dbt/models/marts/reporting/mart_marketing_variance_drivers.sql,prior_spend,commercially_sensitive,(deal_value|gross_margin|revenue|margin|budget|spend),needs_review
dbt/models/marts/reporting/mart_marketing_variance_drivers.sql,revenue,commercially_sensitive,(deal_value|gross_margin|revenue|margin|budget|spend),needs_review
dbt/models/marts/reporting/mart_marketing_variance_drivers.sql,spend,commercially_sensitive,(deal_value|gross_margin|revenue|margin|budget|spend),needs_review
dbt/models/marts/reporting/mart_marketing_variance_drivers.sql,spend_absolute_variance,commercially_sensitive,(deal_value|gross_margin|revenue|margin|budget|spend),needs_review
dbt/models/marts/reporting/mart_marketing_variance_drivers.sql,spend_percentage_variance,commercially_sensitive,(deal_value|gross_margin|revenue|margin|budget|spend),needs_review
dbt/models/marts/reporting/mart_target_vs_actual.sql,actual_revenue,commercially_sensitive,(deal_value|gross_margin|revenue|margin|budget|spend),needs_review
dbt/models/marts/reporting/mart_target_vs_actual.sql,actual_spend,commercially_sensitive,(deal_value|gross_margin|revenue|margin|budget|spend),needs_review
dbt/models/marts/reporting/mart_target_vs_actual.sql,budget_owner,commercially_sensitive,(deal_value|gross_margin|revenue|margin|budget|spend),needs_review
dbt/models/marts/reporting/mart_target_vs_actual.sql,revenue,commercially_sensitive,(deal_value|gross_margin|revenue|margin|budget|spend),needs_review
dbt/models/marts/reporting/mart_target_vs_actual.sql,revenue_attainment,commercially_sensitive,(deal_value|gross_margin|revenue|margin|budget|spend),needs_review
dbt/models/marts/reporting/mart_target_vs_actual.sql,revenue_variance,commercially_sensitive,(deal_value|gross_margin|revenue|margin|budget|spend),needs_review
dbt/models/marts/reporting/mart_target_vs_actual.sql,spend,commercially_sensitive,(deal_value|gross_margin|revenue|margin|budget|spend),needs_review
dbt/models/marts/reporting/mart_target_vs_actual.sql,spend_attainment,commercially_sensitive,(deal_value|gross_margin|revenue|margin|budget|spend),needs_review
dbt/models/marts/reporting/mart_target_vs_actual.sql,spend_variance,commercially_sensitive,(deal_value|gross_margin|revenue|margin|budget|spend),needs_review
dbt/models/marts/reporting/mart_target_vs_actual.sql,target_revenue,commercially_sensitive,(deal_value|gross_margin|revenue|margin|budget|spend),needs_review
dbt/models/marts/reporting/mart_target_vs_actual.sql,target_spend,commercially_sensitive,(deal_value|gross_margin|revenue|margin|budget|spend),needs_review
dbt/models/marts/reporting/schema.yml,Budget,commercially_sensitive,(deal_value|gross_margin|revenue|margin|budget|spend),needs_review
dbt/models/marts/reporting/schema.yml,budget,commercially_sensitive,(deal_value|gross_margin|revenue|margin|budget|spend),needs_review
dbt/models/marts/reporting/schema.yml,mart_budget_efficiency,commercially_sensitive,(deal_value|gross_margin|revenue|margin|budget|spend),needs_review
dbt/models/marts/reporting/schema.yml,revenue,commercially_sensitive,(deal_value|gross_margin|revenue|margin|budget|spend),needs_review
dbt/models/marts/reporting/schema.yml,spend,commercially_sensitive,(deal_value|gross_margin|revenue|margin|budget|spend),needs_review
dbt/models/staging/schema.yml,spend,commercially_sensitive,(deal_value|gross_margin|revenue|margin|budget|spend),needs_review
dbt/models/staging/stg_facebook_ads.sql,null_spend_flag,commercially_sensitive,(deal_value|gross_margin|revenue|margin|budget|spend),needs_review
dbt/models/staging/stg_facebook_ads.sql,spend,commercially_sensitive,(deal_value|gross_margin|revenue|margin|budget|spend),needs_review
dbt/models/staging/stg_ga4_events.sql,revenue,commercially_sensitive,(deal_value|gross_margin|revenue|margin|budget|spend),needs_review
dbt/models/staging/stg_google_ads.sql,null_spend_flag,commercially_sensitive,(deal_value|gross_margin|revenue|margin|budget|spend),needs_review
dbt/models/staging/stg_google_ads.sql,spend,commercially_sensitive,(deal_value|gross_margin|revenue|margin|budget|spend),needs_review
dbt/models/staging/stg_marketing_targets.sql,budget_owner,commercially_sensitive,(deal_value|gross_margin|revenue|margin|budget|spend),needs_review
dbt/models/staging/stg_marketing_targets.sql,target_revenue,commercially_sensitive,(deal_value|gross_margin|revenue|margin|budget|spend),needs_review
dbt/models/staging/stg_marketing_targets.sql,target_spend,commercially_sensitive,(deal_value|gross_margin|revenue|margin|budget|spend),needs_review
dbt/models/staging/stg_sales_conversions.sql,deal_value,commercially_sensitive,(deal_value|gross_margin|revenue|margin|budget|spend),needs_review
dbt/models/staging/stg_sales_conversions.sql,gross_margin,commercially_sensitive,(deal_value|gross_margin|revenue|margin|budget|spend),needs_review
dbt/models/staging/stg_tiktok_ads.sql,null_spend_flag,commercially_sensitive,(deal_value|gross_margin|revenue|margin|budget|spend),needs_review
dbt/models/staging/stg_tiktok_ads.sql,spend,commercially_sensitive,(deal_value|gross_margin|revenue|margin|budget|spend),needs_review
governance/generated/access_policy_matrix.csv,budget,commercially_sensitive,(deal_value|gross_margin|revenue|margin|budget|spend),needs_review
governance/generated/access_policy_matrix.csv,margin,commercially_sensitive,(deal_value|gross_margin|revenue|margin|budget|spend),needs_review
governance/generated/access_policy_matrix.csv,revenue,commercially_sensitive,(deal_value|gross_margin|revenue|margin|budget|spend),needs_review
governance/generated/bi_release_certification.md,revenue,commercially_sensitive,(deal_value|gross_margin|revenue|margin|budget|spend),needs_review
governance/generated/data_classification_catalog.csv,Revenue,commercially_sensitive,(deal_value|gross_margin|revenue|margin|budget|spend),needs_review
governance/generated/data_classification_catalog.csv,booked_revenue,commercially_sensitive,(deal_value|gross_margin|revenue|margin|budget|spend),needs_review
governance/generated/data_classification_catalog.csv,deal_value,commercially_sensitive,(deal_value|gross_margin|revenue|margin|budget|spend),needs_review
governance/generated/data_classification_catalog.csv,fact_revenue,commercially_sensitive,(deal_value|gross_margin|revenue|margin|budget|spend),needs_review
governance/generated/data_classification_catalog.csv,gross_margin,commercially_sensitive,(deal_value|gross_margin|revenue|margin|budget|spend),needs_review
governance/generated/data_classification_catalog.csv,lifetime_margin,commercially_sensitive,(deal_value|gross_margin|revenue|margin|budget|spend),needs_review
governance/generated/data_classification_catalog.csv,lifetime_revenue,commercially_sensitive,(deal_value|gross_margin|revenue|margin|budget|spend),needs_review
governance/generated/data_classification_catalog.csv,margin,commercially_sensitive,(deal_value|gross_margin|revenue|margin|budget|spend),needs_review
governance/generated/data_classification_catalog.csv,revenue,commercially_sensitive,(deal_value|gross_margin|revenue|margin|budget|spend),needs_review
governance/generated/data_classification_catalog.csv,revenue_fact_1095_days,commercially_sensitive,(deal_value|gross_margin|revenue|margin|budget|spend),needs_review
governance/generated/data_classification_catalog.csv,revenue_operations,commercially_sensitive,(deal_value|gross_margin|revenue|margin|budget|spend),needs_review
governance/generated/data_classification_catalog.csv,spend,commercially_sensitive,(deal_value|gross_margin|revenue|margin|budget|spend),needs_review
governance/generated/pii_discovery_report.csv,Budget,commercially_sensitive,(deal_value|gross_margin|revenue|margin|budget|spend),needs_review
governance/generated/pii_discovery_report.csv,Margin,commercially_sensitive,(deal_value|gross_margin|revenue|margin|budget|spend),needs_review
governance/generated/pii_discovery_report.csv,REVENUE_CHANGE,commercially_sensitive,(deal_value|gross_margin|revenue|margin|budget|spend),needs_review
governance/generated/pii_discovery_report.csv,Revenue,commercially_sensitive,(deal_value|gross_margin|revenue|margin|budget|spend),needs_review
governance/generated/pii_discovery_report.csv,SPEND_CHANGE,commercially_sensitive,(deal_value|gross_margin|revenue|margin|budget|spend),needs_review
governance/generated/pii_discovery_report.csv,Spend,commercially_sensitive,(deal_value|gross_margin|revenue|margin|budget|spend),needs_review
governance/generated/pii_discovery_report.csv,acquisition_spend,commercially_sensitive,(deal_value|gross_margin|revenue|margin|budget|spend),needs_review
governance/generated/pii_discovery_report.csv,actual_revenue,commercially_sensitive,(deal_value|gross_margin|revenue|margin|budget|spend),needs_review
governance/generated/pii_discovery_report.csv,actual_revenue_total,commercially_sensitive,(deal_value|gross_margin|revenue|margin|budget|spend),needs_review
governance/generated/pii_discovery_report.csv,actual_spend,commercially_sensitive,(deal_value|gross_margin|revenue|margin|budget|spend),needs_review
governance/generated/pii_discovery_report.csv,attributed_revenue,commercially_sensitive,(deal_value|gross_margin|revenue|margin|budget|spend),needs_review
governance/generated/pii_discovery_report.csv,booked_revenue,commercially_sensitive,(deal_value|gross_margin|revenue|margin|budget|spend),needs_review
governance/generated/pii_discovery_report.csv,budget,commercially_sensitive,(deal_value|gross_margin|revenue|margin|budget|spend),needs_review
governance/generated/pii_discovery_report.csv,budget_owner,commercially_sensitive,(deal_value|gross_margin|revenue|margin|budget|spend),needs_review
governance/generated/pii_discovery_report.csv,budget_recommendation,commercially_sensitive,(deal_value|gross_margin|revenue|margin|budget|spend),needs_review
governance/generated/pii_discovery_report.csv,budgets,commercially_sensitive,(deal_value|gross_margin|revenue|margin|budget|spend),needs_review
governance/generated/pii_discovery_report.csv,campaign_min_spend_for_action,commercially_sensitive,(deal_value|gross_margin|revenue|margin|budget|spend),needs_review
governance/generated/pii_discovery_report.csv,campaign_spend_row_key,commercially_sensitive,(deal_value|gross_margin|revenue|margin|budget|spend),needs_review
governance/generated/pii_discovery_report.csv,channel_budget,commercially_sensitive,(deal_value|gross_margin|revenue|margin|budget|spend),needs_review
governance/generated/pii_discovery_report.csv,channel_spend_reference,commercially_sensitive,(deal_value|gross_margin|revenue|margin|budget|spend),needs_review
governance/generated/pii_discovery_report.csv,current_revenue,commercially_sensitive,(deal_value|gross_margin|revenue|margin|budget|spend),needs_review
governance/generated/pii_discovery_report.csv,current_spend,commercially_sensitive,(deal_value|gross_margin|revenue|margin|budget|spend),needs_review
governance/generated/pii_discovery_report.csv,deal_value,commercially_sensitive,(deal_value|gross_margin|revenue|margin|budget|spend),needs_review
governance/generated/pii_discovery_report.csv,demo_mart_budget_efficiency,commercially_sensitive,(deal_value|gross_margin|revenue|margin|budget|spend),needs_review
governance/generated/pii_discovery_report.csv,fact_ad_spend,commercially_sensitive,(deal_value|gross_margin|revenue|margin|budget|spend),needs_review
governance/generated/pii_discovery_report.csv,fact_budget_targets,commercially_sensitive,(deal_value|gross_margin|revenue|margin|budget|spend),needs_review
governance/generated/pii_discovery_report.csv,fact_revenue,commercially_sensitive,(deal_value|gross_margin|revenue|margin|budget|spend),needs_review
governance/generated/pii_discovery_report.csv,fact_revenue_attribution,commercially_sensitive,(deal_value|gross_margin|revenue|margin|budget|spend),needs_review
governance/generated/pii_discovery_report.csv,fact_revenue_key,commercially_sensitive,(deal_value|gross_margin|revenue|margin|budget|spend),needs_review
governance/generated/pii_discovery_report.csv,first_revenue_date,commercially_sensitive,(deal_value|gross_margin|revenue|margin|budget|spend),needs_review
governance/generated/pii_discovery_report.csv,first_touch_revenue,commercially_sensitive,(deal_value|gross_margin|revenue|margin|budget|spend),needs_review
governance/generated/pii_discovery_report.csv,gross_margin,commercially_sensitive,(deal_value|gross_margin|revenue|margin|budget|spend),needs_review
governance/generated/pii_discovery_report.csv,int_campaign_spend_unified,commercially_sensitive,(deal_value|gross_margin|revenue|margin|budget|spend),needs_review
governance/generated/pii_discovery_report.csv,last_touch_revenue,commercially_sensitive,(deal_value|gross_margin|revenue|margin|budget|spend),needs_review
governance/generated/pii_discovery_report.csv,last_vs_first_revenue_delta,commercially_sensitive,(deal_value|gross_margin|revenue|margin|budget|spend),needs_review
governance/generated/pii_discovery_report.csv,lifetime_margin,commercially_sensitive,(deal_value|gross_margin|revenue|margin|budget|spend),needs_review
governance/generated/pii_discovery_report.csv,lifetime_revenue,commercially_sensitive,(deal_value|gross_margin|revenue|margin|budget|spend),needs_review
governance/generated/pii_discovery_report.csv,linear_revenue,commercially_sensitive,(deal_value|gross_margin|revenue|margin|budget|spend),needs_review
governance/generated/pii_discovery_report.csv,margin,commercially_sensitive,(deal_value|gross_margin|revenue|margin|budget|spend),needs_review
governance/generated/pii_discovery_report.csv,mart_budget_efficiency,commercially_sensitive,(deal_value|gross_margin|revenue|margin|budget|spend),needs_review
governance/generated/pii_discovery_report.csv,mart_budget_scenarios,commercially_sensitive,(deal_value|gross_margin|revenue|margin|budget|spend),needs_review
governance/generated/pii_discovery_report.csv,mart_mart_budget_efficiency,commercially_sensitive,(deal_value|gross_margin|revenue|margin|budget|spend),needs_review
governance/generated/pii_discovery_report.csv,model_revenue,commercially_sensitive,(deal_value|gross_margin|revenue|margin|budget|spend),needs_review
governance/generated/pii_discovery_report.csv,no_spend,commercially_sensitive,(deal_value|gross_margin|revenue|margin|budget|spend),needs_review
governance/generated/pii_discovery_report.csv,null_spend_flag,commercially_sensitive,(deal_value|gross_margin|revenue|margin|budget|spend),needs_review
governance/generated/pii_discovery_report.csv,position_based_revenue,commercially_sensitive,(deal_value|gross_margin|revenue|margin|budget|spend),needs_review
governance/generated/pii_discovery_report.csv,prior_revenue,commercially_sensitive,(deal_value|gross_margin|revenue|margin|budget|spend),needs_review
governance/generated/pii_discovery_report.csv,prior_spend,commercially_sensitive,(deal_value|gross_margin|revenue|margin|budget|spend),needs_review
governance/generated/pii_discovery_report.csv,projected_revenue,commercially_sensitive,(deal_value|gross_margin|revenue|margin|budget|spend),needs_review
governance/generated/pii_discovery_report.csv,purchase_revenue,commercially_sensitive,(deal_value|gross_margin|revenue|margin|budget|spend),needs_review
governance/generated/pii_discovery_report.csv,revenue,commercially_sensitive,(deal_value|gross_margin|revenue|margin|budget|spend),needs_review
governance/generated/pii_discovery_report.csv,revenue_attainment,commercially_sensitive,(deal_value|gross_margin|revenue|margin|budget|spend),needs_review
governance/generated/pii_discovery_report.csv,revenue_date,commercially_sensitive,(deal_value|gross_margin|revenue|margin|budget|spend),needs_review
governance/generated/pii_discovery_report.csv,revenue_fact_1095_days,commercially_sensitive,(deal_value|gross_margin|revenue|margin|budget|spend),needs_review
governance/generated/pii_discovery_report.csv,revenue_operations,commercially_sensitive,(deal_value|gross_margin|revenue|margin|budget|spend),needs_review
governance/generated/pii_discovery_report.csv,revenue_variance,commercially_sensitive,(deal_value|gross_margin|revenue|margin|budget|spend),needs_review
governance/generated/pii_discovery_report.csv,session_revenue,commercially_sensitive,(deal_value|gross_margin|revenue|margin|budget|spend),needs_review
governance/generated/pii_discovery_report.csv,spend,commercially_sensitive,(deal_value|gross_margin|revenue|margin|budget|spend),needs_review
governance/generated/pii_discovery_report.csv,spend_absolute_variance,commercially_sensitive,(deal_value|gross_margin|revenue|margin|budget|spend),needs_review
governance/generated/pii_discovery_report.csv,spend_attainment,commercially_sensitive,(deal_value|gross_margin|revenue|margin|budget|spend),needs_review
governance/generated/pii_discovery_report.csv,spend_percentage_variance,commercially_sensitive,(deal_value|gross_margin|revenue|margin|budget|spend),needs_review
governance/generated/pii_discovery_report.csv,spend_variance,commercially_sensitive,(deal_value|gross_margin|revenue|margin|budget|spend),needs_review
governance/generated/pii_discovery_report.csv,target_revenue,commercially_sensitive,(deal_value|gross_margin|revenue|margin|budget|spend),needs_review
governance/generated/pii_discovery_report.csv,target_revenue_total,commercially_sensitive,(deal_value|gross_margin|revenue|margin|budget|spend),needs_review
governance/generated/pii_discovery_report.csv,target_spend,commercially_sensitive,(deal_value|gross_margin|revenue|margin|budget|spend),needs_review
governance/generated/pii_discovery_report.csv,time_decay_revenue,commercially_sensitive,(deal_value|gross_margin|revenue|margin|budget|spend),needs_review
governance/generated/pii_discovery_report.csv,time_decay_vs_linear_revenue_delta,commercially_sensitive,(deal_value|gross_margin|revenue|margin|budget|spend),needs_review
governance/generated/pii_discovery_report.csv,total_budget,commercially_sensitive,(deal_value|gross_margin|revenue|margin|budget|spend),needs_review
governance/generated/pii_discovery_report.csv,total_spend,commercially_sensitive,(deal_value|gross_margin|revenue|margin|budget|spend),needs_review
governance/generated/pii_discovery_report.csv,u_shaped_revenue,commercially_sensitive,(deal_value|gross_margin|revenue|margin|budget|spend),needs_review
governance/generated/pii_discovery_report.csv,u_shaped_vs_linear_revenue_delta,commercially_sensitive,(deal_value|gross_margin|revenue|margin|budget|spend),needs_review
governance/generated/pii_discovery_report.csv,warehouse_fact_revenue,commercially_sensitive,(deal_value|gross_margin|revenue|margin|budget|spend),needs_review
governance/generated/pii_discovery_report.csv,waste_budget_flag,commercially_sensitive,(deal_value|gross_margin|revenue|margin|budget|spend),needs_review
governance/generated/retention_policy_dry_run.csv,revenue,commercially_sensitive,(deal_value|gross_margin|revenue|margin|budget|spend),needs_review
governance/generated/retention_policy_dry_run.csv,revenue_fact_1095_days,commercially_sensitive,(deal_value|gross_margin|revenue|margin|budget|spend),needs_review
governance/generated/retention_policy_matrix.csv,revenue,commercially_sensitive,(deal_value|gross_margin|revenue|margin|budget|spend),needs_review
governance/generated/retention_policy_matrix.csv,revenue_fact_1095_days,commercially_sensitive,(deal_value|gross_margin|revenue|margin|budget|spend),needs_review
semantic_layer/dashboard_build_guide.md,Budget,commercially_sensitive,(deal_value|gross_margin|revenue|margin|budget|spend),needs_review
semantic_layer/dashboard_build_guide.md,Margin,commercially_sensitive,(deal_value|gross_margin|revenue|margin|budget|spend),needs_review
semantic_layer/dashboard_build_guide.md,Revenue,commercially_sensitive,(deal_value|gross_margin|revenue|margin|budget|spend),needs_review
semantic_layer/dashboard_build_guide.md,Spend,commercially_sensitive,(deal_value|gross_margin|revenue|margin|budget|spend),needs_review
semantic_layer/dashboard_build_guide.md,revenue,commercially_sensitive,(deal_value|gross_margin|revenue|margin|budget|spend),needs_review
semantic_layer/dashboard_build_guide.md,spend,commercially_sensitive,(deal_value|gross_margin|revenue|margin|budget|spend),needs_review
semantic_layer/dashboard_measure_matrix.md,Budget,commercially_sensitive,(deal_value|gross_margin|revenue|margin|budget|spend),needs_review
semantic_layer/dashboard_measure_matrix.md,Margin,commercially_sensitive,(deal_value|gross_margin|revenue|margin|budget|spend),needs_review
semantic_layer/dashboard_measure_matrix.md,Revenue,commercially_sensitive,(deal_value|gross_margin|revenue|margin|budget|spend),needs_review
semantic_layer/dashboard_measure_matrix.md,Spend,commercially_sensitive,(deal_value|gross_margin|revenue|margin|budget|spend),needs_review
semantic_layer/dashboard_measure_matrix.md,budget,commercially_sensitive,(deal_value|gross_margin|revenue|margin|budget|spend),needs_review
semantic_layer/dax_measure_catalog.md,Margin,commercially_sensitive,(deal_value|gross_margin|revenue|margin|budget|spend),needs_review
semantic_layer/dax_measure_catalog.md,Revenue,commercially_sensitive,(deal_value|gross_margin|revenue|margin|budget|spend),needs_review
semantic_layer/dax_measure_catalog.md,Spend,commercially_sensitive,(deal_value|gross_margin|revenue|margin|budget|spend),needs_review
semantic_layer/dax_measure_catalog.md,actual_revenue,commercially_sensitive,(deal_value|gross_margin|revenue|margin|budget|spend),needs_review
semantic_layer/dax_measure_catalog.md,actual_spend,commercially_sensitive,(deal_value|gross_margin|revenue|margin|budget|spend),needs_review
semantic_layer/dax_measure_catalog.md,attributed_revenue,commercially_sensitive,(deal_value|gross_margin|revenue|margin|budget|spend),needs_review
semantic_layer/dax_measure_catalog.md,booked_revenue,commercially_sensitive,(deal_value|gross_margin|revenue|margin|budget|spend),needs_review
semantic_layer/dax_measure_catalog.md,gross_margin,commercially_sensitive,(deal_value|gross_margin|revenue|margin|budget|spend),needs_review
semantic_layer/dax_measure_catalog.md,mart_budget_efficiency,commercially_sensitive,(deal_value|gross_margin|revenue|margin|budget|spend),needs_review
semantic_layer/dax_measure_catalog.md,spend,commercially_sensitive,(deal_value|gross_margin|revenue|margin|budget|spend),needs_review
semantic_layer/dax_measure_catalog.md,target_revenue,commercially_sensitive,(deal_value|gross_margin|revenue|margin|budget|spend),needs_review
semantic_layer/dax_measure_catalog.md,target_spend,commercially_sensitive,(deal_value|gross_margin|revenue|margin|budget|spend),needs_review
semantic_layer/dbt_metricflow/semantic_layer.yml,Margin,commercially_sensitive,(deal_value|gross_margin|revenue|margin|budget|spend),needs_review
semantic_layer/dbt_metricflow/semantic_layer.yml,Revenue,commercially_sensitive,(deal_value|gross_margin|revenue|margin|budget|spend),needs_review
semantic_layer/dbt_metricflow/semantic_layer.yml,Spend,commercially_sensitive,(deal_value|gross_margin|revenue|margin|budget|spend),needs_review
semantic_layer/dbt_metricflow/semantic_layer.yml,actual_revenue,commercially_sensitive,(deal_value|gross_margin|revenue|margin|budget|spend),needs_review
semantic_layer/dbt_metricflow/semantic_layer.yml,actual_revenue_total,commercially_sensitive,(deal_value|gross_margin|revenue|margin|budget|spend),needs_review
semantic_layer/dbt_metricflow/semantic_layer.yml,actual_spend,commercially_sensitive,(deal_value|gross_margin|revenue|margin|budget|spend),needs_review
semantic_layer/dbt_metricflow/semantic_layer.yml,booked_revenue,commercially_sensitive,(deal_value|gross_margin|revenue|margin|budget|spend),needs_review
semantic_layer/dbt_metricflow/semantic_layer.yml,budget,commercially_sensitive,(deal_value|gross_margin|revenue|margin|budget|spend),needs_review
semantic_layer/dbt_metricflow/semantic_layer.yml,budget_owner,commercially_sensitive,(deal_value|gross_margin|revenue|margin|budget|spend),needs_review
semantic_layer/dbt_metricflow/semantic_layer.yml,gross_margin,commercially_sensitive,(deal_value|gross_margin|revenue|margin|budget|spend),needs_review
semantic_layer/dbt_metricflow/semantic_layer.yml,margin,commercially_sensitive,(deal_value|gross_margin|revenue|margin|budget|spend),needs_review
semantic_layer/dbt_metricflow/semantic_layer.yml,mart_budget_efficiency,commercially_sensitive,(deal_value|gross_margin|revenue|margin|budget|spend),needs_review
semantic_layer/dbt_metricflow/semantic_layer.yml,revenue,commercially_sensitive,(deal_value|gross_margin|revenue|margin|budget|spend),needs_review
semantic_layer/dbt_metricflow/semantic_layer.yml,revenue_attainment,commercially_sensitive,(deal_value|gross_margin|revenue|margin|budget|spend),needs_review
semantic_layer/dbt_metricflow/semantic_layer.yml,spend,commercially_sensitive,(deal_value|gross_margin|revenue|margin|budget|spend),needs_review
semantic_layer/dbt_metricflow/semantic_layer.yml,target_revenue,commercially_sensitive,(deal_value|gross_margin|revenue|margin|budget|spend),needs_review
semantic_layer/dbt_metricflow/semantic_layer.yml,target_revenue_total,commercially_sensitive,(deal_value|gross_margin|revenue|margin|budget|spend),needs_review
semantic_layer/dbt_metricflow/semantic_layer.yml,target_spend,commercially_sensitive,(deal_value|gross_margin|revenue|margin|budget|spend),needs_review
semantic_layer/dbt_metricflow/semantic_layer.yml,total_spend,commercially_sensitive,(deal_value|gross_margin|revenue|margin|budget|spend),needs_review
semantic_layer/dbt_semantic_layer_notes.md,Margin,commercially_sensitive,(deal_value|gross_margin|revenue|margin|budget|spend),needs_review
semantic_layer/dbt_semantic_layer_notes.md,Revenue,commercially_sensitive,(deal_value|gross_margin|revenue|margin|budget|spend),needs_review
semantic_layer/dbt_semantic_layer_notes.md,Spend,commercially_sensitive,(deal_value|gross_margin|revenue|margin|budget|spend),needs_review
semantic_layer/dbt_semantic_layer_notes.md,budget,commercially_sensitive,(deal_value|gross_margin|revenue|margin|budget|spend),needs_review
semantic_layer/dbt_semantic_layer_notes.md,margin,commercially_sensitive,(deal_value|gross_margin|revenue|margin|budget|spend),needs_review
semantic_layer/dbt_semantic_layer_notes.md,revenue,commercially_sensitive,(deal_value|gross_margin|revenue|margin|budget|spend),needs_review
semantic_layer/dbt_semantic_layer_notes.md,spend,commercially_sensitive,(deal_value|gross_margin|revenue|margin|budget|spend),needs_review
semantic_layer/kpi_catalog.md,Budget,commercially_sensitive,(deal_value|gross_margin|revenue|margin|budget|spend),needs_review
semantic_layer/kpi_catalog.md,Margin,commercially_sensitive,(deal_value|gross_margin|revenue|margin|budget|spend),needs_review
semantic_layer/kpi_catalog.md,Revenue,commercially_sensitive,(deal_value|gross_margin|revenue|margin|budget|spend),needs_review
semantic_layer/kpi_catalog.md,Spend,commercially_sensitive,(deal_value|gross_margin|revenue|margin|budget|spend),needs_review
semantic_layer/kpi_catalog.md,margin,commercially_sensitive,(deal_value|gross_margin|revenue|margin|budget|spend),needs_review
semantic_layer/kpi_catalog.md,mart_budget_efficiency,commercially_sensitive,(deal_value|gross_margin|revenue|margin|budget|spend),needs_review
semantic_layer/kpi_catalog.md,revenue,commercially_sensitive,(deal_value|gross_margin|revenue|margin|budget|spend),needs_review
semantic_layer/kpi_catalog.md,spend,commercially_sensitive,(deal_value|gross_margin|revenue|margin|budget|spend),needs_review
semantic_layer/model_relationships.md,fact_revenue,commercially_sensitive,(deal_value|gross_margin|revenue|margin|budget|spend),needs_review
semantic_layer/model_relationships.md,mart_budget_efficiency,commercially_sensitive,(deal_value|gross_margin|revenue|margin|budget|spend),needs_review
semantic_layer/powerbi/POWERBI_EVIDENCE.md,demo_mart_budget_efficiency,commercially_sensitive,(deal_value|gross_margin|revenue|margin|budget|spend),needs_review
semantic_layer/powerbi/POWERBI_EVIDENCE.md,fact_revenue,commercially_sensitive,(deal_value|gross_margin|revenue|margin|budget|spend),needs_review
semantic_layer/powerbi/POWERBI_EVIDENCE.md,margin,commercially_sensitive,(deal_value|gross_margin|revenue|margin|budget|spend),needs_review
semantic_layer/powerbi/POWERBI_EVIDENCE.md,revenue,commercially_sensitive,(deal_value|gross_margin|revenue|margin|budget|spend),needs_review
semantic_layer/powerbi/POWERBI_EVIDENCE.md,spend,commercially_sensitive,(deal_value|gross_margin|revenue|margin|budget|spend),needs_review
semantic_layer/powerbi/POWERBI_SETUP_GUIDE.md,Budget,commercially_sensitive,(deal_value|gross_margin|revenue|margin|budget|spend),needs_review
semantic_layer/powerbi/POWERBI_SETUP_GUIDE.md,Revenue,commercially_sensitive,(deal_value|gross_margin|revenue|margin|budget|spend),needs_review
semantic_layer/powerbi/POWERBI_SETUP_GUIDE.md,Spend,commercially_sensitive,(deal_value|gross_margin|revenue|margin|budget|spend),needs_review
semantic_layer/powerbi/POWERBI_SETUP_GUIDE.md,budget,commercially_sensitive,(deal_value|gross_margin|revenue|margin|budget|spend),needs_review
semantic_layer/powerbi/POWERBI_SETUP_GUIDE.md,fact_ad_spend,commercially_sensitive,(deal_value|gross_margin|revenue|margin|budget|spend),needs_review
semantic_layer/powerbi/POWERBI_SETUP_GUIDE.md,fact_budget_targets,commercially_sensitive,(deal_value|gross_margin|revenue|margin|budget|spend),needs_review
semantic_layer/powerbi/POWERBI_SETUP_GUIDE.md,fact_revenue,commercially_sensitive,(deal_value|gross_margin|revenue|margin|budget|spend),needs_review
semantic_layer/powerbi/POWERBI_SETUP_GUIDE.md,fact_revenue_attribution,commercially_sensitive,(deal_value|gross_margin|revenue|margin|budget|spend),needs_review
semantic_layer/powerbi/POWERBI_SETUP_GUIDE.md,revenue,commercially_sensitive,(deal_value|gross_margin|revenue|margin|budget|spend),needs_review
semantic_layer/powerbi/POWERBI_SETUP_GUIDE.md,spend,commercially_sensitive,(deal_value|gross_margin|revenue|margin|budget|spend),needs_review
semantic_layer/powerbi_export_manifest.yml,mart_mart_budget_efficiency,commercially_sensitive,(deal_value|gross_margin|revenue|margin|budget|spend),needs_review
semantic_layer/powerbi_export_manifest.yml,warehouse_fact_revenue,commercially_sensitive,(deal_value|gross_margin|revenue|margin|budget|spend),needs_review
semantic_layer/powerbi_tmdl/README.md,budget,commercially_sensitive,(deal_value|gross_margin|revenue|margin|budget|spend),needs_review
semantic_layer/powerbi_tmdl/README.md,margin,commercially_sensitive,(deal_value|gross_margin|revenue|margin|budget|spend),needs_review
semantic_layer/powerbi_tmdl/README.md,revenue,commercially_sensitive,(deal_value|gross_margin|revenue|margin|budget|spend),needs_review
semantic_layer/powerbi_tmdl/dashboard_pages.yml,Budget,commercially_sensitive,(deal_value|gross_margin|revenue|margin|budget|spend),needs_review
semantic_layer/powerbi_tmdl/dashboard_pages.yml,Margin,commercially_sensitive,(deal_value|gross_margin|revenue|margin|budget|spend),needs_review
semantic_layer/powerbi_tmdl/dashboard_pages.yml,Revenue,commercially_sensitive,(deal_value|gross_margin|revenue|margin|budget|spend),needs_review
semantic_layer/powerbi_tmdl/dashboard_pages.yml,Spend,commercially_sensitive,(deal_value|gross_margin|revenue|margin|budget|spend),needs_review
semantic_layer/powerbi_tmdl/dashboard_pages.yml,budget,commercially_sensitive,(deal_value|gross_margin|revenue|margin|budget|spend),needs_review
semantic_layer/powerbi_tmdl/dashboard_pages.yml,margin,commercially_sensitive,(deal_value|gross_margin|revenue|margin|budget|spend),needs_review
semantic_layer/powerbi_tmdl/dashboard_pages.yml,revenue,commercially_sensitive,(deal_value|gross_margin|revenue|margin|budget|spend),needs_review
semantic_layer/powerbi_tmdl/tables/mart_attribution_model_comparison.tmdl,Revenue,commercially_sensitive,(deal_value|gross_margin|revenue|margin|budget|spend),needs_review
semantic_layer/powerbi_tmdl/tables/mart_attribution_model_comparison.tmdl,first_touch_revenue,commercially_sensitive,(deal_value|gross_margin|revenue|margin|budget|spend),needs_review
semantic_layer/powerbi_tmdl/tables/mart_attribution_model_comparison.tmdl,last_touch_revenue,commercially_sensitive,(deal_value|gross_margin|revenue|margin|budget|spend),needs_review
semantic_layer/powerbi_tmdl/tables/mart_attribution_model_comparison.tmdl,last_vs_first_revenue_delta,commercially_sensitive,(deal_value|gross_margin|revenue|margin|budget|spend),needs_review
semantic_layer/powerbi_tmdl/tables/mart_attribution_model_comparison.tmdl,linear_revenue,commercially_sensitive,(deal_value|gross_margin|revenue|margin|budget|spend),needs_review
semantic_layer/powerbi_tmdl/tables/mart_attribution_model_comparison.tmdl,position_based_revenue,commercially_sensitive,(deal_value|gross_margin|revenue|margin|budget|spend),needs_review
semantic_layer/powerbi_tmdl/tables/mart_attribution_model_comparison.tmdl,time_decay_revenue,commercially_sensitive,(deal_value|gross_margin|revenue|margin|budget|spend),needs_review
semantic_layer/powerbi_tmdl/tables/mart_attribution_model_comparison.tmdl,time_decay_vs_linear_revenue_delta,commercially_sensitive,(deal_value|gross_margin|revenue|margin|budget|spend),needs_review
semantic_layer/powerbi_tmdl/tables/mart_attribution_model_comparison.tmdl,u_shaped_revenue,commercially_sensitive,(deal_value|gross_margin|revenue|margin|budget|spend),needs_review
semantic_layer/powerbi_tmdl/tables/mart_attribution_model_comparison.tmdl,u_shaped_vs_linear_revenue_delta,commercially_sensitive,(deal_value|gross_margin|revenue|margin|budget|spend),needs_review
semantic_layer/powerbi_tmdl/tables/mart_budget_scenarios.tmdl,Budget,commercially_sensitive,(deal_value|gross_margin|revenue|margin|budget|spend),needs_review
semantic_layer/powerbi_tmdl/tables/mart_budget_scenarios.tmdl,Revenue,commercially_sensitive,(deal_value|gross_margin|revenue|margin|budget|spend),needs_review
semantic_layer/powerbi_tmdl/tables/mart_budget_scenarios.tmdl,budgets,commercially_sensitive,(deal_value|gross_margin|revenue|margin|budget|spend),needs_review
semantic_layer/powerbi_tmdl/tables/mart_budget_scenarios.tmdl,channel_budget,commercially_sensitive,(deal_value|gross_margin|revenue|margin|budget|spend),needs_review
semantic_layer/powerbi_tmdl/tables/mart_budget_scenarios.tmdl,mart_budget_scenarios,commercially_sensitive,(deal_value|gross_margin|revenue|margin|budget|spend),needs_review
semantic_layer/powerbi_tmdl/tables/mart_budget_scenarios.tmdl,projected_revenue,commercially_sensitive,(deal_value|gross_margin|revenue|margin|budget|spend),needs_review
semantic_layer/powerbi_tmdl/tables/mart_budget_scenarios.tmdl,total_budget,commercially_sensitive,(deal_value|gross_margin|revenue|margin|budget|spend),needs_review
semantic_layer/powerbi_tmdl/tables/mart_campaign_action_center.tmdl,attributed_revenue,commercially_sensitive,(deal_value|gross_margin|revenue|margin|budget|spend),needs_review
semantic_layer/powerbi_tmdl/tables/mart_campaign_action_center.tmdl,spend,commercially_sensitive,(deal_value|gross_margin|revenue|margin|budget|spend),needs_review
semantic_layer/powerbi_tmdl/tables/mart_campaign_performance.tmdl,Revenue,commercially_sensitive,(deal_value|gross_margin|revenue|margin|budget|spend),needs_review
semantic_layer/powerbi_tmdl/tables/mart_campaign_performance.tmdl,Spend,commercially_sensitive,(deal_value|gross_margin|revenue|margin|budget|spend),needs_review
semantic_layer/powerbi_tmdl/tables/mart_campaign_performance.tmdl,attributed_revenue,commercially_sensitive,(deal_value|gross_margin|revenue|margin|budget|spend),needs_review
semantic_layer/powerbi_tmdl/tables/mart_campaign_performance.tmdl,budget,commercially_sensitive,(deal_value|gross_margin|revenue|margin|budget|spend),needs_review
semantic_layer/powerbi_tmdl/tables/mart_campaign_performance.tmdl,spend,commercially_sensitive,(deal_value|gross_margin|revenue|margin|budget|spend),needs_review
semantic_layer/powerbi_tmdl/tables/mart_campaign_performance.tmdl,waste_budget_flag,commercially_sensitive,(deal_value|gross_margin|revenue|margin|budget|spend),needs_review
semantic_layer/powerbi_tmdl/tables/mart_channel_performance.tmdl,Margin,commercially_sensitive,(deal_value|gross_margin|revenue|margin|budget|spend),needs_review
semantic_layer/powerbi_tmdl/tables/mart_channel_performance.tmdl,Revenue,commercially_sensitive,(deal_value|gross_margin|revenue|margin|budget|spend),needs_review
semantic_layer/powerbi_tmdl/tables/mart_channel_performance.tmdl,Spend,commercially_sensitive,(deal_value|gross_margin|revenue|margin|budget|spend),needs_review
semantic_layer/powerbi_tmdl/tables/mart_channel_performance.tmdl,booked_revenue,commercially_sensitive,(deal_value|gross_margin|revenue|margin|budget|spend),needs_review
semantic_layer/powerbi_tmdl/tables/mart_channel_performance.tmdl,gross_margin,commercially_sensitive,(deal_value|gross_margin|revenue|margin|budget|spend),needs_review
semantic_layer/powerbi_tmdl/tables/mart_channel_performance.tmdl,revenue,commercially_sensitive,(deal_value|gross_margin|revenue|margin|budget|spend),needs_review
semantic_layer/powerbi_tmdl/tables/mart_channel_performance.tmdl,spend,commercially_sensitive,(deal_value|gross_margin|revenue|margin|budget|spend),needs_review
semantic_layer/powerbi_tmdl/tables/mart_ga4_funnel.tmdl,Revenue,commercially_sensitive,(deal_value|gross_margin|revenue|margin|budget|spend),needs_review
semantic_layer/powerbi_tmdl/tables/mart_ga4_funnel.tmdl,purchase_revenue,commercially_sensitive,(deal_value|gross_margin|revenue|margin|budget|spend),needs_review
semantic_layer/powerbi_tmdl/tables/mart_marketing_variance_drivers.tmdl,current_revenue,commercially_sensitive,(deal_value|gross_margin|revenue|margin|budget|spend),needs_review
semantic_layer/powerbi_tmdl/tables/mart_marketing_variance_drivers.tmdl,current_spend,commercially_sensitive,(deal_value|gross_margin|revenue|margin|budget|spend),needs_review
semantic_layer/powerbi_tmdl/tables/mart_marketing_variance_drivers.tmdl,prior_revenue,commercially_sensitive,(deal_value|gross_margin|revenue|margin|budget|spend),needs_review
semantic_layer/powerbi_tmdl/tables/mart_marketing_variance_drivers.tmdl,prior_spend,commercially_sensitive,(deal_value|gross_margin|revenue|margin|budget|spend),needs_review
semantic_layer/powerbi_tmdl/tables/mart_marketing_variance_drivers.tmdl,spend_absolute_variance,commercially_sensitive,(deal_value|gross_margin|revenue|margin|budget|spend),needs_review
semantic_layer/powerbi_tmdl/tables/mart_marketing_variance_drivers.tmdl,spend_percentage_variance,commercially_sensitive,(deal_value|gross_margin|revenue|margin|budget|spend),needs_review
semantic_layer/powerbi_tmdl/tables/mart_target_vs_actual.tmdl,Revenue,commercially_sensitive,(deal_value|gross_margin|revenue|margin|budget|spend),needs_review
semantic_layer/powerbi_tmdl/tables/mart_target_vs_actual.tmdl,Spend,commercially_sensitive,(deal_value|gross_margin|revenue|margin|budget|spend),needs_review
semantic_layer/powerbi_tmdl/tables/mart_target_vs_actual.tmdl,actual_revenue,commercially_sensitive,(deal_value|gross_margin|revenue|margin|budget|spend),needs_review
semantic_layer/powerbi_tmdl/tables/mart_target_vs_actual.tmdl,actual_spend,commercially_sensitive,(deal_value|gross_margin|revenue|margin|budget|spend),needs_review
semantic_layer/powerbi_tmdl/tables/mart_target_vs_actual.tmdl,budget,commercially_sensitive,(deal_value|gross_margin|revenue|margin|budget|spend),needs_review
semantic_layer/powerbi_tmdl/tables/mart_target_vs_actual.tmdl,budget_owner,commercially_sensitive,(deal_value|gross_margin|revenue|margin|budget|spend),needs_review
semantic_layer/powerbi_tmdl/tables/mart_target_vs_actual.tmdl,revenue_attainment,commercially_sensitive,(deal_value|gross_margin|revenue|margin|budget|spend),needs_review
semantic_layer/powerbi_tmdl/tables/mart_target_vs_actual.tmdl,spend_attainment,commercially_sensitive,(deal_value|gross_margin|revenue|margin|budget|spend),needs_review
semantic_layer/powerbi_tmdl/tables/mart_target_vs_actual.tmdl,target_revenue,commercially_sensitive,(deal_value|gross_margin|revenue|margin|budget|spend),needs_review
semantic_layer/powerbi_tmdl/tables/mart_target_vs_actual.tmdl,target_spend,commercially_sensitive,(deal_value|gross_margin|revenue|margin|budget|spend),needs_review
semantic_layer/star_schema_relationship_map.md,Revenue,commercially_sensitive,(deal_value|gross_margin|revenue|margin|budget|spend),needs_review
semantic_layer/star_schema_relationship_map.md,fact_revenue,commercially_sensitive,(deal_value|gross_margin|revenue|margin|budget|spend),needs_review
semantic_layer/star_schema_relationship_map.md,margin,commercially_sensitive,(deal_value|gross_margin|revenue|margin|budget|spend),needs_review
semantic_layer/star_schema_relationship_map.md,revenue,commercially_sensitive,(deal_value|gross_margin|revenue|margin|budget|spend),needs_review
semantic_layer/star_schema_relationship_map.md,spend,commercially_sensitive,(deal_value|gross_margin|revenue|margin|budget|spend),needs_review
warehouse/postgres/init/00_create_schemas.sql,attributed_revenue,commercially_sensitive,(deal_value|gross_margin|revenue|margin|budget|spend),needs_review
warehouse/postgres/init/00_create_schemas.sql,budget_owner,commercially_sensitive,(deal_value|gross_margin|revenue|margin|budget|spend),needs_review
warehouse/postgres/init/00_create_schemas.sql,deal_value,commercially_sensitive,(deal_value|gross_margin|revenue|margin|budget|spend),needs_review
warehouse/postgres/init/00_create_schemas.sql,fact_revenue,commercially_sensitive,(deal_value|gross_margin|revenue|margin|budget|spend),needs_review
warehouse/postgres/init/00_create_schemas.sql,gross_margin,commercially_sensitive,(deal_value|gross_margin|revenue|margin|budget|spend),needs_review
warehouse/postgres/init/00_create_schemas.sql,revenue,commercially_sensitive,(deal_value|gross_margin|revenue|margin|budget|spend),needs_review
warehouse/postgres/init/00_create_schemas.sql,revenue_date,commercially_sensitive,(deal_value|gross_margin|revenue|margin|budget|spend),needs_review
warehouse/postgres/init/00_create_schemas.sql,spend,commercially_sensitive,(deal_value|gross_margin|revenue|margin|budget|spend),needs_review
warehouse/postgres/init/00_create_schemas.sql,target_revenue,commercially_sensitive,(deal_value|gross_margin|revenue|margin|budget|spend),needs_review
warehouse/postgres/init/00_create_schemas.sql,target_spend,commercially_sensitive,(deal_value|gross_margin|revenue|margin|budget|spend),needs_review
warehouse/postgres/init/02_seed_semantic_tables.sql,revenue_operations,commercially_sensitive,(deal_value|gross_margin|revenue|margin|budget|spend),needs_review
warehouse/postgres/views/security_views.sql,booked_revenue,commercially_sensitive,(deal_value|gross_margin|revenue|margin|budget|spend),needs_review
warehouse/postgres/views/security_views.sql,deal_value,commercially_sensitive,(deal_value|gross_margin|revenue|margin|budget|spend),needs_review
warehouse/postgres/views/security_views.sql,gross_margin,commercially_sensitive,(deal_value|gross_margin|revenue|margin|budget|spend),needs_review
warehouse/postgres/views/security_views.sql,spend,commercially_sensitive,(deal_value|gross_margin|revenue|margin|budget|spend),needs_review
dbt/models/intermediate/int_attribution_touchpoints.sql,customer_id,direct_identifier,(customer_id|lead_id|visitor_id|session_id|rep_id|email|phone|name),needs_review
dbt/models/intermediate/int_attribution_touchpoints.sql,session_id,direct_identifier,(customer_id|lead_id|visitor_id|session_id|rep_id|email|phone|name),needs_review
dbt/models/intermediate/int_campaign_daily.sql,campaign_name,direct_identifier,(customer_id|lead_id|visitor_id|session_id|rep_id|email|phone|name),needs_review
dbt/models/intermediate/int_campaign_daily.sql,sample_campaign_name,direct_identifier,(customer_id|lead_id|visitor_id|session_id|rep_id|email|phone|name),needs_review
dbt/models/intermediate/int_campaign_spend_unified.sql,campaign_name,direct_identifier,(customer_id|lead_id|visitor_id|session_id|rep_id|email|phone|name),needs_review
dbt/models/intermediate/int_customer_journey.sql,campaign_name,direct_identifier,(customer_id|lead_id|visitor_id|session_id|rep_id|email|phone|name),needs_review
dbt/models/intermediate/int_customer_journey.sql,customer_id,direct_identifier,(customer_id|lead_id|visitor_id|session_id|rep_id|email|phone|name),needs_review
dbt/models/intermediate/int_customer_journey.sql,lead_id,direct_identifier,(customer_id|lead_id|visitor_id|session_id|rep_id|email|phone|name),needs_review
dbt/models/intermediate/int_customer_journey.sql,session_id,direct_identifier,(customer_id|lead_id|visitor_id|session_id|rep_id|email|phone|name),needs_review
dbt/models/intermediate/int_customer_journey.sql,visitor_id,direct_identifier,(customer_id|lead_id|visitor_id|session_id|rep_id|email|phone|name),needs_review
dbt/models/intermediate/int_ga4_live_sessions.sql,event_name,direct_identifier,(customer_id|lead_id|visitor_id|session_id|rep_id|email|phone|name),needs_review
dbt/models/intermediate/int_ga4_live_sessions.sql,ga4_live_hostname,direct_identifier,(customer_id|lead_id|visitor_id|session_id|rep_id|email|phone|name),needs_review
dbt/models/intermediate/int_ga4_live_sessions.sql,ga_session_id,direct_identifier,(customer_id|lead_id|visitor_id|session_id|rep_id|email|phone|name),needs_review
dbt/models/intermediate/int_ga4_live_sessions.sql,hostname,direct_identifier,(customer_id|lead_id|visitor_id|session_id|rep_id|email|phone|name),needs_review
dbt/models/intermediate/int_ga4_sessions.sql,session_id,direct_identifier,(customer_id|lead_id|visitor_id|session_id|rep_id|email|phone|name),needs_review
dbt/models/intermediate/schema.yml,ga_session_id,direct_identifier,(customer_id|lead_id|visitor_id|session_id|rep_id|email|phone|name),needs_review
dbt/models/intermediate/schema.yml,hostname,direct_identifier,(customer_id|lead_id|visitor_id|session_id|rep_id|email|phone|name),needs_review
dbt/models/intermediate/schema.yml,name,direct_identifier,(customer_id|lead_id|visitor_id|session_id|rep_id|email|phone|name),needs_review
dbt/models/intermediate/schema.yml,session_id,direct_identifier,(customer_id|lead_id|visitor_id|session_id|rep_id|email|phone|name),needs_review
dbt/models/marts/core/dim_campaign.sql,campaign_name,direct_identifier,(customer_id|lead_id|visitor_id|session_id|rep_id|email|phone|name),needs_review
dbt/models/marts/core/dim_campaign.sql,canonical_campaign_name,direct_identifier,(customer_id|lead_id|visitor_id|session_id|rep_id|email|phone|name),needs_review
dbt/models/marts/core/dim_campaign.sql,name_rank,direct_identifier,(customer_id|lead_id|visitor_id|session_id|rep_id|email|phone|name),needs_review
dbt/models/marts/core/dim_campaign.sql,ranked_names,direct_identifier,(customer_id|lead_id|visitor_id|session_id|rep_id|email|phone|name),needs_review
dbt/models/marts/core/dim_channel.sql,Email,direct_identifier,(customer_id|lead_id|visitor_id|session_id|rep_id|email|phone|name),needs_review
dbt/models/marts/core/dim_channel.sql,channel_name,direct_identifier,(customer_id|lead_id|visitor_id|session_id|rep_id|email|phone|name),needs_review
dbt/models/marts/core/dim_channel.sql,email,direct_identifier,(customer_id|lead_id|visitor_id|session_id|rep_id|email|phone|name),needs_review
dbt/models/marts/core/dim_customer.sql,customer_id,direct_identifier,(customer_id|lead_id|visitor_id|session_id|rep_id|email|phone|name),needs_review
dbt/models/marts/core/dim_date.sql,month_name,direct_identifier,(customer_id|lead_id|visitor_id|session_id|rep_id|email|phone|name),needs_review
dbt/models/marts/core/dim_device.sql,device_name,direct_identifier,(customer_id|lead_id|visitor_id|session_id|rep_id|email|phone|name),needs_review
dbt/models/marts/core/dim_product.sql,product_name,direct_identifier,(customer_id|lead_id|visitor_id|session_id|rep_id|email|phone|name),needs_review
dbt/models/marts/core/dim_sales_rep.sql,rep_id,direct_identifier,(customer_id|lead_id|visitor_id|session_id|rep_id|email|phone|name),needs_review
dbt/models/marts/core/dim_source_system.sql,source_system_name,direct_identifier,(customer_id|lead_id|visitor_id|session_id|rep_id|email|phone|name),needs_review
dbt/models/marts/core/fact_attribution.sql,customer_id,direct_identifier,(customer_id|lead_id|visitor_id|session_id|rep_id|email|phone|name),needs_review
dbt/models/marts/core/fact_attribution.sql,session_id,direct_identifier,(customer_id|lead_id|visitor_id|session_id|rep_id|email|phone|name),needs_review
dbt/models/marts/core/fact_conversions.sql,customer_id,direct_identifier,(customer_id|lead_id|visitor_id|session_id|rep_id|email|phone|name),needs_review
dbt/models/marts/core/fact_conversions.sql,lead_id,direct_identifier,(customer_id|lead_id|visitor_id|session_id|rep_id|email|phone|name),needs_review
dbt/models/marts/core/fact_conversions.sql,product_name,direct_identifier,(customer_id|lead_id|visitor_id|session_id|rep_id|email|phone|name),needs_review
dbt/models/marts/core/fact_leads.sql,customer_id,direct_identifier,(customer_id|lead_id|visitor_id|session_id|rep_id|email|phone|name),needs_review
dbt/models/marts/core/fact_leads.sql,lead_id,direct_identifier,(customer_id|lead_id|visitor_id|session_id|rep_id|email|phone|name),needs_review
dbt/models/marts/core/fact_leads.sql,rep_id,direct_identifier,(customer_id|lead_id|visitor_id|session_id|rep_id|email|phone|name),needs_review
dbt/models/marts/core/fact_revenue.sql,customer_id,direct_identifier,(customer_id|lead_id|visitor_id|session_id|rep_id|email|phone|name),needs_review
dbt/models/marts/core/fact_revenue.sql,product_name,direct_identifier,(customer_id|lead_id|visitor_id|session_id|rep_id|email|phone|name),needs_review
dbt/models/marts/core/fact_sessions.sql,session_id,direct_identifier,(customer_id|lead_id|visitor_id|session_id|rep_id|email|phone|name),needs_review
dbt/models/marts/core/fact_sessions.sql,visitor_id,direct_identifier,(customer_id|lead_id|visitor_id|session_id|rep_id|email|phone|name),needs_review
dbt/models/marts/core/schema.yml,name,direct_identifier,(customer_id|lead_id|visitor_id|session_id|rep_id|email|phone|name),needs_review
dbt/models/marts/core/schema.yml,session_id,direct_identifier,(customer_id|lead_id|visitor_id|session_id|rep_id|email|phone|name),needs_review
dbt/models/marts/reporting/mart_attribution_model_comparison.sql,canonical_campaign_name,direct_identifier,(customer_id|lead_id|visitor_id|session_id|rep_id|email|phone|name),needs_review
dbt/models/marts/reporting/mart_attribution_model_comparison.sql,channel_name,direct_identifier,(customer_id|lead_id|visitor_id|session_id|rep_id|email|phone|name),needs_review
dbt/models/marts/reporting/mart_attribution_summary.sql,canonical_campaign_name,direct_identifier,(customer_id|lead_id|visitor_id|session_id|rep_id|email|phone|name),needs_review
dbt/models/marts/reporting/mart_attribution_summary.sql,channel_name,direct_identifier,(customer_id|lead_id|visitor_id|session_id|rep_id|email|phone|name),needs_review
dbt/models/marts/reporting/mart_budget_efficiency.sql,channel_name,direct_identifier,(customer_id|lead_id|visitor_id|session_id|rep_id|email|phone|name),needs_review
dbt/models/marts/reporting/mart_campaign_action_center.sql,campaign_name,direct_identifier,(customer_id|lead_id|visitor_id|session_id|rep_id|email|phone|name),needs_review
dbt/models/marts/reporting/mart_campaign_action_center.sql,canonical_campaign_name,direct_identifier,(customer_id|lead_id|visitor_id|session_id|rep_id|email|phone|name),needs_review
dbt/models/marts/reporting/mart_campaign_action_center.sql,channel_name,direct_identifier,(customer_id|lead_id|visitor_id|session_id|rep_id|email|phone|name),needs_review
dbt/models/marts/reporting/mart_campaign_performance.sql,canonical_campaign_name,direct_identifier,(customer_id|lead_id|visitor_id|session_id|rep_id|email|phone|name),needs_review
dbt/models/marts/reporting/mart_channel_performance.sql,channel_name,direct_identifier,(customer_id|lead_id|visitor_id|session_id|rep_id|email|phone|name),needs_review
dbt/models/marts/reporting/mart_customer_value.sql,customer_id,direct_identifier,(customer_id|lead_id|visitor_id|session_id|rep_id|email|phone|name),needs_review
dbt/models/marts/reporting/mart_data_quality_monitoring.sql,rule_name,direct_identifier,(customer_id|lead_id|visitor_id|session_id|rep_id|email|phone|name),needs_review
dbt/models/marts/reporting/mart_funnel_performance.sql,channel_name,direct_identifier,(customer_id|lead_id|visitor_id|session_id|rep_id|email|phone|name),needs_review
dbt/models/marts/reporting/mart_funnel_performance.sql,lead_id,direct_identifier,(customer_id|lead_id|visitor_id|session_id|rep_id|email|phone|name),needs_review
dbt/models/marts/reporting/mart_ga4_funnel.sql,event_name,direct_identifier,(customer_id|lead_id|visitor_id|session_id|rep_id|email|phone|name),needs_review
dbt/models/marts/reporting/mart_ga4_funnel.sql,session_id,direct_identifier,(customer_id|lead_id|visitor_id|session_id|rep_id|email|phone|name),needs_review
dbt/models/marts/reporting/mart_marketing_variance_drivers.sql,channel_name,direct_identifier,(customer_id|lead_id|visitor_id|session_id|rep_id|email|phone|name),needs_review
dbt/models/marts/reporting/mart_target_vs_actual.sql,channel_name,direct_identifier,(customer_id|lead_id|visitor_id|session_id|rep_id|email|phone|name),needs_review
dbt/models/marts/reporting/schema.yml,name,direct_identifier,(customer_id|lead_id|visitor_id|session_id|rep_id|email|phone|name),needs_review
dbt/models/sources.yml,hostname,direct_identifier,(customer_id|lead_id|visitor_id|session_id|rep_id|email|phone|name),needs_review
dbt/models/sources.yml,name,direct_identifier,(customer_id|lead_id|visitor_id|session_id|rep_id|email|phone|name),needs_review
dbt/models/staging/schema.yml,email,direct_identifier,(customer_id|lead_id|visitor_id|session_id|rep_id|email|phone|name),needs_review
dbt/models/staging/schema.yml,event_name,direct_identifier,(customer_id|lead_id|visitor_id|session_id|rep_id|email|phone|name),needs_review
dbt/models/staging/schema.yml,hostname,direct_identifier,(customer_id|lead_id|visitor_id|session_id|rep_id|email|phone|name),needs_review
dbt/models/staging/schema.yml,lead_id,direct_identifier,(customer_id|lead_id|visitor_id|session_id|rep_id|email|phone|name),needs_review
dbt/models/staging/schema.yml,name,direct_identifier,(customer_id|lead_id|visitor_id|session_id|rep_id|email|phone|name),needs_review
dbt/models/staging/schema.yml,session_id,direct_identifier,(customer_id|lead_id|visitor_id|session_id|rep_id|email|phone|name),needs_review
dbt/models/staging/stg_campaign_mapping.sql,canonical_campaign_name,direct_identifier,(customer_id|lead_id|visitor_id|session_id|rep_id|email|phone|name),needs_review
dbt/models/staging/stg_crm_leads.sql,customer_id,direct_identifier,(customer_id|lead_id|visitor_id|session_id|rep_id|email|phone|name),needs_review
dbt/models/staging/stg_crm_leads.sql,lead_id,direct_identifier,(customer_id|lead_id|visitor_id|session_id|rep_id|email|phone|name),needs_review
dbt/models/staging/stg_facebook_ads.sql,campaign_name,direct_identifier,(customer_id|lead_id|visitor_id|session_id|rep_id|email|phone|name),needs_review
dbt/models/staging/stg_ga4_events.sql,event_name,direct_identifier,(customer_id|lead_id|visitor_id|session_id|rep_id|email|phone|name),needs_review
dbt/models/staging/stg_ga4_events.sql,session_id,direct_identifier,(customer_id|lead_id|visitor_id|session_id|rep_id|email|phone|name),needs_review
dbt/models/staging/stg_ga4_live_ecommerce_items.sql,event_name,direct_identifier,(customer_id|lead_id|visitor_id|session_id|rep_id|email|phone|name),needs_review
dbt/models/staging/stg_ga4_live_ecommerce_items.sql,ga4_live_hostname,direct_identifier,(customer_id|lead_id|visitor_id|session_id|rep_id|email|phone|name),needs_review
dbt/models/staging/stg_ga4_live_ecommerce_items.sql,ga_session_id,direct_identifier,(customer_id|lead_id|visitor_id|session_id|rep_id|email|phone|name),needs_review
dbt/models/staging/stg_ga4_live_ecommerce_items.sql,hostname,direct_identifier,(customer_id|lead_id|visitor_id|session_id|rep_id|email|phone|name),needs_review
dbt/models/staging/stg_ga4_live_ecommerce_items.sql,item_name,direct_identifier,(customer_id|lead_id|visitor_id|session_id|rep_id|email|phone|name),needs_review
dbt/models/staging/stg_ga4_live_events.sql,campaign_name,direct_identifier,(customer_id|lead_id|visitor_id|session_id|rep_id|email|phone|name),needs_review
dbt/models/staging/stg_ga4_live_events.sql,event_name,direct_identifier,(customer_id|lead_id|visitor_id|session_id|rep_id|email|phone|name),needs_review
dbt/models/staging/stg_ga4_live_events.sql,ga4_live_hostname,direct_identifier,(customer_id|lead_id|visitor_id|session_id|rep_id|email|phone|name),needs_review
dbt/models/staging/stg_ga4_live_events.sql,ga_session_id,direct_identifier,(customer_id|lead_id|visitor_id|session_id|rep_id|email|phone|name),needs_review
dbt/models/staging/stg_ga4_live_events.sql,hostname,direct_identifier,(customer_id|lead_id|visitor_id|session_id|rep_id|email|phone|name),needs_review
dbt/models/staging/stg_ga4_live_events.sql,manual_campaign_name,direct_identifier,(customer_id|lead_id|visitor_id|session_id|rep_id|email|phone|name),needs_review
dbt/models/staging/stg_ga4_live_events.sql,name,direct_identifier,(customer_id|lead_id|visitor_id|session_id|rep_id|email|phone|name),needs_review
dbt/models/staging/stg_google_ads.sql,campaign_name,direct_identifier,(customer_id|lead_id|visitor_id|session_id|rep_id|email|phone|name),needs_review
dbt/models/staging/stg_sales_conversions.sql,customer_id,direct_identifier,(customer_id|lead_id|visitor_id|session_id|rep_id|email|phone|name),needs_review
dbt/models/staging/stg_sales_conversions.sql,lead_id,direct_identifier,(customer_id|lead_id|visitor_id|session_id|rep_id|email|phone|name),needs_review
dbt/models/staging/stg_tiktok_ads.sql,campaign_name,direct_identifier,(customer_id|lead_id|visitor_id|session_id|rep_id|email|phone|name),needs_review
dbt/models/staging/stg_website_analytics.sql,campaign_name,direct_identifier,(customer_id|lead_id|visitor_id|session_id|rep_id|email|phone|name),needs_review
dbt/models/staging/stg_website_analytics.sql,session_id,direct_identifier,(customer_id|lead_id|visitor_id|session_id|rep_id|email|phone|name),needs_review
dbt/models/staging/stg_website_analytics.sql,visitor_id,direct_identifier,(customer_id|lead_id|visitor_id|session_id|rep_id|email|phone|name),needs_review
governance/generated/access_policy_matrix.csv,role_name,direct_identifier,(customer_id|lead_id|visitor_id|session_id|rep_id|email|phone|name),needs_review
governance/generated/data_classification_catalog.csv,asset_name,direct_identifier,(customer_id|lead_id|visitor_id|session_id|rep_id|email|phone|name),needs_review
governance/generated/data_classification_catalog.csv,customer_id,direct_identifier,(customer_id|lead_id|visitor_id|session_id|rep_id|email|phone|name),needs_review
governance/generated/data_classification_catalog.csv,kpi_name,direct_identifier,(customer_id|lead_id|visitor_id|session_id|rep_id|email|phone|name),needs_review
governance/generated/data_classification_catalog.csv,lead_id,direct_identifier,(customer_id|lead_id|visitor_id|session_id|rep_id|email|phone|name),needs_review
governance/generated/data_classification_catalog.csv,names,direct_identifier,(customer_id|lead_id|visitor_id|session_id|rep_id|email|phone|name),needs_review
governance/generated/data_classification_catalog.csv,session_id,direct_identifier,(customer_id|lead_id|visitor_id|session_id|rep_id|email|phone|name),needs_review
governance/generated/pii_discovery_report.csv,Email,direct_identifier,(customer_id|lead_id|visitor_id|session_id|rep_id|email|phone|name),needs_review
governance/generated/pii_discovery_report.csv,Name,direct_identifier,(customer_id|lead_id|visitor_id|session_id|rep_id|email|phone|name),needs_review
governance/generated/pii_discovery_report.csv,asset_name,direct_identifier,(customer_id|lead_id|visitor_id|session_id|rep_id|email|phone|name),needs_review
governance/generated/pii_discovery_report.csv,campaign_name,direct_identifier,(customer_id|lead_id|visitor_id|session_id|rep_id|email|phone|name),needs_review
governance/generated/pii_discovery_report.csv,canonical_campaign_name,direct_identifier,(customer_id|lead_id|visitor_id|session_id|rep_id|email|phone|name),needs_review
governance/generated/pii_discovery_report.csv,channel_name,direct_identifier,(customer_id|lead_id|visitor_id|session_id|rep_id|email|phone|name),needs_review
governance/generated/pii_discovery_report.csv,column_name,direct_identifier,(customer_id|lead_id|visitor_id|session_id|rep_id|email|phone|name),needs_review
governance/generated/pii_discovery_report.csv,customer_id,direct_identifier,(customer_id|lead_id|visitor_id|session_id|rep_id|email|phone|name),needs_review
governance/generated/pii_discovery_report.csv,customer_id_hash,direct_identifier,(customer_id|lead_id|visitor_id|session_id|rep_id|email|phone|name),needs_review
governance/generated/pii_discovery_report.csv,dax_measure_name,direct_identifier,(customer_id|lead_id|visitor_id|session_id|rep_id|email|phone|name),needs_review
governance/generated/pii_discovery_report.csv,device_name,direct_identifier,(customer_id|lead_id|visitor_id|session_id|rep_id|email|phone|name),needs_review
governance/generated/pii_discovery_report.csv,email,direct_identifier,(customer_id|lead_id|visitor_id|session_id|rep_id|email|phone|name),needs_review
governance/generated/pii_discovery_report.csv,event_name,direct_identifier,(customer_id|lead_id|visitor_id|session_id|rep_id|email|phone|name),needs_review
governance/generated/pii_discovery_report.csv,field_name,direct_identifier,(customer_id|lead_id|visitor_id|session_id|rep_id|email|phone|name),needs_review
governance/generated/pii_discovery_report.csv,file_name,direct_identifier,(customer_id|lead_id|visitor_id|session_id|rep_id|email|phone|name),needs_review
governance/generated/pii_discovery_report.csv,ga4_live_hostname,direct_identifier,(customer_id|lead_id|visitor_id|session_id|rep_id|email|phone|name),needs_review
governance/generated/pii_discovery_report.csv,ga_session_id,direct_identifier,(customer_id|lead_id|visitor_id|session_id|rep_id|email|phone|name),needs_review
governance/generated/pii_discovery_report.csv,hostname,direct_identifier,(customer_id|lead_id|visitor_id|session_id|rep_id|email|phone|name),needs_review
governance/generated/pii_discovery_report.csv,idx_fact_conversions_lead_id,direct_identifier,(customer_id|lead_id|visitor_id|session_id|rep_id|email|phone|name),needs_review
governance/generated/pii_discovery_report.csv,item_name,direct_identifier,(customer_id|lead_id|visitor_id|session_id|rep_id|email|phone|name),needs_review
governance/generated/pii_discovery_report.csv,kpi_name,direct_identifier,(customer_id|lead_id|visitor_id|session_id|rep_id|email|phone|name),needs_review
governance/generated/pii_discovery_report.csv,lead_id,direct_identifier,(customer_id|lead_id|visitor_id|session_id|rep_id|email|phone|name),needs_review
governance/generated/pii_discovery_report.csv,lead_id_hash,direct_identifier,(customer_id|lead_id|visitor_id|session_id|rep_id|email|phone|name),needs_review
governance/generated/pii_discovery_report.csv,manual_campaign_name,direct_identifier,(customer_id|lead_id|visitor_id|session_id|rep_id|email|phone|name),needs_review
governance/generated/pii_discovery_report.csv,month_name,direct_identifier,(customer_id|lead_id|visitor_id|session_id|rep_id|email|phone|name),needs_review
governance/generated/pii_discovery_report.csv,name,direct_identifier,(customer_id|lead_id|visitor_id|session_id|rep_id|email|phone|name),needs_review
governance/generated/pii_discovery_report.csv,name_rank,direct_identifier,(customer_id|lead_id|visitor_id|session_id|rep_id|email|phone|name),needs_review
governance/generated/pii_discovery_report.csv,names,direct_identifier,(customer_id|lead_id|visitor_id|session_id|rep_id|email|phone|name),needs_review
governance/generated/pii_discovery_report.csv,phone,direct_identifier,(customer_id|lead_id|visitor_id|session_id|rep_id|email|phone|name),needs_review
governance/generated/pii_discovery_report.csv,product_name,direct_identifier,(customer_id|lead_id|visitor_id|session_id|rep_id|email|phone|name),needs_review
governance/generated/pii_discovery_report.csv,ranked_names,direct_identifier,(customer_id|lead_id|visitor_id|session_id|rep_id|email|phone|name),needs_review
governance/generated/pii_discovery_report.csv,renamed,direct_identifier,(customer_id|lead_id|visitor_id|session_id|rep_id|email|phone|name),needs_review
governance/generated/pii_discovery_report.csv,rep_id,direct_identifier,(customer_id|lead_id|visitor_id|session_id|rep_id|email|phone|name),needs_review
governance/generated/pii_discovery_report.csv,role_name,direct_identifier,(customer_id|lead_id|visitor_id|session_id|rep_id|email|phone|name),needs_review
governance/generated/pii_discovery_report.csv,rolname,direct_identifier,(customer_id|lead_id|visitor_id|session_id|rep_id|email|phone|name),needs_review
governance/generated/pii_discovery_report.csv,rule_name,direct_identifier,(customer_id|lead_id|visitor_id|session_id|rep_id|email|phone|name),needs_review
governance/generated/pii_discovery_report.csv,sample_campaign_name,direct_identifier,(customer_id|lead_id|visitor_id|session_id|rep_id|email|phone|name),needs_review
governance/generated/pii_discovery_report.csv,scenario_name,direct_identifier,(customer_id|lead_id|visitor_id|session_id|rep_id|email|phone|name),needs_review
governance/generated/pii_discovery_report.csv,session_id,direct_identifier,(customer_id|lead_id|visitor_id|session_id|rep_id|email|phone|name),needs_review
governance/generated/pii_discovery_report.csv,source_system_name,direct_identifier,(customer_id|lead_id|visitor_id|session_id|rep_id|email|phone|name),needs_review
governance/generated/pii_discovery_report.csv,table_name,direct_identifier,(customer_id|lead_id|visitor_id|session_id|rep_id|email|phone|name),needs_review
governance/generated/pii_discovery_report.csv,visitor_id,direct_identifier,(customer_id|lead_id|visitor_id|session_id|rep_id|email|phone|name),needs_review
semantic_layer/dashboard_build_guide.md,name,direct_identifier,(customer_id|lead_id|visitor_id|session_id|rep_id|email|phone|name),needs_review
semantic_layer/dbt_metricflow/semantic_layer.yml,channel_name,direct_identifier,(customer_id|lead_id|visitor_id|session_id|rep_id|email|phone|name),needs_review
semantic_layer/dbt_metricflow/semantic_layer.yml,email,direct_identifier,(customer_id|lead_id|visitor_id|session_id|rep_id|email|phone|name),needs_review
semantic_layer/dbt_metricflow/semantic_layer.yml,name,direct_identifier,(customer_id|lead_id|visitor_id|session_id|rep_id|email|phone|name),needs_review
semantic_layer/powerbi_tmdl/dashboard_pages.yml,Name,direct_identifier,(customer_id|lead_id|visitor_id|session_id|rep_id|email|phone|name),needs_review
semantic_layer/powerbi_tmdl/tables/dim_campaign.tmdl,canonical_campaign_name,direct_identifier,(customer_id|lead_id|visitor_id|session_id|rep_id|email|phone|name),needs_review
semantic_layer/powerbi_tmdl/tables/dim_campaign.tmdl,names,direct_identifier,(customer_id|lead_id|visitor_id|session_id|rep_id|email|phone|name),needs_review
semantic_layer/powerbi_tmdl/tables/dim_channel.tmdl,channel_name,direct_identifier,(customer_id|lead_id|visitor_id|session_id|rep_id|email|phone|name),needs_review
semantic_layer/powerbi_tmdl/tables/dim_channel.tmdl,email,direct_identifier,(customer_id|lead_id|visitor_id|session_id|rep_id|email|phone|name),needs_review
semantic_layer/powerbi_tmdl/tables/dim_customer.tmdl,customer_id,direct_identifier,(customer_id|lead_id|visitor_id|session_id|rep_id|email|phone|name),needs_review
semantic_layer/powerbi_tmdl/tables/dim_customer.tmdl,lead_id,direct_identifier,(customer_id|lead_id|visitor_id|session_id|rep_id|email|phone|name),needs_review
semantic_layer/powerbi_tmdl/tables/dim_date.tmdl,month_name,direct_identifier,(customer_id|lead_id|visitor_id|session_id|rep_id|email|phone|name),needs_review
semantic_layer/powerbi_tmdl/tables/mart_budget_scenarios.tmdl,scenario_name,direct_identifier,(customer_id|lead_id|visitor_id|session_id|rep_id|email|phone|name),needs_review
semantic_layer/powerbi_tmdl/tables/mart_campaign_action_center.tmdl,campaign_name,direct_identifier,(customer_id|lead_id|visitor_id|session_id|rep_id|email|phone|name),needs_review
semantic_layer/powerbi_tmdl/tables/mart_campaign_performance.tmdl,campaign_name,direct_identifier,(customer_id|lead_id|visitor_id|session_id|rep_id|email|phone|name),needs_review
semantic_layer/powerbi_tmdl/tables/mart_channel_performance.tmdl,channel_name,direct_identifier,(customer_id|lead_id|visitor_id|session_id|rep_id|email|phone|name),needs_review
semantic_layer/powerbi_tmdl/tables/mart_funnel_performance.tmdl,channel_name,direct_identifier,(customer_id|lead_id|visitor_id|session_id|rep_id|email|phone|name),needs_review
semantic_layer/powerbi_tmdl/tables/mart_marketing_variance_drivers.tmdl,channel_name,direct_identifier,(customer_id|lead_id|visitor_id|session_id|rep_id|email|phone|name),needs_review
semantic_layer/powerbi_tmdl/tables/mart_semantic_kpi_governance.tmdl,dax_measure_name,direct_identifier,(customer_id|lead_id|visitor_id|session_id|rep_id|email|phone|name),needs_review
semantic_layer/powerbi_tmdl/tables/mart_semantic_kpi_governance.tmdl,kpi_name,direct_identifier,(customer_id|lead_id|visitor_id|session_id|rep_id|email|phone|name),needs_review
semantic_layer/powerbi_tmdl/tables/mart_target_vs_actual.tmdl,channel_name,direct_identifier,(customer_id|lead_id|visitor_id|session_id|rep_id|email|phone|name),needs_review
warehouse/postgres/init/00_create_schemas.sql,canonical_campaign_name,direct_identifier,(customer_id|lead_id|visitor_id|session_id|rep_id|email|phone|name),needs_review
warehouse/postgres/init/00_create_schemas.sql,channel_name,direct_identifier,(customer_id|lead_id|visitor_id|session_id|rep_id|email|phone|name),needs_review
warehouse/postgres/init/00_create_schemas.sql,customer_id,direct_identifier,(customer_id|lead_id|visitor_id|session_id|rep_id|email|phone|name),needs_review
warehouse/postgres/init/00_create_schemas.sql,device_name,direct_identifier,(customer_id|lead_id|visitor_id|session_id|rep_id|email|phone|name),needs_review
warehouse/postgres/init/00_create_schemas.sql,file_name,direct_identifier,(customer_id|lead_id|visitor_id|session_id|rep_id|email|phone|name),needs_review
warehouse/postgres/init/00_create_schemas.sql,lead_id,direct_identifier,(customer_id|lead_id|visitor_id|session_id|rep_id|email|phone|name),needs_review
warehouse/postgres/init/00_create_schemas.sql,month_name,direct_identifier,(customer_id|lead_id|visitor_id|session_id|rep_id|email|phone|name),needs_review
warehouse/postgres/init/00_create_schemas.sql,product_name,direct_identifier,(customer_id|lead_id|visitor_id|session_id|rep_id|email|phone|name),needs_review
warehouse/postgres/init/00_create_schemas.sql,rep_id,direct_identifier,(customer_id|lead_id|visitor_id|session_id|rep_id|email|phone|name),needs_review
warehouse/postgres/init/00_create_schemas.sql,rule_name,direct_identifier,(customer_id|lead_id|visitor_id|session_id|rep_id|email|phone|name),needs_review
warehouse/postgres/init/00_create_schemas.sql,session_id,direct_identifier,(customer_id|lead_id|visitor_id|session_id|rep_id|email|phone|name),needs_review
warehouse/postgres/init/00_create_schemas.sql,visitor_id,direct_identifier,(customer_id|lead_id|visitor_id|session_id|rep_id|email|phone|name),needs_review
warehouse/postgres/init/01_indexes_and_comments.sql,idx_fact_conversions_lead_id,direct_identifier,(customer_id|lead_id|visitor_id|session_id|rep_id|email|phone|name),needs_review
warehouse/postgres/init/01_indexes_and_comments.sql,lead_id,direct_identifier,(customer_id|lead_id|visitor_id|session_id|rep_id|email|phone|name),needs_review
warehouse/postgres/init/01_indexes_and_comments.sql,renamed,direct_identifier,(customer_id|lead_id|visitor_id|session_id|rep_id|email|phone|name),needs_review
warehouse/postgres/init/02_seed_semantic_tables.sql,Email,direct_identifier,(customer_id|lead_id|visitor_id|session_id|rep_id|email|phone|name),needs_review
warehouse/postgres/init/02_seed_semantic_tables.sql,channel_name,direct_identifier,(customer_id|lead_id|visitor_id|session_id|rep_id|email|phone|name),needs_review
warehouse/postgres/init/02_seed_semantic_tables.sql,column_name,direct_identifier,(customer_id|lead_id|visitor_id|session_id|rep_id|email|phone|name),needs_review
warehouse/postgres/init/02_seed_semantic_tables.sql,device_name,direct_identifier,(customer_id|lead_id|visitor_id|session_id|rep_id|email|phone|name),needs_review
warehouse/postgres/init/02_seed_semantic_tables.sql,email,direct_identifier,(customer_id|lead_id|visitor_id|session_id|rep_id|email|phone|name),needs_review
warehouse/postgres/init/02_seed_semantic_tables.sql,table_name,direct_identifier,(customer_id|lead_id|visitor_id|session_id|rep_id|email|phone|name),needs_review
warehouse/postgres/views/monitoring_views.sql,rule_name,direct_identifier,(customer_id|lead_id|visitor_id|session_id|rep_id|email|phone|name),needs_review
warehouse/postgres/views/security_views.sql,channel_name,direct_identifier,(customer_id|lead_id|visitor_id|session_id|rep_id|email|phone|name),needs_review
warehouse/postgres/views/security_views.sql,customer_id,direct_identifier,(customer_id|lead_id|visitor_id|session_id|rep_id|email|phone|name),needs_review
warehouse/postgres/views/security_views.sql,customer_id_hash,direct_identifier,(customer_id|lead_id|visitor_id|session_id|rep_id|email|phone|name),needs_review
warehouse/postgres/views/security_views.sql,lead_id,direct_identifier,(customer_id|lead_id|visitor_id|session_id|rep_id|email|phone|name),needs_review
warehouse/postgres/views/security_views.sql,lead_id_hash,direct_identifier,(customer_id|lead_id|visitor_id|session_id|rep_id|email|phone|name),needs_review
warehouse/postgres/views/security_views.sql,rolname,direct_identifier,(customer_id|lead_id|visitor_id|session_id|rep_id|email|phone|name),needs_review
dbt/models/intermediate/int_campaign_daily.sql,reporting_region,location,(country|region|territory|geo|location),monitor
dbt/models/intermediate/int_campaign_spend_unified.sql,country,location,(country|region|territory|geo|location),monitor
dbt/models/intermediate/int_campaign_spend_unified.sql,region,location,(country|region|territory|geo|location),monitor
dbt/models/intermediate/int_campaign_spend_unified.sql,reporting_country,location,(country|region|territory|geo|location),monitor
dbt/models/intermediate/int_campaign_spend_unified.sql,reporting_region,location,(country|region|territory|geo|location),monitor
dbt/models/intermediate/int_campaign_spend_unified.sql,stg_region_mapping,location,(country|region|territory|geo|location),monitor
dbt/models/intermediate/int_campaign_spend_unified.sql,with_region,location,(country|region|territory|geo|location),monitor
dbt/models/intermediate/int_customer_journey.sql,country,location,(country|region|territory|geo|location),monitor
dbt/models/intermediate/int_customer_journey.sql,region,location,(country|region|territory|geo|location),monitor
dbt/models/intermediate/int_ga4_live_sessions.sql,country,location,(country|region|territory|geo|location),monitor
dbt/models/intermediate/int_ga4_live_sessions.sql,page_location,location,(country|region|territory|geo|location),monitor
dbt/models/intermediate/int_ga4_live_sessions.sql,region,location,(country|region|territory|geo|location),monitor
dbt/models/intermediate/int_ga4_sessions.sql,country,location,(country|region|territory|geo|location),monitor
dbt/models/intermediate/int_ga4_sessions.sql,region,location,(country|region|territory|geo|location),monitor
dbt/models/marts/core/dim_region.sql,country,location,(country|region|territory|geo|location),monitor
dbt/models/marts/core/dim_region.sql,region,location,(country|region|territory|geo|location),monitor
dbt/models/marts/core/dim_region.sql,region_key,location,(country|region|territory|geo|location),monitor
dbt/models/marts/core/dim_region.sql,regions,location,(country|region|territory|geo|location),monitor
dbt/models/marts/core/dim_region.sql,sales_territory,location,(country|region|territory|geo|location),monitor
dbt/models/marts/core/dim_region.sql,stg_region_mapping,location,(country|region|territory|geo|location),monitor
dbt/models/marts/core/fact_campaign_performance.sql,country,location,(country|region|territory|geo|location),monitor
dbt/models/marts/core/fact_campaign_performance.sql,dim_region,location,(country|region|territory|geo|location),monitor
dbt/models/marts/core/fact_campaign_performance.sql,region,location,(country|region|territory|geo|location),monitor
dbt/models/marts/core/fact_campaign_performance.sql,region_key,location,(country|region|territory|geo|location),monitor
dbt/models/marts/core/fact_campaign_performance.sql,reporting_region,location,(country|region|territory|geo|location),monitor
dbt/models/marts/core/fact_leads.sql,country,location,(country|region|territory|geo|location),monitor
dbt/models/marts/core/fact_leads.sql,dim_region,location,(country|region|territory|geo|location),monitor
dbt/models/marts/core/fact_leads.sql,region,location,(country|region|territory|geo|location),monitor
dbt/models/marts/core/fact_leads.sql,region_key,location,(country|region|territory|geo|location),monitor
dbt/models/marts/core/fact_sessions.sql,country,location,(country|region|territory|geo|location),monitor
dbt/models/marts/core/fact_sessions.sql,dim_region,location,(country|region|territory|geo|location),monitor
dbt/models/marts/core/fact_sessions.sql,region_key,location,(country|region|territory|geo|location),monitor
dbt/models/marts/core/fact_targets.sql,country,location,(country|region|territory|geo|location),monitor
dbt/models/marts/core/fact_targets.sql,dim_region,location,(country|region|territory|geo|location),monitor
dbt/models/marts/core/fact_targets.sql,region,location,(country|region|territory|geo|location),monitor
dbt/models/marts/core/fact_targets.sql,region_key,location,(country|region|territory|geo|location),monitor
dbt/models/marts/reporting/mart_marketing_variance_drivers.sql,allocation,location,(country|region|territory|geo|location),monitor
dbt/models/marts/reporting/mart_target_vs_actual.sql,dim_region,location,(country|region|territory|geo|location),monitor
dbt/models/marts/reporting/mart_target_vs_actual.sql,region,location,(country|region|territory|geo|location),monitor
dbt/models/marts/reporting/mart_target_vs_actual.sql,region_key,location,(country|region|territory|geo|location),monitor
dbt/models/marts/reporting/schema.yml,region,location,(country|region|territory|geo|location),monitor
dbt/models/sources.yml,country,location,(country|region|territory|geo|location),monitor
dbt/models/sources.yml,location,location,(country|region|territory|geo|location),monitor
dbt/models/sources.yml,region,location,(country|region|territory|geo|location),monitor
dbt/models/sources.yml,region_mapping,location,(country|region|territory|geo|location),monitor
dbt/models/staging/stg_crm_leads.sql,region,location,(country|region|territory|geo|location),monitor
dbt/models/staging/stg_facebook_ads.sql,country,location,(country|region|territory|geo|location),monitor
dbt/models/staging/stg_ga4_events.sql,country,location,(country|region|territory|geo|location),monitor
dbt/models/staging/stg_ga4_events.sql,region,location,(country|region|territory|geo|location),monitor
dbt/models/staging/stg_ga4_live_ecommerce_items.sql,page_location,location,(country|region|territory|geo|location),monitor
dbt/models/staging/stg_ga4_live_events.sql,country,location,(country|region|territory|geo|location),monitor
dbt/models/staging/stg_ga4_live_events.sql,geo,location,(country|region|territory|geo|location),monitor
dbt/models/staging/stg_ga4_live_events.sql,page_location,location,(country|region|territory|geo|location),monitor
dbt/models/staging/stg_ga4_live_events.sql,region,location,(country|region|territory|geo|location),monitor
dbt/models/staging/stg_google_ads.sql,region,location,(country|region|territory|geo|location),monitor
dbt/models/staging/stg_marketing_targets.sql,region,location,(country|region|territory|geo|location),monitor
dbt/models/staging/stg_region_mapping.sql,country,location,(country|region|territory|geo|location),monitor
dbt/models/staging/stg_region_mapping.sql,region,location,(country|region|territory|geo|location),monitor
dbt/models/staging/stg_region_mapping.sql,region_mapping,location,(country|region|territory|geo|location),monitor
dbt/models/staging/stg_region_mapping.sql,sales_territory,location,(country|region|territory|geo|location),monitor
dbt/models/staging/stg_tiktok_ads.sql,country,location,(country|region|territory|geo|location),monitor
dbt/models/staging/stg_website_analytics.sql,country,location,(country|region|territory|geo|location),monitor
governance/generated/bi_release_certification.md,region,location,(country|region|territory|geo|location),monitor
governance/generated/data_classification_catalog.csv,geography,location,(country|region|territory|geo|location),monitor
governance/generated/data_classification_catalog.csv,region,location,(country|region|territory|geo|location),monitor
governance/generated/pii_discovery_report.csv,Region,location,(country|region|territory|geo|location),monitor
governance/generated/pii_discovery_report.csv,Regional,location,(country|region|territory|geo|location),monitor
governance/generated/pii_discovery_report.csv,allocation,location,(country|region|territory|geo|location),monitor
governance/generated/pii_discovery_report.csv,channel_allocation,location,(country|region|territory|geo|location),monitor
governance/generated/pii_discovery_report.csv,channel_region_target,location,(country|region|territory|geo|location),monitor
governance/generated/pii_discovery_report.csv,country,location,(country|region|territory|geo|location),monitor
governance/generated/pii_discovery_report.csv,dim_region,location,(country|region|territory|geo|location),monitor
governance/generated/pii_discovery_report.csv,geo,location,(country|region|territory|geo|location),monitor
governance/generated/pii_discovery_report.csv,geography,location,(country|region|territory|geo|location),monitor
governance/generated/pii_discovery_report.csv,location,location,(country|region|territory|geo|location),monitor
governance/generated/pii_discovery_report.csv,page_location,location,(country|region|territory|geo|location),monitor
governance/generated/pii_discovery_report.csv,reallocation,location,(country|region|territory|geo|location),monitor
governance/generated/pii_discovery_report.csv,region,location,(country|region|territory|geo|location),monitor
governance/generated/pii_discovery_report.csv,region_key,location,(country|region|territory|geo|location),monitor
governance/generated/pii_discovery_report.csv,region_mapping,location,(country|region|territory|geo|location),monitor
governance/generated/pii_discovery_report.csv,regional,location,(country|region|territory|geo|location),monitor
governance/generated/pii_discovery_report.csv,regions,location,(country|region|territory|geo|location),monitor
governance/generated/pii_discovery_report.csv,reporting_country,location,(country|region|territory|geo|location),monitor
governance/generated/pii_discovery_report.csv,reporting_region,location,(country|region|territory|geo|location),monitor
governance/generated/pii_discovery_report.csv,sales_territory,location,(country|region|territory|geo|location),monitor
governance/generated/pii_discovery_report.csv,stg_region_mapping,location,(country|region|territory|geo|location),monitor
governance/generated/pii_discovery_report.csv,territory,location,(country|region|territory|geo|location),monitor
governance/generated/pii_discovery_report.csv,warehouse_dim_region,location,(country|region|territory|geo|location),monitor
governance/generated/pii_discovery_report.csv,with_region,location,(country|region|territory|geo|location),monitor
semantic_layer/dashboard_build_guide.md,Region,location,(country|region|territory|geo|location),monitor
semantic_layer/dashboard_build_guide.md,regions,location,(country|region|territory|geo|location),monitor
semantic_layer/dashboard_measure_matrix.md,region,location,(country|region|territory|geo|location),monitor
semantic_layer/dashboard_measure_matrix.md,territory,location,(country|region|territory|geo|location),monitor
semantic_layer/dax_measure_catalog.md,region,location,(country|region|territory|geo|location),monitor
semantic_layer/dbt_metricflow/semantic_layer.yml,channel_region_target,location,(country|region|territory|geo|location),monitor
semantic_layer/dbt_metricflow/semantic_layer.yml,region,location,(country|region|territory|geo|location),monitor
semantic_layer/kpi_catalog.md,region,location,(country|region|territory|geo|location),monitor
semantic_layer/model_relationships.md,dim_region,location,(country|region|territory|geo|location),monitor
semantic_layer/model_relationships.md,region_key,location,(country|region|territory|geo|location),monitor
semantic_layer/powerbi/POWERBI_EVIDENCE.md,dim_region,location,(country|region|territory|geo|location),monitor
semantic_layer/powerbi/POWERBI_SETUP_GUIDE.md,dim_region,location,(country|region|territory|geo|location),monitor
semantic_layer/powerbi/POWERBI_SETUP_GUIDE.md,region,location,(country|region|territory|geo|location),monitor
semantic_layer/powerbi/POWERBI_SETUP_GUIDE.md,region_key,location,(country|region|territory|geo|location),monitor
semantic_layer/powerbi_export_manifest.yml,warehouse_dim_region,location,(country|region|territory|geo|location),monitor
semantic_layer/powerbi_pbip/semanticModel/README.md,dim_region,location,(country|region|territory|geo|location),monitor
semantic_layer/powerbi_tmdl/README.md,Regional,location,(country|region|territory|geo|location),monitor
semantic_layer/powerbi_tmdl/README.md,reallocation,location,(country|region|territory|geo|location),monitor
semantic_layer/powerbi_tmdl/README.md,regional,location,(country|region|territory|geo|location),monitor
semantic_layer/powerbi_tmdl/dashboard_pages.yml,Region,location,(country|region|territory|geo|location),monitor
semantic_layer/powerbi_tmdl/dashboard_pages.yml,reallocation,location,(country|region|territory|geo|location),monitor
semantic_layer/powerbi_tmdl/dashboard_pages.yml,region,location,(country|region|territory|geo|location),monitor
semantic_layer/powerbi_tmdl/dashboard_pages.yml,regional,location,(country|region|territory|geo|location),monitor
semantic_layer/powerbi_tmdl/roles.tmdl,Regional,location,(country|region|territory|geo|location),monitor
semantic_layer/powerbi_tmdl/roles.tmdl,dim_region,location,(country|region|territory|geo|location),monitor
semantic_layer/powerbi_tmdl/roles.tmdl,region,location,(country|region|territory|geo|location),monitor
semantic_layer/powerbi_tmdl/tables/dim_region.tmdl,country,location,(country|region|territory|geo|location),monitor
semantic_layer/powerbi_tmdl/tables/dim_region.tmdl,dim_region,location,(country|region|territory|geo|location),monitor
semantic_layer/powerbi_tmdl/tables/dim_region.tmdl,region,location,(country|region|territory|geo|location),monitor
semantic_layer/powerbi_tmdl/tables/dim_region.tmdl,region_key,location,(country|region|territory|geo|location),monitor
semantic_layer/powerbi_tmdl/tables/dim_region.tmdl,sales_territory,location,(country|region|territory|geo|location),monitor
semantic_layer/powerbi_tmdl/tables/dim_region.tmdl,territory,location,(country|region|territory|geo|location),monitor
semantic_layer/powerbi_tmdl/tables/mart_budget_scenarios.tmdl,channel_allocation,location,(country|region|territory|geo|location),monitor
semantic_layer/powerbi_tmdl/tables/mart_target_vs_actual.tmdl,region,location,(country|region|territory|geo|location),monitor
semantic_layer/star_schema_relationship_map.md,Regional,location,(country|region|territory|geo|location),monitor
semantic_layer/star_schema_relationship_map.md,dim_region,location,(country|region|territory|geo|location),monitor
semantic_layer/star_schema_relationship_map.md,region_key,location,(country|region|territory|geo|location),monitor
warehouse/postgres/init/00_create_schemas.sql,country,location,(country|region|territory|geo|location),monitor
warehouse/postgres/init/00_create_schemas.sql,dim_region,location,(country|region|territory|geo|location),monitor
warehouse/postgres/init/00_create_schemas.sql,region,location,(country|region|territory|geo|location),monitor
warehouse/postgres/init/00_create_schemas.sql,region_key,location,(country|region|territory|geo|location),monitor
warehouse/postgres/init/00_create_schemas.sql,sales_territory,location,(country|region|territory|geo|location),monitor
warehouse/postgres/init/01_indexes_and_comments.sql,region,location,(country|region|territory|geo|location),monitor
warehouse/postgres/views/security_views.sql,region_key,location,(country|region|territory|geo|location),monitor
